Area,Model,Dataset,Date,Actual,Predicted
Al Barsha South Fifth,ARIMA,Train,2022-09-01,7924.18,7924.18
Al Barsha South Fifth,ARIMA,Train,2022-10-01,10296.44,7924.179999999999
Al Barsha South Fifth,ARIMA,Train,2022-11-01,11258.24,10296.44
Al Barsha South Fifth,ARIMA,Train,2022-12-01,11128.12,11258.24
Al Barsha South Fifth,ARIMA,Train,2023-01-01,11641.96,11128.12
Al Barsha South Fifth,ARIMA,Train,2023-02-01,11494.23,11641.96
Al Barsha South Fifth,ARIMA,Train,2023-03-01,11290.8,11494.23
Al Barsha South Fifth,ARIMA,Train,2023-04-01,8611.12,11290.8
Al Barsha South Fifth,ARIMA,Train,2023-05-01,11719.45,8611.12
Al Barsha South Fifth,ARIMA,Train,2023-06-01,11233.645,11719.45
Al Barsha South Fifth,ARIMA,Train,2023-07-01,11488.59,11233.645
Al Barsha South Fifth,ARIMA,Train,2023-08-01,18861.89,11488.59
Al Barsha South Fifth,ARIMA,Train,2023-09-01,18171.61,18861.89
Al Barsha South Fifth,ARIMA,Train,2023-10-01,17386.53,18171.61
Al Barsha South Fifth,ARIMA,Train,2023-11-01,12991.77,17386.53
Al Barsha South Fifth,ARIMA,Train,2023-12-01,12347.56,12991.77
Al Barsha South Fifth,ARIMA,Train,2024-01-01,13144.61,12347.56
Al Barsha South Fifth,ARIMA,Train,2024-02-01,13381.68,13144.61
Al Barsha South Fifth,ARIMA,Train,2024-03-01,13831.0,13381.68
Al Barsha South Fifth,ARIMA,Train,2024-04-01,12839.19,13831.0
Al Barsha South Fifth,ARIMA,Train,2024-05-01,14414.41,12839.19
Al Barsha South Fifth,ARIMA,Train,2024-06-01,14109.85,14414.41
Al Barsha South Fifth,ARIMA,Train,2024-07-01,14989.52,14109.85
Al Barsha South Fifth,ARIMA,Train,2024-08-01,14577.26,14989.52
Al Barsha South Fifth,ARIMA,Train,2024-09-01,15090.58,14577.26
Al Barsha South Fifth,ARIMA,Train,2024-10-01,15534.66,15090.58
Al Barsha South Fifth,ARIMA,Train,2024-11-01,14850.95,15534.66
Al Barsha South Fifth,ARIMA,Train,2024-12-01,15578.25,14850.95
Al Barsha South Fifth,ARIMA,Test,2025-01-01,15252.28,15578.25
Al Barsha South Fifth,ARIMA,Test,2025-02-01,15123.29,15578.25
Al Barsha South Fifth,ARIMA,Test,2025-03-01,15317.244999999999,15578.25
Al Barsha South Fifth,ARIMA,Test,2025-04-01,15022.45,15578.25
Al Barsha South Fifth,ARIMA,Test,2025-05-01,14588.810000000001,15578.25
Al Barsha South Fifth,ARIMA,Test,2025-06-01,15181.51,15578.25
Al Barsha South Fifth,ARIMA,Test,2025-07-01,15384.96,15578.25
Al Barsha South Fifth,ARIMA,Test,2025-08-01,15727.49,15578.25
Al Barsha South Fifth,SARIMA,Train,2022-09-01,7924.18,7924.18
Al Barsha South Fifth,SARIMA,Train,2022-10-01,10296.44,10625.84002978162
Al Barsha South Fifth,SARIMA,Train,2022-11-01,11258.24,11364.834400753423
Al Barsha South Fifth,SARIMA,Train,2022-12-01,11128.12,11687.885374524993
Al Barsha South Fifth,SARIMA,Train,2023-01-01,11641.96,11102.779287942154
Al Barsha South Fifth,SARIMA,Train,2023-02-01,11494.23,11821.077202385748
Al Barsha South Fifth,SARIMA,Train,2023-03-01,11290.8,11423.95773464686
Al Barsha South Fifth,SARIMA,Train,2023-04-01,8611.12,11149.075535075282
Al Barsha South Fifth,SARIMA,Train,2023-05-01,11719.45,7459.847089374263
Al Barsha South Fifth,SARIMA,Train,2023-06-01,11233.645,12493.547692132475
Al Barsha South Fifth,SARIMA,Train,2023-07-01,11488.59,10397.79835521423
Al Barsha South Fifth,SARIMA,Train,2023-08-01,18861.89,9902.45480188807
Al Barsha South Fifth,SARIMA,Train,2023-09-01,18171.61,23258.7461786641
Al Barsha South Fifth,SARIMA,Train,2023-10-01,17386.53,17668.672549083258
Al Barsha South Fifth,SARIMA,Train,2023-11-01,12991.77,17051.908613826814
Al Barsha South Fifth,SARIMA,Train,2023-12-01,12347.56,11041.327628893741
Al Barsha South Fifth,SARIMA,Train,2024-01-01,13144.61,12267.365602964015
Al Barsha South Fifth,SARIMA,Train,2024-02-01,13381.68,13288.782050975013
Al Barsha South Fifth,SARIMA,Train,2024-03-01,13831.0,13532.062054277048
Al Barsha South Fifth,SARIMA,Train,2024-04-01,12839.19,12840.661327006248
Al Barsha South Fifth,SARIMA,Train,2024-05-01,14414.41,14250.248881820607
Al Barsha South Fifth,SARIMA,Train,2024-06-01,14109.85,14172.769577216734
Al Barsha South Fifth,SARIMA,Train,2024-07-01,14989.52,13961.478651068288
Al Barsha South Fifth,SARIMA,Train,2024-08-01,14577.26,18612.18255248274
Al Barsha South Fifth,SARIMA,Train,2024-09-01,15090.58,17543.357209569574
Al Barsha South Fifth,SARIMA,Train,2024-10-01,15534.66,15114.494629326053
Al Barsha South Fifth,SARIMA,Train,2024-11-01,14850.95,14606.750503393747
Al Barsha South Fifth,SARIMA,Train,2024-12-01,15578.25,14479.193539007787
Al Barsha South Fifth,SARIMA,Test,2025-01-01,15252.28,16604.520255783515
Al Barsha South Fifth,SARIMA,Test,2025-02-01,15123.29,16751.179523813382
Al Barsha South Fifth,SARIMA,Test,2025-03-01,15317.244999999999,16804.27136258855
Al Barsha South Fifth,SARIMA,Test,2025-04-01,15022.45,14604.573652167304
Al Barsha South Fifth,SARIMA,Test,2025-05-01,14588.810000000001,17327.919553900017
Al Barsha South Fifth,SARIMA,Test,2025-06-01,15181.51,16896.969025786635
Al Barsha South Fifth,SARIMA,Test,2025-07-01,15384.96,17318.84394942537
Al Barsha South Fifth,SARIMA,Test,2025-08-01,15727.49,22653.80387813905
Al Barsha South Fifth,Prophet,Train,2022-09-01,7924.18,11426.72470473181
Al Barsha South Fifth,Prophet,Train,2022-10-01,10296.44,12080.016027970989
Al Barsha South Fifth,Prophet,Train,2022-11-01,11258.24,10517.628428124426
Al Barsha South Fifth,Prophet,Train,2022-12-01,11128.12,10480.06632971769
Al Barsha South Fifth,Prophet,Train,2023-01-01,11641.96,11593.717217557798
Al Barsha South Fifth,Prophet,Train,2023-02-01,11494.23,10386.147518495036
Al Barsha South Fifth,Prophet,Train,2023-03-01,11290.8,11806.918570447162
Al Barsha South Fifth,Prophet,Train,2023-04-01,8611.12,8997.961786351992
Al Barsha South Fifth,Prophet,Train,2023-05-01,11719.45,11822.479080756213
Al Barsha South Fifth,Prophet,Train,2023-06-01,11233.645,10948.553591288515
Al Barsha South Fifth,Prophet,Train,2023-07-01,11488.59,10834.186968507145
Al Barsha South Fifth,Prophet,Train,2023-08-01,18861.89,17944.097681691477
Al Barsha South Fifth,Prophet,Train,2023-09-01,18171.61,14769.72903986
Al Barsha South Fifth,Prophet,Train,2023-10-01,17386.53,15208.748691437348
Al Barsha South Fifth,Prophet,Train,2023-11-01,12991.77,12744.232868889549
Al Barsha South Fifth,Prophet,Train,2023-12-01,12347.56,12385.246492163424
Al Barsha South Fifth,Prophet,Train,2024-01-01,13144.61,13183.28366874396
Al Barsha South Fifth,Prophet,Train,2024-02-01,13381.68,14480.730960888297
Al Barsha South Fifth,Prophet,Train,2024-03-01,13831.0,13317.0049954475
Al Barsha South Fifth,Prophet,Train,2024-04-01,12839.19,12456.889119703821
Al Barsha South Fifth,Prophet,Train,2024-05-01,14414.41,14320.187580770087
Al Barsha South Fifth,Prophet,Train,2024-06-01,14109.85,14405.32099351057
Al Barsha South Fifth,Prophet,Train,2024-07-01,14989.52,15650.825410053112
Al Barsha South Fifth,Prophet,Train,2024-08-01,14577.26,15500.556935270415
Al Barsha South Fifth,Prophet,Train,2024-09-01,15090.58,14992.161109450786
Al Barsha South Fifth,Prophet,Train,2024-10-01,15534.66,15922.934195654427
Al Barsha South Fifth,Prophet,Train,2024-11-01,14850.95,15833.440525976377
Al Barsha South Fifth,Prophet,Train,2024-12-01,15578.25,16178.441387452496
Al Barsha South Fifth,Prophet,Test,2025-01-01,15252.28,17693.484536205906
Al Barsha South Fifth,Prophet,Test,2025-02-01,15123.29,11091.607891624972
Al Barsha South Fifth,Prophet,Test,2025-03-01,15317.244999999999,15149.244253477396
Al Barsha South Fifth,Prophet,Test,2025-04-01,15022.45,13589.785745495197
Al Barsha South Fifth,Prophet,Test,2025-05-01,14588.810000000001,15727.242787657737
Al Barsha South Fifth,Prophet,Test,2025-06-01,15181.51,15450.197615757479
Al Barsha South Fifth,Prophet,Test,2025-07-01,15384.96,16167.992703315
Al Barsha South Fifth,Prophet,Test,2025-08-01,15727.49,18408.3465650977
Al Barsha South Fourth,ARIMA,Train,2022-09-01,9386.52,142.12037037037035
Al Barsha South Fourth,ARIMA,Train,2022-10-01,9095.95,9528.64037037037
Al Barsha South Fourth,ARIMA,Train,2022-11-01,9430.78,9238.070370370371
Al Barsha South Fourth,ARIMA,Train,2022-12-01,10175.29,9572.900370370371
Al Barsha South Fourth,ARIMA,Train,2023-01-01,11341.27,10317.410370370371
Al Barsha South Fourth,ARIMA,Train,2023-02-01,10940.455,11483.39037037037
Al Barsha South Fourth,ARIMA,Train,2023-03-01,11045.91,11082.57537037037
Al Barsha South Fourth,ARIMA,Train,2023-04-01,11467.29,11188.03037037037
Al Barsha South Fourth,ARIMA,Train,2023-05-01,11153.235,11609.410370370371
Al Barsha South Fourth,ARIMA,Train,2023-06-01,11508.365,11295.355370370371
Al Barsha South Fourth,ARIMA,Train,2023-07-01,11765.46,11650.48537037037
Al Barsha South Fourth,ARIMA,Train,2023-08-01,12189.56,11907.58037037037
Al Barsha South Fourth,ARIMA,Train,2023-09-01,13009.52,12331.68037037037
Al Barsha South Fourth,ARIMA,Train,2023-10-01,12713.91,13151.64037037037
Al Barsha South Fourth,ARIMA,Train,2023-11-01,13026.82,12856.03037037037
Al Barsha South Fourth,ARIMA,Train,2023-12-01,13061.695,13168.94037037037
Al Barsha South Fourth,ARIMA,Train,2024-01-01,13131.48,13203.81537037037
Al Barsha South Fourth,ARIMA,Train,2024-02-01,13127.775,13273.60037037037
Al Barsha South Fourth,ARIMA,Train,2024-03-01,13063.665,13269.89537037037
Al Barsha South Fourth,ARIMA,Train,2024-04-01,13357.3,13205.785370370371
Al Barsha South Fourth,ARIMA,Train,2024-05-01,13311.68,13499.42037037037
Al Barsha South Fourth,ARIMA,Train,2024-06-01,12691.814999999999,13453.80037037037
Al Barsha South Fourth,ARIMA,Train,2024-07-01,13544.735,12833.93537037037
Al Barsha South Fourth,ARIMA,Train,2024-08-01,14508.05,13686.855370370371
Al Barsha South Fourth,ARIMA,Train,2024-09-01,13524.48,14650.17037037037
Al Barsha South Fourth,ARIMA,Train,2024-10-01,13198.13,13666.60037037037
Al Barsha South Fourth,ARIMA,Train,2024-11-01,13428.34,13340.25037037037
Al Barsha South Fourth,ARIMA,Train,2024-12-01,13223.77,13570.46037037037
Al Barsha South Fourth,ARIMA,Test,2025-01-01,13956.92,13365.89037037037
Al Barsha South Fourth,ARIMA,Test,2025-02-01,14350.05,13508.010740740741
Al Barsha South Fourth,ARIMA,Test,2025-03-01,14817.45,13650.131111111112
Al Barsha South Fourth,ARIMA,Test,2025-04-01,14622.775,13792.251481481482
Al Barsha South Fourth,ARIMA,Test,2025-05-01,14934.06,13934.371851851853
Al Barsha South Fourth,ARIMA,Test,2025-06-01,15243.715,14076.492222222223
Al Barsha South Fourth,ARIMA,Test,2025-07-01,14374.744999999999,14218.612592592594
Al Barsha South Fourth,ARIMA,Test,2025-08-01,15459.58,14360.732962962964
Al Barsha South Fourth,SARIMA,Train,2022-09-01,9386.52,9386.52
Al Barsha South Fourth,SARIMA,Train,2022-10-01,9095.95,9386.520000000126
Al Barsha South Fourth,SARIMA,Train,2022-11-01,9430.78,9095.950000000048
Al Barsha South Fourth,SARIMA,Train,2022-12-01,10175.29,9430.780000000035
Al Barsha South Fourth,SARIMA,Train,2023-01-01,11341.27,10175.29000000005
Al Barsha South Fourth,SARIMA,Train,2023-02-01,10940.455,11341.270000000033
Al Barsha South Fourth,SARIMA,Train,2023-03-01,11045.91,10940.45499999998
Al Barsha South Fourth,SARIMA,Train,2023-04-01,11467.29,11045.910000000013
Al Barsha South Fourth,SARIMA,Train,2023-05-01,11153.235,11467.290000000025
Al Barsha South Fourth,SARIMA,Train,2023-06-01,11508.365,11153.235000000013
Al Barsha South Fourth,SARIMA,Train,2023-07-01,11765.46,11508.365000000065
Al Barsha South Fourth,SARIMA,Train,2023-08-01,12189.56,11765.46000000016
Al Barsha South Fourth,SARIMA,Train,2023-09-01,13009.52,19311.24993679715
Al Barsha South Fourth,SARIMA,Train,2023-10-01,12713.91,12641.093761048849
Al Barsha South Fourth,SARIMA,Train,2023-11-01,13026.82,13138.455402443507
Al Barsha South Fourth,SARIMA,Train,2023-12-01,13061.695,13970.81634911214
Al Barsha South Fourth,SARIMA,Train,2024-01-01,13131.48,14540.091345432225
Al Barsha South Fourth,SARIMA,Train,2024-02-01,13127.775,12623.269369290676
Al Barsha South Fourth,SARIMA,Train,2024-03-01,13063.665,13261.485944105012
Al Barsha South Fourth,SARIMA,Train,2024-04-01,13357.3,13597.950881437275
Al Barsha South Fourth,SARIMA,Train,2024-05-01,13311.68,12959.096116344419
Al Barsha South Fourth,SARIMA,Train,2024-06-01,12691.814999999999,13761.964648238698
Al Barsha South Fourth,SARIMA,Train,2024-07-01,13544.735,13017.796842251904
Al Barsha South Fourth,SARIMA,Train,2024-08-01,14508.05,14082.46968678519
Al Barsha South Fourth,SARIMA,Train,2024-09-01,13524.48,14316.071816751866
Al Barsha South Fourth,SARIMA,Train,2024-10-01,13198.13,13224.763183558633
Al Barsha South Fourth,SARIMA,Train,2024-11-01,13428.34,13493.17860785819
Al Barsha South Fourth,SARIMA,Train,2024-12-01,13223.77,12884.972800522268
Al Barsha South Fourth,SARIMA,Test,2025-01-01,13956.92,12400.326498225857
Al Barsha South Fourth,SARIMA,Test,2025-02-01,14350.05,12720.204410335045
Al Barsha South Fourth,SARIMA,Test,2025-03-01,14817.45,12517.925297263622
Al Barsha South Fourth,SARIMA,Test,2025-04-01,14622.775,12707.467982521135
Al Barsha South Fourth,SARIMA,Test,2025-05-01,14934.06,12880.580774473063
Al Barsha South Fourth,SARIMA,Test,2025-06-01,15243.715,11466.246429979354
Al Barsha South Fourth,SARIMA,Test,2025-07-01,14374.744999999999,12804.67117326826
Al Barsha South Fourth,SARIMA,Test,2025-08-01,15459.58,14207.362567599688
Al Barsha South Fourth,Prophet,Train,2022-09-01,9386.52,9351.674037830524
Al Barsha South Fourth,Prophet,Train,2022-10-01,9095.95,9143.255320357819
Al Barsha South Fourth,Prophet,Train,2022-11-01,9430.78,9625.067026510444
Al Barsha South Fourth,Prophet,Train,2022-12-01,10175.29,10042.349600878537
Al Barsha South Fourth,Prophet,Train,2023-01-01,11341.27,11267.91009437044
Al Barsha South Fourth,Prophet,Train,2023-02-01,10940.455,10774.93837039367
Al Barsha South Fourth,Prophet,Train,2023-03-01,11045.91,11117.783713768005
Al Barsha South Fourth,Prophet,Train,2023-04-01,11467.29,11535.385500606835
Al Barsha South Fourth,Prophet,Train,2023-05-01,11153.235,11208.21080433265
Al Barsha South Fourth,Prophet,Train,2023-06-01,11508.365,11541.008522634236
Al Barsha South Fourth,Prophet,Train,2023-07-01,11765.46,11773.529668682
Al Barsha South Fourth,Prophet,Train,2023-08-01,12189.56,12175.991669726838
Al Barsha South Fourth,Prophet,Train,2023-09-01,13009.52,13004.00507307939
Al Barsha South Fourth,Prophet,Train,2023-10-01,12713.91,12650.16770807841
Al Barsha South Fourth,Prophet,Train,2023-11-01,13026.82,12876.64061849519
Al Barsha South Fourth,Prophet,Train,2023-12-01,13061.695,13149.895781560157
Al Barsha South Fourth,Prophet,Train,2024-01-01,13131.48,13204.177239621828
Al Barsha South Fourth,Prophet,Train,2024-02-01,13127.775,13292.351675579754
Al Barsha South Fourth,Prophet,Train,2024-03-01,13063.665,12991.94403019068
Al Barsha South Fourth,Prophet,Train,2024-04-01,13357.3,13289.268605811323
Al Barsha South Fourth,Prophet,Train,2024-05-01,13311.68,13257.258787725748
Al Barsha South Fourth,Prophet,Train,2024-06-01,12691.814999999999,12659.685201938564
Al Barsha South Fourth,Prophet,Train,2024-07-01,13544.735,13537.258816150515
Al Barsha South Fourth,Prophet,Train,2024-08-01,14508.05,14522.038303750163
Al Barsha South Fourth,Prophet,Train,2024-09-01,13524.48,13565.119611724698
Al Barsha South Fourth,Prophet,Train,2024-10-01,13198.13,13214.432369842501
Al Barsha South Fourth,Prophet,Train,2024-11-01,13428.34,13383.745818426285
Al Barsha South Fourth,Prophet,Train,2024-12-01,13223.77,13267.979769901245
Al Barsha South Fourth,Prophet,Test,2025-01-01,13956.92,16045.465749881174
Al Barsha South Fourth,Prophet,Test,2025-02-01,14350.05,13806.344618422288
Al Barsha South Fourth,Prophet,Test,2025-03-01,14817.45,13968.626620068111
Al Barsha South Fourth,Prophet,Test,2025-04-01,14622.775,14243.963198925037
Al Barsha South Fourth,Prophet,Test,2025-05-01,14934.06,14048.793546358771
Al Barsha South Fourth,Prophet,Test,2025-06-01,15243.715,13698.09198674149
Al Barsha South Fourth,Prophet,Test,2025-07-01,14374.744999999999,14301.526742873004
Al Barsha South Fourth,Prophet,Test,2025-08-01,15459.58,15016.856340982844
Al Barshaa South Third,ARIMA,Train,2022-09-01,12485.23,12485.23
Al Barshaa South Third,ARIMA,Train,2022-10-01,12299.470000000001,12485.23
Al Barshaa South Third,ARIMA,Train,2022-11-01,10494.900000000001,12299.470000000001
Al Barshaa South Third,ARIMA,Train,2022-12-01,8983.35,10494.900000000001
Al Barshaa South Third,ARIMA,Train,2023-01-01,10565.11,8983.35
Al Barshaa South Third,ARIMA,Train,2023-02-01,11256.145,10565.11
Al Barshaa South Third,ARIMA,Train,2023-03-01,11121.37,11256.145
Al Barshaa South Third,ARIMA,Train,2023-04-01,11486.759999999998,11121.37
Al Barshaa South Third,ARIMA,Train,2023-05-01,14704.015,11486.759999999998
Al Barshaa South Third,ARIMA,Train,2023-06-01,14085.275,14704.015
Al Barshaa South Third,ARIMA,Train,2023-07-01,12788.99,14085.275
Al Barshaa South Third,ARIMA,Train,2023-08-01,14962.67,12788.99
Al Barshaa South Third,ARIMA,Train,2023-09-01,14823.86,14962.67
Al Barshaa South Third,ARIMA,Train,2023-10-01,12006.47,14823.86
Al Barshaa South Third,ARIMA,Train,2023-11-01,12594.77,12006.47
Al Barshaa South Third,ARIMA,Train,2023-12-01,11662.95,12594.77
Al Barshaa South Third,ARIMA,Train,2024-01-01,12682.75,11662.95
Al Barshaa South Third,ARIMA,Train,2024-02-01,13696.33,12682.75
Al Barshaa South Third,ARIMA,Train,2024-03-01,13450.48,13696.33
Al Barshaa South Third,ARIMA,Train,2024-04-01,13796.74,13450.48
Al Barshaa South Third,ARIMA,Train,2024-05-01,13621.59,13796.74
Al Barshaa South Third,ARIMA,Train,2024-06-01,14070.19,13621.59
Al Barshaa South Third,ARIMA,Train,2024-07-01,14241.63,14070.19
Al Barshaa South Third,ARIMA,Train,2024-08-01,14255.015,14241.63
Al Barshaa South Third,ARIMA,Train,2024-09-01,13539.325,14255.015
Al Barshaa South Third,ARIMA,Train,2024-10-01,14221.39,13539.325
Al Barshaa South Third,ARIMA,Train,2024-11-01,13460.915,14221.39
Al Barshaa South Third,ARIMA,Train,2024-12-01,14190.33,13460.915
Al Barshaa South Third,ARIMA,Test,2025-01-01,13971.79,14190.33
Al Barshaa South Third,ARIMA,Test,2025-02-01,13739.82,14190.33
Al Barshaa South Third,ARIMA,Test,2025-03-01,13664.25,14190.33
Al Barshaa South Third,ARIMA,Test,2025-04-01,14596.85,14190.33
Al Barshaa South Third,ARIMA,Test,2025-05-01,13952.35,14190.33
Al Barshaa South Third,ARIMA,Test,2025-06-01,14209.25,14190.33
Al Barshaa South Third,ARIMA,Test,2025-07-01,14436.654999999999,14190.33
Al Barshaa South Third,ARIMA,Test,2025-08-01,13962.48,14190.33
Al Barshaa South Third,SARIMA,Train,2022-09-01,12485.23,12485.23
Al Barshaa South Third,SARIMA,Train,2022-10-01,12299.470000000001,12485.229999999998
Al Barshaa South Third,SARIMA,Train,2022-11-01,10494.900000000001,12299.470000000001
Al Barshaa South Third,SARIMA,Train,2022-12-01,8983.35,10494.900000000001
Al Barshaa South Third,SARIMA,Train,2023-01-01,10565.11,8983.35
Al Barshaa South Third,SARIMA,Train,2023-02-01,11256.145,10565.11
Al Barshaa South Third,SARIMA,Train,2023-03-01,11121.37,11256.145
Al Barshaa South Third,SARIMA,Train,2023-04-01,11486.759999999998,11121.37
Al Barshaa South Third,SARIMA,Train,2023-05-01,14704.015,11486.759999999998
Al Barshaa South Third,SARIMA,Train,2023-06-01,14085.275,14704.015
Al Barshaa South Third,SARIMA,Train,2023-07-01,12788.99,14085.275
Al Barshaa South Third,SARIMA,Train,2023-08-01,14962.67,12788.99
Al Barshaa South Third,SARIMA,Train,2023-09-01,14823.86,22215.676553930745
Al Barshaa South Third,SARIMA,Train,2023-10-01,12006.47,14689.139780887443
Al Barshaa South Third,SARIMA,Train,2023-11-01,12594.77,10697.727182364584
Al Barshaa South Third,SARIMA,Train,2023-12-01,11662.95,11498.536434110723
Al Barshaa South Third,SARIMA,Train,2024-01-01,12682.75,12810.102528980862
Al Barshaa South Third,SARIMA,Train,2024-02-01,13696.33,13183.914871955474
Al Barshaa South Third,SARIMA,Train,2024-03-01,13450.48,13598.586042577006
Al Barshaa South Third,SARIMA,Train,2024-04-01,13796.74,13715.47472901345
Al Barshaa South Third,SARIMA,Train,2024-05-01,13621.59,16130.01572427317
Al Barshaa South Third,SARIMA,Train,2024-06-01,14070.19,13172.856212458515
Al Barshaa South Third,SARIMA,Train,2024-07-01,14241.63,13130.074801720895
Al Barshaa South Third,SARIMA,Train,2024-08-01,14255.015,15818.065432173731
Al Barshaa South Third,SARIMA,Train,2024-09-01,13539.325,16717.535207473837
Al Barshaa South Third,SARIMA,Train,2024-10-01,14221.39,11812.166909364474
Al Barshaa South Third,SARIMA,Train,2024-11-01,13460.915,14038.735398001743
Al Barshaa South Third,SARIMA,Train,2024-12-01,14190.33,12462.277638749674
Al Barshaa South Third,SARIMA,Test,2025-01-01,13971.79,15261.88582616332
Al Barshaa South Third,SARIMA,Test,2025-02-01,13739.82,16067.221290285175
Al Barshaa South Third,SARIMA,Test,2025-03-01,13664.25,15881.561305000192
Al Barshaa South Third,SARIMA,Test,2025-04-01,14596.85,16194.79525304855
Al Barshaa South Third,SARIMA,Test,2025-05-01,13952.35,17039.064708382568
Al Barshaa South Third,SARIMA,Test,2025-06-01,14209.25,17122.989959556427
Al Barshaa South Third,SARIMA,Test,2025-07-01,14436.654999999999,16842.696035829536
Al Barshaa South Third,SARIMA,Test,2025-08-01,13962.48,17491.301766029886
Al Barshaa South Third,Prophet,Train,2022-09-01,12485.23,12586.025052698786
Al Barshaa South Third,Prophet,Train,2022-10-01,12299.470000000001,11516.161432054096
Al Barshaa South Third,Prophet,Train,2022-11-01,10494.900000000001,11008.785734234698
Al Barshaa South Third,Prophet,Train,2022-12-01,8983.35,10261.228774729128
Al Barshaa South Third,Prophet,Train,2023-01-01,10565.11,10631.061817718686
Al Barshaa South Third,Prophet,Train,2023-02-01,11256.145,11565.401671547683
Al Barshaa South Third,Prophet,Train,2023-03-01,11121.37,10927.564827230955
Al Barshaa South Third,Prophet,Train,2023-04-01,11486.759999999998,11223.742986980704
Al Barshaa South Third,Prophet,Train,2023-05-01,14704.015,14394.230063155162
Al Barshaa South Third,Prophet,Train,2023-06-01,14085.275,13766.47114939991
Al Barshaa South Third,Prophet,Train,2023-07-01,12788.99,12501.658171763298
Al Barshaa South Third,Prophet,Train,2023-08-01,14962.67,14745.883969111515
Al Barshaa South Third,Prophet,Train,2023-09-01,14823.86,14609.981238489616
Al Barshaa South Third,Prophet,Train,2023-10-01,12006.47,12448.495647434349
Al Barshaa South Third,Prophet,Train,2023-11-01,12594.77,12221.398624401074
Al Barshaa South Third,Prophet,Train,2023-12-01,11662.95,10808.810984594671
Al Barshaa South Third,Prophet,Train,2024-01-01,12682.75,12617.966513047979
Al Barshaa South Third,Prophet,Train,2024-02-01,13696.33,13389.788534105339
Al Barshaa South Third,Prophet,Train,2024-03-01,13450.48,13645.331127891315
Al Barshaa South Third,Prophet,Train,2024-04-01,13796.74,14061.559657532498
Al Barshaa South Third,Prophet,Train,2024-05-01,13621.59,13931.36202269905
Al Barshaa South Third,Prophet,Train,2024-06-01,14070.19,14389.229986717952
Al Barshaa South Third,Prophet,Train,2024-07-01,14241.63,14526.974825190735
Al Barshaa South Third,Prophet,Train,2024-08-01,14255.015,14470.075769175268
Al Barshaa South Third,Prophet,Train,2024-09-01,13539.325,13650.646444592148
Al Barshaa South Third,Prophet,Train,2024-10-01,14221.39,14561.240754784933
Al Barshaa South Third,Prophet,Train,2024-11-01,13460.915,13319.251814570285
Al Barshaa South Third,Prophet,Train,2024-12-01,14190.33,13765.917310805198
Al Barshaa South Third,Prophet,Test,2025-01-01,13971.79,11058.709664381155
Al Barshaa South Third,Prophet,Test,2025-02-01,13739.82,12010.192698627383
Al Barshaa South Third,Prophet,Test,2025-03-01,13664.25,13846.548506889232
Al Barshaa South Third,Prophet,Test,2025-04-01,14596.85,14172.91800628615
Al Barshaa South Third,Prophet,Test,2025-05-01,13952.35,15120.957672863922
Al Barshaa South Third,Prophet,Test,2025-06-01,14209.25,15210.030466800215
Al Barshaa South Third,Prophet,Test,2025-07-01,14436.654999999999,14846.806066167339
Al Barshaa South Third,Prophet,Test,2025-08-01,13962.48,15529.696366685464
Al Hebiah First,ARIMA,Train,2022-09-01,6280.16,6280.16
Al Hebiah First,ARIMA,Train,2022-10-01,6674.12,5366.692822032465
Al Hebiah First,ARIMA,Train,2022-11-01,6890.74,3217.597425873897
Al Hebiah First,ARIMA,Train,2022-12-01,7305.685,8378.45201718187
Al Hebiah First,ARIMA,Train,2023-01-01,6142.145,6300.042067845873
Al Hebiah First,ARIMA,Train,2023-02-01,5708.35,6480.924028298684
Al Hebiah First,ARIMA,Train,2023-03-01,6864.53,6237.4038981545655
Al Hebiah First,ARIMA,Train,2023-04-01,6657.7,6831.6088887755495
Al Hebiah First,ARIMA,Train,2023-05-01,7795.75,5939.62544822019
Al Hebiah First,ARIMA,Train,2023-06-01,8335.75,8385.68681186855
Al Hebiah First,ARIMA,Train,2023-07-01,7320.64,7257.576453686897
Al Hebiah First,ARIMA,Train,2023-08-01,7657.585,7624.55598430417
Al Hebiah First,ARIMA,Train,2023-09-01,9705.65,8121.4541723581
Al Hebiah First,ARIMA,Train,2023-10-01,7509.77,9237.540238138792
Al Hebiah First,ARIMA,Train,2023-11-01,7098.07,6461.4639421879965
Al Hebiah First,ARIMA,Train,2023-12-01,6646.36,9132.759081685492
Al Hebiah First,ARIMA,Train,2024-01-01,6727.3,5650.290386248871
Al Hebiah First,ARIMA,Train,2024-02-01,7017.34,7628.211541091392
Al Hebiah First,ARIMA,Train,2024-03-01,7882.68,6416.409335728425
Al Hebiah First,ARIMA,Train,2024-04-01,7673.96,8080.951115977826
Al Hebiah First,ARIMA,Train,2024-05-01,7565.19,6998.545722964334
Al Hebiah First,ARIMA,Train,2024-06-01,7241.465,8111.519161800068
Al Hebiah First,ARIMA,Train,2024-07-01,7417.16,6969.782746578315
Al Hebiah First,ARIMA,Train,2024-08-01,9083.970000000001,7792.761684111984
Al Hebiah First,ARIMA,Train,2024-09-01,19697.945,8766.844443473878
Al Hebiah First,ARIMA,Train,2024-10-01,20370.714999999997,18995.519779752492
Al Hebiah First,ARIMA,Train,2024-11-01,11717.99,14062.90456590028
Al Hebiah First,ARIMA,Train,2024-12-01,20021.15,15035.757144423542
Al Hebiah First,ARIMA,Test,2025-01-01,13724.015,23611.244205102885
Al Hebiah First,ARIMA,Test,2025-02-01,20074.67,16178.561724743759
Al Hebiah First,ARIMA,Test,2025-03-01,20236.345,18351.336918194687
Al Hebiah First,ARIMA,Test,2025-04-01,19105.885000000002,21775.58793127564
Al Hebiah First,ARIMA,Test,2025-05-01,20989.6,18340.96231935825
Al Hebiah First,ARIMA,Test,2025-06-01,21151.33,18222.36464212903
Al Hebiah First,ARIMA,Test,2025-07-01,21151.3,20477.722919265605
Al Hebiah First,ARIMA,Test,2025-08-01,20774.45,19201.054640824328
Al Hebiah First,SARIMA,Train,2022-09-01,6280.16,6280.16
Al Hebiah First,SARIMA,Train,2022-10-01,6674.12,3250.206099654397
Al Hebiah First,SARIMA,Train,2022-11-01,6890.74,4521.0230738923765
Al Hebiah First,SARIMA,Train,2022-12-01,7305.685,5249.491956756729
Al Hebiah First,SARIMA,Train,2023-01-01,6142.145,5815.797015586027
Al Hebiah First,SARIMA,Train,2023-02-01,5708.35,5900.065906428033
Al Hebiah First,SARIMA,Train,2023-03-01,6864.53,5852.398472716205
Al Hebiah First,SARIMA,Train,2023-04-01,6657.7,6098.533237913244
Al Hebiah First,SARIMA,Train,2023-05-01,7795.75,6232.761410614945
Al Hebiah First,SARIMA,Train,2023-06-01,8335.75,6605.121379075085
Al Hebiah First,SARIMA,Train,2023-07-01,7320.64,7015.593737484611
Al Hebiah First,SARIMA,Train,2023-08-01,7657.585,12194.193777428125
Al Hebiah First,SARIMA,Train,2023-09-01,9705.65,7657.585125861381
Al Hebiah First,SARIMA,Train,2023-10-01,7509.77,8775.438141310837
Al Hebiah First,SARIMA,Train,2023-11-01,7098.07,8234.03197898007
Al Hebiah First,SARIMA,Train,2023-12-01,6646.36,7795.20080022821
Al Hebiah First,SARIMA,Train,2024-01-01,6727.3,7369.7992137856745
Al Hebiah First,SARIMA,Train,2024-02-01,7017.34,7136.012850371131
Al Hebiah First,SARIMA,Train,2024-03-01,7882.68,7093.140777726216
Al Hebiah First,SARIMA,Train,2024-04-01,7673.96,7377.530558044201
Al Hebiah First,SARIMA,Train,2024-05-01,7565.19,7484.174213240995
Al Hebiah First,SARIMA,Train,2024-06-01,7241.465,7513.306005348173
Al Hebiah First,SARIMA,Train,2024-07-01,7417.16,7415.576904028503
Al Hebiah First,SARIMA,Train,2024-08-01,9083.970000000001,7416.145984236881
Al Hebiah First,SARIMA,Train,2024-09-01,19697.945,14295.831633011629
Al Hebiah First,SARIMA,Train,2024-10-01,20370.714999999997,16631.63920647816
Al Hebiah First,SARIMA,Train,2024-11-01,11717.99,17976.526337558967
Al Hebiah First,SARIMA,Train,2024-12-01,20021.15,16686.44598240675
Al Hebiah First,SARIMA,Test,2025-01-01,13724.015,16378.503991212994
Al Hebiah First,SARIMA,Test,2025-02-01,20074.67,15944.70899493558
Al Hebiah First,SARIMA,Test,2025-03-01,20236.345,17100.88899343983
Al Hebiah First,SARIMA,Test,2025-04-01,19105.885000000002,16894.058993430106
Al Hebiah First,SARIMA,Test,2025-05-01,20989.6,18032.108987017884
Al Hebiah First,SARIMA,Test,2025-06-01,21151.33,18572.108982575865
Al Hebiah First,SARIMA,Test,2025-07-01,21151.3,17556.998988700012
Al Hebiah First,SARIMA,Test,2025-08-01,20774.45,17893.943995522877
Al Hebiah First,Prophet,Train,2022-09-01,6280.16,8021.8544265087985
Al Hebiah First,Prophet,Train,2022-10-01,6674.12,7487.712683217655
Al Hebiah First,Prophet,Train,2022-11-01,6890.74,5585.753788140491
Al Hebiah First,Prophet,Train,2022-12-01,7305.685,7232.819905219637
Al Hebiah First,Prophet,Train,2023-01-01,6142.145,2542.9705085717924
Al Hebiah First,Prophet,Train,2023-02-01,5708.35,5800.149438686693
Al Hebiah First,Prophet,Train,2023-03-01,6864.53,5601.0650690628445
Al Hebiah First,Prophet,Train,2023-04-01,6657.7,4689.437016283933
Al Hebiah First,Prophet,Train,2023-05-01,7795.75,5726.706718909748
Al Hebiah First,Prophet,Train,2023-06-01,8335.75,6779.343370440483
Al Hebiah First,Prophet,Train,2023-07-01,7320.64,6699.321516423236
Al Hebiah First,Prophet,Train,2023-08-01,7657.585,8167.204840453572
Al Hebiah First,Prophet,Train,2023-09-01,9705.65,10171.453866964703
Al Hebiah First,Prophet,Train,2023-10-01,7509.77,9366.564164093563
Al Hebiah First,Prophet,Train,2023-11-01,7098.07,10569.462226340429
Al Hebiah First,Prophet,Train,2023-12-01,6646.36,8917.836723173297
Al Hebiah First,Prophet,Train,2024-01-01,6727.3,10362.306407630243
Al Hebiah First,Prophet,Train,2024-02-01,7017.34,6970.753252055543
Al Hebiah First,Prophet,Train,2024-03-01,7882.68,9178.495429815495
Al Hebiah First,Prophet,Train,2024-04-01,7673.96,9668.3264402048
Al Hebiah First,Prophet,Train,2024-05-01,7565.19,9638.186588669614
Al Hebiah First,Prophet,Train,2024-06-01,7241.465,8796.29397861773
Al Hebiah First,Prophet,Train,2024-07-01,7417.16,8025.145202969261
Al Hebiah First,Prophet,Train,2024-08-01,9083.970000000001,8562.163243052613
Al Hebiah First,Prophet,Train,2024-09-01,19697.945,17474.686636353723
Al Hebiah First,Prophet,Train,2024-10-01,20370.714999999997,17703.092775540124
Al Hebiah First,Prophet,Train,2024-11-01,11717.99,9559.632182675366
Al Hebiah First,Prophet,Train,2024-12-01,20021.15,17853.75372604415
Al Hebiah First,Prophet,Test,2025-01-01,13724.015,749.3151924957729
Al Hebiah First,Prophet,Test,2025-02-01,20074.67,17147.50986712778
Al Hebiah First,Prophet,Test,2025-03-01,20236.345,12604.805797549949
Al Hebiah First,Prophet,Test,2025-04-01,19105.885000000002,12630.02256804272
Al Hebiah First,Prophet,Test,2025-05-01,20989.6,12941.380178890233
Al Hebiah First,Prophet,Test,2025-06-01,21151.33,12734.927531417276
Al Hebiah First,Prophet,Test,2025-07-01,21151.3,12215.107642240993
Al Hebiah First,Prophet,Test,2025-08-01,20774.45,13100.50820362285
Al Hebiah Fourth,ARIMA,Train,2022-09-01,6080.91,6080.91
Al Hebiah Fourth,ARIMA,Train,2022-10-01,6191.87,4222.96263107561
Al Hebiah Fourth,ARIMA,Train,2022-11-01,6302.05,6149.488957617715
Al Hebiah Fourth,ARIMA,Train,2022-12-01,6432.67,6259.966877706559
Al Hebiah Fourth,ARIMA,Train,2023-01-01,6258.44,6382.779843583507
Al Hebiah Fourth,ARIMA,Train,2023-02-01,6826.46,6324.986944973554
Al Hebiah Fourth,ARIMA,Train,2023-03-01,6216.01,6609.50542453149
Al Hebiah Fourth,ARIMA,Train,2023-04-01,6410.135,6449.170664403985
Al Hebiah Fourth,ARIMA,Train,2023-05-01,6896.69,6335.989183016753
Al Hebiah Fourth,ARIMA,Train,2023-06-01,7265.69,6710.8508861183045
Al Hebiah Fourth,ARIMA,Train,2023-07-01,7969.545,7124.7508810466525
Al Hebiah Fourth,ARIMA,Train,2023-08-01,7574.12,7700.708404956888
Al Hebiah Fourth,ARIMA,Train,2023-09-01,7686.55,7725.152116835033
Al Hebiah Fourth,ARIMA,Train,2023-10-01,8068.13,7643.607492834893
Al Hebiah Fourth,ARIMA,Train,2023-11-01,7548.455,7922.385964741956
Al Hebiah Fourth,ARIMA,Train,2023-12-01,8118.37,7746.94425919263
Al Hebiah Fourth,ARIMA,Train,2024-01-01,8525.695,7900.69163149513
Al Hebiah Fourth,ARIMA,Train,2024-02-01,8804.11,8370.117692065929
Al Hebiah Fourth,ARIMA,Train,2024-03-01,15004.02,8697.769715979957
Al Hebiah Fourth,ARIMA,Train,2024-04-01,14871.72,12635.971617913157
Al Hebiah Fourth,ARIMA,Train,2024-05-01,10487.065,14922.251830454004
Al Hebiah Fourth,ARIMA,Train,2024-06-01,14544.93,12161.778855323544
Al Hebiah Fourth,ARIMA,Train,2024-07-01,11197.37,12995.033203437337
Al Hebiah Fourth,ARIMA,Train,2024-08-01,13774.595000000001,12475.966631554107
Al Hebiah Fourth,ARIMA,Train,2024-09-01,9664.58,12790.226921830515
Al Hebiah Fourth,ARIMA,Train,2024-10-01,10232.935000000001,11234.395428143742
Al Hebiah Fourth,ARIMA,Train,2024-11-01,9027.99,10015.85247167282
Al Hebiah Fourth,ARIMA,Train,2024-12-01,9547.07,9488.217335195774
Al Hebiah Fourth,ARIMA,Test,2025-01-01,8745.215,9348.808000362322
Al Hebiah Fourth,ARIMA,Test,2025-02-01,9173.045,9424.533939524552
Al Hebiah Fourth,ARIMA,Test,2025-03-01,13433.224999999999,9395.61050552065
Al Hebiah Fourth,ARIMA,Test,2025-04-01,10103.87,9406.657777351586
Al Hebiah Fourth,ARIMA,Test,2025-05-01,10422.33,9402.43828478061
Al Hebiah Fourth,ARIMA,Test,2025-06-01,12974.98,9404.049915039102
Al Hebiah Fourth,ARIMA,Test,2025-07-01,10931.105,9403.434354744495
Al Hebiah Fourth,ARIMA,Test,2025-08-01,13001.08,9403.669467279955
Al Hebiah Fourth,SARIMA,Train,2022-09-01,6080.91,6080.91
Al Hebiah Fourth,SARIMA,Train,2022-10-01,6191.87,4034.188558466082
Al Hebiah Fourth,SARIMA,Train,2022-11-01,6302.05,6252.972285478827
Al Hebiah Fourth,SARIMA,Train,2022-12-01,6432.67,6258.772113288474
Al Hebiah Fourth,SARIMA,Train,2023-01-01,6258.44,6387.20096175257
Al Hebiah Fourth,SARIMA,Train,2023-02-01,6826.46,6324.29560581337
Al Hebiah Fourth,SARIMA,Train,2023-03-01,6216.01,6615.915139932901
Al Hebiah Fourth,SARIMA,Train,2023-04-01,6410.135,6449.333026691324
Al Hebiah Fourth,SARIMA,Train,2023-05-01,6896.69,6327.544853356867
Al Hebiah Fourth,SARIMA,Train,2023-06-01,7265.69,6723.35339399848
Al Hebiah Fourth,SARIMA,Train,2023-07-01,7969.545,7139.817138492044
Al Hebiah Fourth,SARIMA,Train,2023-08-01,7574.12,7719.117363461948
Al Hebiah Fourth,SARIMA,Train,2023-09-01,7686.55,13149.047418258462
Al Hebiah Fourth,SARIMA,Train,2023-10-01,8068.13,9751.737832574712
Al Hebiah Fourth,SARIMA,Train,2023-11-01,7548.455,8065.931773393386
Al Hebiah Fourth,SARIMA,Train,2023-12-01,8118.37,7940.629903256635
Al Hebiah Fourth,SARIMA,Train,2024-01-01,8525.695,7761.717440480548
Al Hebiah Fourth,SARIMA,Train,2024-02-01,8804.11,8852.2172556566
Al Hebiah Fourth,SARIMA,Train,2024-03-01,15004.02,8313.921977371996
Al Hebiah Fourth,SARIMA,Train,2024-04-01,14871.72,12370.060677508542
Al Hebiah Fourth,SARIMA,Train,2024-05-01,10487.065,15493.826927500053
Al Hebiah Fourth,SARIMA,Train,2024-06-01,14544.93,12878.893842023568
Al Hebiah Fourth,SARIMA,Train,2024-07-01,11197.37,13716.939212950938
Al Hebiah Fourth,SARIMA,Train,2024-08-01,13774.595000000001,12484.344057525115
Al Hebiah Fourth,SARIMA,Train,2024-09-01,9664.58,12652.596150239604
Al Hebiah Fourth,SARIMA,Train,2024-10-01,10232.935000000001,11799.581332658254
Al Hebiah Fourth,SARIMA,Train,2024-11-01,9027.99,9635.69942327082
Al Hebiah Fourth,SARIMA,Train,2024-12-01,9547.07,9882.471651935246
Al Hebiah Fourth,SARIMA,Test,2025-01-01,8745.215,9975.50484830961
Al Hebiah Fourth,SARIMA,Test,2025-02-01,9173.045,10245.153728595738
Al Hebiah Fourth,SARIMA,Test,2025-03-01,13433.224999999999,16448.703965783185
Al Hebiah Fourth,SARIMA,Test,2025-04-01,10103.87,16314.892313283173
Al Hebiah Fourth,SARIMA,Test,2025-05-01,10422.33,11930.865045258626
Al Hebiah Fourth,SARIMA,Test,2025-06-01,12974.98,15988.469371966978
Al Hebiah Fourth,SARIMA,Test,2025-07-01,10931.105,12641.017619702694
Al Hebiah Fourth,SARIMA,Test,2025-08-01,13001.08,15218.197668521796
Al Hebiah Fourth,Prophet,Train,2022-09-01,6080.91,5204.661323330212
Al Hebiah Fourth,Prophet,Train,2022-10-01,6191.87,5431.581531095368
Al Hebiah Fourth,Prophet,Train,2022-11-01,6302.05,4936.960922052142
Al Hebiah Fourth,Prophet,Train,2022-12-01,6432.67,5362.113175715262
Al Hebiah Fourth,Prophet,Train,2023-01-01,6258.44,6794.406570294372
Al Hebiah Fourth,Prophet,Train,2023-02-01,6826.46,5243.4609277864765
Al Hebiah Fourth,Prophet,Train,2023-03-01,6216.01,7463.347357379828
Al Hebiah Fourth,Prophet,Train,2023-04-01,6410.135,8091.397463082737
Al Hebiah Fourth,Prophet,Train,2023-05-01,6896.69,8735.290496723346
Al Hebiah Fourth,Prophet,Train,2023-06-01,7265.69,8936.613411053582
Al Hebiah Fourth,Prophet,Train,2023-07-01,7969.545,9199.353878239297
Al Hebiah Fourth,Prophet,Train,2023-08-01,7574.12,8182.293186775844
Al Hebiah Fourth,Prophet,Train,2023-09-01,7686.55,8281.15422152532
Al Hebiah Fourth,Prophet,Train,2023-10-01,8068.13,8104.270801399536
Al Hebiah Fourth,Prophet,Train,2023-11-01,7548.455,7747.002820191579
Al Hebiah Fourth,Prophet,Train,2023-12-01,8118.37,8205.405341016707
Al Hebiah Fourth,Prophet,Train,2024-01-01,8525.695,7976.695847142935
Al Hebiah Fourth,Prophet,Train,2024-02-01,8804.11,10365.467445748247
Al Hebiah Fourth,Prophet,Train,2024-03-01,15004.02,13747.671575980812
Al Hebiah Fourth,Prophet,Train,2024-04-01,14871.72,13180.719385743821
Al Hebiah Fourth,Prophet,Train,2024-05-01,10487.065,8653.504197082084
Al Hebiah Fourth,Prophet,Train,2024-06-01,14544.93,12880.493979743398
Al Hebiah Fourth,Prophet,Train,2024-07-01,11197.37,9985.639524391541
Al Hebiah Fourth,Prophet,Train,2024-08-01,13774.595000000001,13183.16383595508
Al Hebiah Fourth,Prophet,Train,2024-09-01,9664.58,9962.209720010324
Al Hebiah Fourth,Prophet,Train,2024-10-01,10232.935000000001,10967.308113084153
Al Hebiah Fourth,Prophet,Train,2024-11-01,9027.99,10200.119298880203
Al Hebiah Fourth,Prophet,Train,2024-12-01,9547.07,10525.233483486352
Al Hebiah Fourth,Prophet,Test,2025-01-01,8745.215,15397.752101841756
Al Hebiah Fourth,Prophet,Test,2025-02-01,9173.045,5917.29759789723
Al Hebiah Fourth,Prophet,Test,2025-03-01,13433.224999999999,15315.935433322731
Al Hebiah Fourth,Prophet,Test,2025-04-01,10103.87,15095.18446027641
Al Hebiah Fourth,Prophet,Test,2025-05-01,10422.33,12299.820118905376
Al Hebiah Fourth,Prophet,Test,2025-06-01,12974.98,15198.075183912832
Al Hebiah Fourth,Prophet,Test,2025-07-01,10931.105,13359.113024416438
Al Hebiah Fourth,Prophet,Test,2025-08-01,13001.08,15149.958828158038
Al Khairan First,ARIMA,Train,2022-09-01,20750.51,20750.51
Al Khairan First,ARIMA,Train,2022-10-01,18225.55,18853.437758146196
Al Khairan First,ARIMA,Train,2022-11-01,18041.26,18325.70628349789
Al Khairan First,ARIMA,Train,2022-12-01,20650.855,18087.13110877714
Al Khairan First,ARIMA,Train,2023-01-01,21676.47,20237.300345456068
Al Khairan First,ARIMA,Train,2023-02-01,20824.09,21444.315638188702
Al Khairan First,ARIMA,Train,2023-03-01,21804.65,20924.139437741014
Al Khairan First,ARIMA,Train,2023-04-01,22132.835,21662.61364791574
Al Khairan First,ARIMA,Train,2023-05-01,20977.475,22056.982956431686
Al Khairan First,ARIMA,Train,2023-06-01,21877.09,21151.611891446813
Al Khairan First,ARIMA,Train,2023-07-01,22757.7,21760.062143110674
Al Khairan First,ARIMA,Train,2023-08-01,22613.739999999998,22596.76968526417
Al Khairan First,ARIMA,Train,2023-09-01,22748.02,22611.002495531073
Al Khairan First,ARIMA,Train,2023-10-01,20935.940000000002,22725.917520662202
Al Khairan First,ARIMA,Train,2023-11-01,21670.9,21224.683699711255
Al Khairan First,ARIMA,Train,2023-12-01,21321.58,21598.920243869223
Al Khairan First,ARIMA,Train,2024-01-01,22323.995000000003,21366.318130601772
Al Khairan First,ARIMA,Train,2024-02-01,23829.375,22169.51084631318
Al Khairan First,ARIMA,Train,2024-03-01,23377.95,23561.62006385068
Al Khairan First,ARIMA,Train,2024-04-01,23604.34,23407.57806691719
Al Khairan First,ARIMA,Train,2024-05-01,23450.21,23572.60006591432
Al Khairan First,ARIMA,Train,2024-06-01,25430.9,23469.95290740083
Al Khairan First,ARIMA,Train,2024-07-01,26215.355,25114.5769669344
Al Khairan First,ARIMA,Train,2024-08-01,27659.644999999997,26037.787003665246
Al Khairan First,ARIMA,Train,2024-09-01,27073.945,27398.020888600695
Al Khairan First,ARIMA,Train,2024-10-01,25412.69,27126.222120791528
Al Khairan First,ARIMA,Train,2024-11-01,23657.58,25689.102188656074
Al Khairan First,ARIMA,Train,2024-12-01,24547.795,23985.287597456896
Al Khairan First,ARIMA,Test,2025-01-01,23575.64,24457.05616856195
Al Khairan First,ARIMA,Test,2025-02-01,24097.550000000003,24457.05616856195
Al Khairan First,ARIMA,Test,2025-03-01,23218.745000000003,24457.05616856195
Al Khairan First,ARIMA,Test,2025-04-01,23928.29,24457.05616856195
Al Khairan First,ARIMA,Test,2025-05-01,25759.495000000003,24457.05616856195
Al Khairan First,ARIMA,Test,2025-06-01,26160.11,24457.05616856195
Al Khairan First,ARIMA,Test,2025-07-01,25324.14,24457.05616856195
Al Khairan First,ARIMA,Test,2025-08-01,24796.425,24457.05616856195
Al Khairan First,SARIMA,Train,2022-09-01,20750.51,20750.51
Al Khairan First,SARIMA,Train,2022-10-01,18225.55,20750.51
Al Khairan First,SARIMA,Train,2022-11-01,18041.26,18225.55
Al Khairan First,SARIMA,Train,2022-12-01,20650.855,18041.26
Al Khairan First,SARIMA,Train,2023-01-01,21676.47,20650.855
Al Khairan First,SARIMA,Train,2023-02-01,20824.09,21676.47
Al Khairan First,SARIMA,Train,2023-03-01,21804.65,20824.09
Al Khairan First,SARIMA,Train,2023-04-01,22132.835,21804.65
Al Khairan First,SARIMA,Train,2023-05-01,20977.475,22132.835
Al Khairan First,SARIMA,Train,2023-06-01,21877.09,20977.475
Al Khairan First,SARIMA,Train,2023-07-01,22757.7,21877.09
Al Khairan First,SARIMA,Train,2023-08-01,22613.739999999998,22757.7
Al Khairan First,SARIMA,Train,2023-09-01,22748.02,38224.517354163996
Al Khairan First,SARIMA,Train,2023-10-01,20935.940000000002,20223.060000000005
Al Khairan First,SARIMA,Train,2023-11-01,21670.9,20751.65
Al Khairan First,SARIMA,Train,2023-12-01,21321.58,24280.495000000003
Al Khairan First,SARIMA,Train,2024-01-01,22323.995000000003,22347.195000000003
Al Khairan First,SARIMA,Train,2024-02-01,23829.375,21471.615
Al Khairan First,SARIMA,Train,2024-03-01,23377.95,24809.935
Al Khairan First,SARIMA,Train,2024-04-01,23604.34,23706.135
Al Khairan First,SARIMA,Train,2024-05-01,23450.21,22448.98
Al Khairan First,SARIMA,Train,2024-06-01,25430.9,24349.825
Al Khairan First,SARIMA,Train,2024-07-01,26215.355,26311.510000000002
Al Khairan First,SARIMA,Train,2024-08-01,27659.644999999997,26071.394999999997
Al Khairan First,SARIMA,Train,2024-09-01,27073.945,27793.925
Al Khairan First,SARIMA,Train,2024-10-01,25412.69,25261.865
Al Khairan First,SARIMA,Train,2024-11-01,23657.58,26147.649999999998
Al Khairan First,SARIMA,Train,2024-12-01,24547.795,23308.260000000002
Al Khairan First,SARIMA,Test,2025-01-01,23575.64,25550.21
Al Khairan First,SARIMA,Test,2025-02-01,24097.550000000003,27055.589999999997
Al Khairan First,SARIMA,Test,2025-03-01,23218.745000000003,26604.164999999997
Al Khairan First,SARIMA,Test,2025-04-01,23928.29,26830.554999999997
Al Khairan First,SARIMA,Test,2025-05-01,25759.495000000003,26676.424999999996
Al Khairan First,SARIMA,Test,2025-06-01,26160.11,28657.114999999998
Al Khairan First,SARIMA,Test,2025-07-01,25324.14,29441.569999999996
Al Khairan First,SARIMA,Test,2025-08-01,24796.425,30885.859999999993
Al Khairan First,Prophet,Train,2022-09-01,20750.51,20795.660005659873
Al Khairan First,Prophet,Train,2022-10-01,18225.55,18722.3275011208
Al Khairan First,Prophet,Train,2022-11-01,18041.26,18559.13029131187
Al Khairan First,Prophet,Train,2022-12-01,20650.855,19504.572846186227
Al Khairan First,Prophet,Train,2023-01-01,21676.47,21641.366575438846
Al Khairan First,Prophet,Train,2023-02-01,20824.09,21068.33821518041
Al Khairan First,Prophet,Train,2023-03-01,21804.65,21652.20732044217
Al Khairan First,Prophet,Train,2023-04-01,22132.835,21957.88566814946
Al Khairan First,Prophet,Train,2023-05-01,20977.475,20817.496070808236
Al Khairan First,Prophet,Train,2023-06-01,21877.09,21769.96757330838
Al Khairan First,Prophet,Train,2023-07-01,22757.7,22723.42058216281
Al Khairan First,Prophet,Train,2023-08-01,22613.739999999998,22655.500298525876
Al Khairan First,Prophet,Train,2023-09-01,22748.02,22823.96033737046
Al Khairan First,Prophet,Train,2023-10-01,20935.940000000002,20747.27429572768
Al Khairan First,Prophet,Train,2023-11-01,21670.9,21471.047371259516
Al Khairan First,Prophet,Train,2023-12-01,21321.58,22182.272346379894
Al Khairan First,Prophet,Train,2024-01-01,22323.995000000003,22360.92590791521
Al Khairan First,Prophet,Train,2024-02-01,23829.375,23587.806678952995
Al Khairan First,Prophet,Train,2024-03-01,23377.95,23530.968816581848
Al Khairan First,Prophet,Train,2024-04-01,23604.34,23779.631173648533
Al Khairan First,Prophet,Train,2024-05-01,23450.21,23608.89032913513
Al Khairan First,Prophet,Train,2024-06-01,25430.9,25536.535372680213
Al Khairan First,Prophet,Train,2024-07-01,26215.355,26247.671732838007
Al Khairan First,Prophet,Train,2024-08-01,27659.644999999997,27616.275760937267
Al Khairan First,Prophet,Train,2024-09-01,27073.945,26951.445979051627
Al Khairan First,Prophet,Train,2024-10-01,25412.69,25104.294824457953
Al Khairan First,Prophet,Train,2024-11-01,23657.58,23339.572481408537
Al Khairan First,Prophet,Train,2024-12-01,24547.795,24835.564778293723
Al Khairan First,Prophet,Test,2025-01-01,23575.64,31567.147082258907
Al Khairan First,Prophet,Test,2025-02-01,24097.550000000003,28115.506183080295
Al Khairan First,Prophet,Test,2025-03-01,23218.745000000003,28309.670337910076
Al Khairan First,Prophet,Test,2025-04-01,23928.29,28657.387573859593
Al Khairan First,Prophet,Test,2025-05-01,25759.495000000003,28238.276937491144
Al Khairan First,Prophet,Test,2025-06-01,26160.11,29907.272139728513
Al Khairan First,Prophet,Test,2025-07-01,25324.14,30764.19907531328
Al Khairan First,Prophet,Test,2025-08-01,24796.425,31716.806473766967
Al Merkadh,ARIMA,Train,2022-09-01,16655.85,16655.85
Al Merkadh,ARIMA,Train,2022-10-01,19105.515,16615.641827212297
Al Merkadh,ARIMA,Train,2022-11-01,20660.58,18319.892932511986
Al Merkadh,ARIMA,Train,2022-12-01,20416.1,19470.04477126874
Al Merkadh,ARIMA,Train,2023-01-01,19566.0,19562.213235239888
Al Merkadh,ARIMA,Train,2023-02-01,18998.26,19240.40691749277
Al Merkadh,ARIMA,Train,2023-03-01,19375.14,18989.902178235916
Al Merkadh,ARIMA,Train,2023-04-01,18064.190000000002,19182.401558487505
Al Merkadh,ARIMA,Train,2023-05-01,18998.26,18554.15435941465
Al Merkadh,ARIMA,Train,2023-06-01,17042.010000000002,18955.919900384775
Al Merkadh,ARIMA,Train,2023-07-01,19644.2,18022.501465688852
Al Merkadh,ARIMA,Train,2023-08-01,19913.2,19161.08937066698
Al Merkadh,ARIMA,Train,2023-09-01,19945.49,19329.67317238223
Al Merkadh,ARIMA,Train,2023-10-01,18844.96,19393.786512100418
Al Merkadh,ARIMA,Train,2023-11-01,19091.879999999997,18932.003778867245
Al Merkadh,ARIMA,Train,2023-12-01,21021.56,19037.876690780093
Al Merkadh,ARIMA,Train,2024-01-01,19315.81,19918.52073133477
Al Merkadh,ARIMA,Train,2024-02-01,18282.07,19227.699120130645
Al Merkadh,ARIMA,Train,2024-03-01,17648.51,18768.38879548393
Al Merkadh,ARIMA,Train,2024-04-01,17785.305,18450.24312455937
Al Merkadh,ARIMA,Train,2024-05-01,19240.66,18456.684305004586
Al Merkadh,ARIMA,Train,2024-06-01,19080.71,19060.552183208853
Al Merkadh,ARIMA,Train,2024-07-01,20080.32,19001.063183051083
Al Merkadh,ARIMA,Train,2024-08-01,19610.730000000003,19449.679281269266
Al Merkadh,ARIMA,Train,2024-09-01,21567.96,19281.7782760748
Al Merkadh,ARIMA,Train,2024-10-01,20488.1,20167.95468574017
Al Merkadh,ARIMA,Train,2024-11-01,19095.975,19778.43705820171
Al Merkadh,ARIMA,Train,2024-12-01,20954.23,19208.24374686575
Al Merkadh,ARIMA,Test,2025-01-01,19765.86,20019.798258819195
Al Merkadh,ARIMA,Test,2025-02-01,19905.21,19665.390965762475
Al Merkadh,ARIMA,Test,2025-03-01,20186.89,19530.858530420046
Al Merkadh,ARIMA,Test,2025-04-01,21706.59,19479.67595080055
Al Merkadh,ARIMA,Test,2025-05-01,20823.69,19460.089520485657
Al Merkadh,ARIMA,Test,2025-06-01,20386.46,19452.480516977877
Al Merkadh,ARIMA,Test,2025-07-01,20309.48,19449.411902448
Al Merkadh,ARIMA,Test,2025-08-01,20633.92,19448.06445501851
Al Merkadh,SARIMA,Train,2022-09-01,16655.85,16655.85
Al Merkadh,SARIMA,Train,2022-10-01,19105.515,18860.420112115135
Al Merkadh,SARIMA,Train,2022-11-01,20660.58,19732.609725222435
Al Merkadh,SARIMA,Train,2022-12-01,20416.1,20987.96280957333
Al Merkadh,SARIMA,Train,2023-01-01,19566.0,20403.49640037636
Al Merkadh,SARIMA,Train,2023-02-01,18998.26,19416.986823795636
Al Merkadh,SARIMA,Train,2023-03-01,19375.14,18885.234253864324
Al Merkadh,SARIMA,Train,2023-04-01,18064.190000000002,19427.24452304034
Al Merkadh,SARIMA,Train,2023-05-01,18998.26,17829.845045593618
Al Merkadh,SARIMA,Train,2023-06-01,17042.010000000002,19096.011661762077
Al Merkadh,SARIMA,Train,2023-07-01,19644.2,16548.76576986598
Al Merkadh,SARIMA,Train,2023-08-01,19913.2,19436.731017766284
Al Merkadh,SARIMA,Train,2023-09-01,19945.49,30106.165429658882
Al Merkadh,SARIMA,Train,2023-10-01,18844.96,19695.83313342218
Al Merkadh,SARIMA,Train,2023-11-01,19091.879999999997,19293.876699460725
Al Merkadh,SARIMA,Train,2023-12-01,21021.56,18625.973053592104
Al Merkadh,SARIMA,Train,2024-01-01,19315.81,20900.827501632113
Al Merkadh,SARIMA,Train,2024-02-01,18282.07,18602.170099260955
Al Merkadh,SARIMA,Train,2024-03-01,17648.51,18466.785182616935
Al Merkadh,SARIMA,Train,2024-04-01,17785.305,16317.072432071684
Al Merkadh,SARIMA,Train,2024-05-01,19240.66,18905.080818253682
Al Merkadh,SARIMA,Train,2024-06-01,19080.71,17763.666494772224
Al Merkadh,SARIMA,Train,2024-07-01,20080.32,21591.526423808053
Al Merkadh,SARIMA,Train,2024-08-01,19610.730000000003,20117.146821980925
Al Merkadh,SARIMA,Train,2024-09-01,21567.96,21929.05323068576
Al Merkadh,SARIMA,Train,2024-10-01,20488.1,21244.730402488396
Al Merkadh,SARIMA,Train,2024-11-01,19095.975,20800.880341189095
Al Merkadh,SARIMA,Train,2024-12-01,20954.23,19837.804365662163
Al Merkadh,SARIMA,Test,2025-01-01,19765.86,19730.72717366491
Al Merkadh,SARIMA,Test,2025-02-01,19905.21,18927.126923795266
Al Merkadh,SARIMA,Test,2025-03-01,20186.89,18610.578909890588
Al Merkadh,SARIMA,Test,2025-04-01,21706.59,18366.484569982647
Al Merkadh,SARIMA,Test,2025-05-01,20823.69,19612.76046774759
Al Merkadh,SARIMA,Test,2025-06-01,20386.46,18983.82843826695
Al Merkadh,SARIMA,Test,2025-07-01,20309.48,20337.925451776733
Al Merkadh,SARIMA,Test,2025-08-01,20633.92,20123.616739969733
Al Merkadh,Prophet,Train,2022-09-01,16655.85,18600.71088001791
Al Merkadh,Prophet,Train,2022-10-01,19105.515,18774.09070620264
Al Merkadh,Prophet,Train,2022-11-01,20660.58,19141.075179861837
Al Merkadh,Prophet,Train,2022-12-01,20416.1,20287.12997526057
Al Merkadh,Prophet,Train,2023-01-01,19566.0,19228.427664375882
Al Merkadh,Prophet,Train,2023-02-01,18998.26,18851.463771635106
Al Merkadh,Prophet,Train,2023-03-01,19375.14,19354.29662537905
Al Merkadh,Prophet,Train,2023-04-01,18064.190000000002,17996.89081424468
Al Merkadh,Prophet,Train,2023-05-01,18998.26,18921.404365321137
Al Merkadh,Prophet,Train,2023-06-01,17042.010000000002,16991.056411786507
Al Merkadh,Prophet,Train,2023-07-01,19644.2,19643.231330224906
Al Merkadh,Prophet,Train,2023-08-01,19913.2,19970.96487005769
Al Merkadh,Prophet,Train,2023-09-01,19945.49,18785.058228677743
Al Merkadh,Prophet,Train,2023-10-01,18844.96,19260.638921174577
Al Merkadh,Prophet,Train,2023-11-01,19091.879999999997,20298.95966586189
Al Merkadh,Prophet,Train,2023-12-01,21021.56,21273.38900458832
Al Merkadh,Prophet,Train,2024-01-01,19315.81,19654.802468875794
Al Merkadh,Prophet,Train,2024-02-01,18282.07,18430.498000049934
Al Merkadh,Prophet,Train,2024-03-01,17648.51,17670.943820514563
Al Merkadh,Prophet,Train,2024-04-01,17785.305,17853.427316927373
Al Merkadh,Prophet,Train,2024-05-01,19240.66,19317.140377721615
Al Merkadh,Prophet,Train,2024-06-01,19080.71,19130.757771997647
Al Merkadh,Prophet,Train,2024-07-01,20080.32,20079.7830524523
Al Merkadh,Prophet,Train,2024-08-01,19610.730000000003,19551.60490520466
Al Merkadh,Prophet,Train,2024-09-01,21567.96,20780.743804269947
Al Merkadh,Prophet,Train,2024-10-01,20488.1,20403.58374381528
Al Merkadh,Prophet,Train,2024-11-01,19095.975,19408.65888894624
Al Merkadh,Prophet,Train,2024-12-01,20954.23,20832.266513266368
Al Merkadh,Prophet,Test,2025-01-01,19765.86,20876.61934417027
Al Merkadh,Prophet,Test,2025-02-01,19905.21,22280.316178469704
Al Merkadh,Prophet,Test,2025-03-01,20186.89,19068.573101542504
Al Merkadh,Prophet,Test,2025-04-01,21706.59,18761.07389986002
Al Merkadh,Prophet,Test,2025-05-01,20823.69,20052.021776364083
Al Merkadh,Prophet,Test,2025-06-01,20386.46,19273.298219817043
Al Merkadh,Prophet,Test,2025-07-01,20309.48,20779.782243073874
Al Merkadh,Prophet,Test,2025-08-01,20633.92,20550.192626778116
Al Thanyah Fifth,ARIMA,Train,2022-09-01,9786.21,15212.004460409391
Al Thanyah Fifth,ARIMA,Train,2022-10-01,10058.11,11389.528072867239
Al Thanyah Fifth,ARIMA,Train,2022-11-01,11648.88,12164.734298438994
Al Thanyah Fifth,ARIMA,Train,2022-12-01,11129.28,13561.443479818292
Al Thanyah Fifth,ARIMA,Train,2023-01-01,11530.98,12559.067668052276
Al Thanyah Fifth,ARIMA,Train,2023-02-01,11321.465,13103.052663553066
Al Thanyah Fifth,ARIMA,Train,2023-03-01,11213.974999999999,12776.82788985777
Al Thanyah Fifth,ARIMA,Train,2023-04-01,11201.285,12744.606057668356
Al Thanyah Fifth,ARIMA,Train,2023-05-01,14189.585,12767.712177272278
Al Thanyah Fifth,ARIMA,Train,2023-06-01,21977.84,15561.682035487112
Al Thanyah Fifth,ARIMA,Train,2023-07-01,22280.07,21860.98071520826
Al Thanyah Fifth,ARIMA,Train,2023-08-01,19273.85,19610.571661519523
Al Thanyah Fifth,ARIMA,Train,2023-09-01,17433.91,16705.719913489072
Al Thanyah Fifth,ARIMA,Train,2023-10-01,14125.83,15965.528565194982
Al Thanyah Fifth,ARIMA,Train,2023-11-01,12593.78,13475.449825885878
Al Thanyah Fifth,ARIMA,Train,2023-12-01,15743.23,13120.859296452676
Al Thanyah Fifth,ARIMA,Train,2024-01-01,17426.129999999997,16559.33912178853
Al Thanyah Fifth,ARIMA,Train,2024-02-01,14822.8,17106.344472401743
Al Thanyah Fifth,ARIMA,Train,2024-03-01,13486.74,14128.663081297862
Al Thanyah Fifth,ARIMA,Train,2024-04-01,13407.845000000001,13727.877565611356
Al Thanyah Fifth,ARIMA,Train,2024-05-01,15236.555,14088.679124086877
Al Thanyah Fifth,ARIMA,Train,2024-06-01,14093.05,15821.597164566087
Al Thanyah Fifth,ARIMA,Train,2024-07-01,14241.075,14159.377840232159
Al Thanyah Fifth,ARIMA,Train,2024-08-01,22216.61,14669.414754330777
Al Thanyah Fifth,ARIMA,Train,2024-09-01,20771.23,22067.150303582184
Al Thanyah Fifth,ARIMA,Train,2024-10-01,21425.965,18124.292864139672
Al Thanyah Fifth,ARIMA,Train,2024-11-01,17417.73,19205.551596053447
Al Thanyah Fifth,ARIMA,Train,2024-12-01,16748.26,15250.60308763104
Al Thanyah Fifth,ARIMA,Test,2025-01-01,19021.3,15928.982427580137
Al Thanyah Fifth,ARIMA,Test,2025-02-01,17031.57,15381.810856738233
Al Thanyah Fifth,ARIMA,Test,2025-03-01,17655.9,15137.38849213591
Al Thanyah Fifth,ARIMA,Test,2025-04-01,24525.135000000002,15087.126560003242
Al Thanyah Fifth,ARIMA,Test,2025-05-01,20635.02,15119.683309753425
Al Thanyah Fifth,ARIMA,Test,2025-06-01,18807.09,15166.421990323615
Al Thanyah Fifth,ARIMA,Test,2025-07-01,16131.28,15199.469965998735
Al Thanyah Fifth,ARIMA,Test,2025-08-01,19259.809999999998,15215.12480419199
Al Thanyah Fifth,SARIMA,Train,2022-09-01,9786.21,9786.21
Al Thanyah Fifth,SARIMA,Train,2022-10-01,10058.11,9786.209999999986
Al Thanyah Fifth,SARIMA,Train,2022-11-01,11648.88,10058.109999999997
Al Thanyah Fifth,SARIMA,Train,2022-12-01,11129.28,11648.879999999994
Al Thanyah Fifth,SARIMA,Train,2023-01-01,11530.98,11129.280000000004
Al Thanyah Fifth,SARIMA,Train,2023-02-01,11321.465,11530.980000000009
Al Thanyah Fifth,SARIMA,Train,2023-03-01,11213.974999999999,11321.465000000002
Al Thanyah Fifth,SARIMA,Train,2023-04-01,11201.285,11213.974999999991
Al Thanyah Fifth,SARIMA,Train,2023-05-01,14189.585,11201.284999999998
Al Thanyah Fifth,SARIMA,Train,2023-06-01,21977.84,14189.585
Al Thanyah Fifth,SARIMA,Train,2023-07-01,22280.07,21977.840000000004
Al Thanyah Fifth,SARIMA,Train,2023-08-01,19273.85,22280.070000000003
Al Thanyah Fifth,SARIMA,Train,2023-09-01,17433.91,23558.391656404943
Al Thanyah Fifth,SARIMA,Train,2023-10-01,14125.83,17558.62849319263
Al Thanyah Fifth,SARIMA,Train,2023-11-01,12593.78,14855.504282515796
Al Thanyah Fifth,SARIMA,Train,2023-12-01,15743.23,12355.443372332138
Al Thanyah Fifth,SARIMA,Train,2024-01-01,17426.129999999997,15927.4867808587
Al Thanyah Fifth,SARIMA,Train,2024-02-01,14822.8,17330.027038980304
Al Thanyah Fifth,SARIMA,Train,2024-03-01,13486.74,14773.495142209355
Al Thanyah Fifth,SARIMA,Train,2024-04-01,13407.845000000001,13480.919192061
Al Thanyah Fifth,SARIMA,Train,2024-05-01,15236.555,14778.555824595609
Al Thanyah Fifth,SARIMA,Train,2024-06-01,14093.05,18808.96922655385
Al Thanyah Fifth,SARIMA,Train,2024-07-01,14241.075,14231.680636990102
Al Thanyah Fifth,SARIMA,Train,2024-08-01,22216.61,12862.144405643407
Al Thanyah Fifth,SARIMA,Train,2024-09-01,20771.23,26623.27662321502
Al Thanyah Fifth,SARIMA,Train,2024-10-01,21425.965,19498.059990645394
Al Thanyah Fifth,SARIMA,Train,2024-11-01,17417.73,21668.968943593885
Al Thanyah Fifth,SARIMA,Train,2024-12-01,16748.26,18481.641393310165
Al Thanyah Fifth,SARIMA,Test,2025-01-01,19021.3,17702.90825557269
Al Thanyah Fifth,SARIMA,Test,2025-02-01,17031.57,16460.255706077107
Al Thanyah Fifth,SARIMA,Test,2025-03-01,17655.9,15822.531832873125
Al Thanyah Fifth,SARIMA,Test,2025-04-01,24525.135000000002,15781.26866766848
Al Thanyah Fifth,SARIMA,Test,2025-05-01,20635.02,18269.105611409086
Al Thanyah Fifth,SARIMA,Test,2025-06-01,18807.09,22202.536141229604
Al Thanyah Fifth,SARIMA,Test,2025-07-01,16131.28,22438.213389316876
Al Thanyah Fifth,SARIMA,Test,2025-08-01,19259.809999999998,24171.567437378602
Al Thanyah Fifth,Prophet,Train,2022-09-01,9786.21,13244.18199255083
Al Thanyah Fifth,Prophet,Train,2022-10-01,10058.11,12159.307241952536
Al Thanyah Fifth,Prophet,Train,2022-11-01,11648.88,11265.907271830838
Al Thanyah Fifth,Prophet,Train,2022-12-01,11129.28,12291.123272897528
Al Thanyah Fifth,Prophet,Train,2023-01-01,11530.98,11067.811394945147
Al Thanyah Fifth,Prophet,Train,2023-02-01,11321.465,12887.39643544495
Al Thanyah Fifth,Prophet,Train,2023-03-01,11213.974999999999,9932.197109437482
Al Thanyah Fifth,Prophet,Train,2023-04-01,11201.285,9375.155253184093
Al Thanyah Fifth,Prophet,Train,2023-05-01,14189.585,12066.780999604096
Al Thanyah Fifth,Prophet,Train,2023-06-01,21977.84,19888.260931658006
Al Thanyah Fifth,Prophet,Train,2023-07-01,22280.07,20546.829022612124
Al Thanyah Fifth,Prophet,Train,2023-08-01,19273.85,18162.820899830633
Al Thanyah Fifth,Prophet,Train,2023-09-01,17433.91,14643.170757518554
Al Thanyah Fifth,Prophet,Train,2023-10-01,14125.83,12837.915667003725
Al Thanyah Fifth,Prophet,Train,2023-11-01,12593.78,13324.056019415846
Al Thanyah Fifth,Prophet,Train,2023-12-01,15743.23,15472.89395887952
Al Thanyah Fifth,Prophet,Train,2024-01-01,17426.129999999997,17903.221315843308
Al Thanyah Fifth,Prophet,Train,2024-02-01,14822.8,13283.43205123596
Al Thanyah Fifth,Prophet,Train,2024-03-01,13486.74,14785.778374802494
Al Thanyah Fifth,Prophet,Train,2024-04-01,13407.845000000001,15254.380424211402
Al Thanyah Fifth,Prophet,Train,2024-05-01,15236.555,17363.659364836432
Al Thanyah Fifth,Prophet,Train,2024-06-01,14093.05,16185.664410170994
Al Thanyah Fifth,Prophet,Train,2024-07-01,14241.075,15964.453678958009
Al Thanyah Fifth,Prophet,Train,2024-08-01,22216.61,23318.499394025916
Al Thanyah Fifth,Prophet,Train,2024-09-01,20771.23,20092.950770555326
Al Thanyah Fifth,Prophet,Train,2024-10-01,21425.965,20605.68070926984
Al Thanyah Fifth,Prophet,Train,2024-11-01,17417.73,17071.736165154358
Al Thanyah Fifth,Prophet,Train,2024-12-01,16748.26,15866.721337876994
Al Thanyah Fifth,Prophet,Test,2025-01-01,19021.3,7013.712493014322
Al Thanyah Fifth,Prophet,Test,2025-02-01,17031.57,21567.461075289244
Al Thanyah Fifth,Prophet,Test,2025-03-01,17655.9,16414.49344612741
Al Thanyah Fifth,Prophet,Test,2025-04-01,24525.135000000002,16521.76076194152
Al Thanyah Fifth,Prophet,Test,2025-05-01,20635.02,18775.50671024417
Al Thanyah Fifth,Prophet,Test,2025-06-01,18807.09,20611.076478046787
Al Thanyah Fifth,Prophet,Test,2025-07-01,16131.28,20784.841293126523
Al Thanyah Fifth,Prophet,Test,2025-08-01,19259.809999999998,24916.948515150278
Al Warsan First,ARIMA,Train,2022-09-01,4791.69,48.50453395414205
Al Warsan First,ARIMA,Train,2022-10-01,5109.68,4616.768212237159
Al Warsan First,ARIMA,Train,2022-11-01,4963.9,4921.049567881479
Al Warsan First,ARIMA,Train,2022-12-01,4592.844999999999,5045.9334342388765
Al Warsan First,ARIMA,Train,2023-01-01,4792.735000000001,5010.985094475081
Al Warsan First,ARIMA,Train,2023-02-01,5509.035,4937.253685503119
Al Warsan First,ARIMA,Train,2023-03-01,4925.92,5020.695471192241
Al Warsan First,ARIMA,Train,2023-04-01,5586.59,5231.998448829196
Al Warsan First,ARIMA,Train,2023-05-01,4955.22,5155.424666557233
Al Warsan First,ARIMA,Train,2023-06-01,5505.62,5355.080861158101
Al Warsan First,ARIMA,Train,2023-07-01,5227.27,5256.029201151902
Al Warsan First,ARIMA,Train,2023-08-01,5252.355,5416.724653511313
Al Warsan First,ARIMA,Train,2023-09-01,5328.69,5404.300508253465
Al Warsan First,ARIMA,Train,2023-10-01,5443.49,5440.063951235297
Al Warsan First,ARIMA,Train,2023-11-01,5352.37,5485.315776316217
Al Warsan First,ARIMA,Train,2023-12-01,5295.045,5551.065887334514
Al Warsan First,ARIMA,Train,2024-01-01,5313.0,5573.86579546043
Al Warsan First,ARIMA,Train,2024-02-01,5524.37,5593.5379429446475
Al Warsan First,ARIMA,Train,2024-03-01,5570.83,5614.22498665315
Al Warsan First,ARIMA,Train,2024-04-01,5708.62,5685.347146717544
Al Warsan First,ARIMA,Train,2024-05-01,5895.52,5724.375745014725
Al Warsan First,ARIMA,Train,2024-06-01,5798.36,5779.355614597764
Al Warsan First,ARIMA,Train,2024-07-01,5916.575,5866.9766818185835
Al Warsan First,ARIMA,Train,2024-08-01,5970.15,5887.552180208557
Al Warsan First,ARIMA,Train,2024-09-01,5943.4400000000005,5950.056929320722
Al Warsan First,ARIMA,Train,2024-10-01,6044.78,6007.820508384869
Al Warsan First,ARIMA,Train,2024-11-01,6115.48,6040.347102476217
Al Warsan First,ARIMA,Train,2024-12-01,6205.365,6097.643450366922
Al Warsan First,ARIMA,Test,2025-01-01,6441.035,6149.354672555689
Al Warsan First,ARIMA,Test,2025-02-01,6666.67,6216.392482136216
Al Warsan First,ARIMA,Test,2025-03-01,6548.72,6246.782220588283
Al Warsan First,ARIMA,Test,2025-04-01,6417.91,6300.232595255085
Al Warsan First,ARIMA,Test,2025-05-01,6587.105,6345.394746264766
Al Warsan First,ARIMA,Test,2025-06-01,6425.9349999999995,6395.044734563285
Al Warsan First,ARIMA,Test,2025-07-01,6605.924999999999,6442.90533372475
Al Warsan First,ARIMA,Test,2025-08-01,6722.83,6491.6599372235605
Al Warsan First,SARIMA,Train,2022-09-01,4791.69,4791.69
Al Warsan First,SARIMA,Train,2022-10-01,5109.68,4584.058717252162
Al Warsan First,SARIMA,Train,2022-11-01,4963.9,5131.034949326049
Al Warsan First,SARIMA,Train,2022-12-01,4592.844999999999,4990.460548380712
Al Warsan First,SARIMA,Train,2023-01-01,4792.735000000001,4620.45134292865
Al Warsan First,SARIMA,Train,2023-02-01,5509.035,4768.935535476377
Al Warsan First,SARIMA,Train,2023-03-01,4925.92,5454.155534047888
Al Warsan First,SARIMA,Train,2023-04-01,5586.59,4986.826604124593
Al Warsan First,SARIMA,Train,2023-05-01,4955.22,5525.296147214212
Al Warsan First,SARIMA,Train,2023-06-01,5505.62,5015.93994802174
Al Warsan First,SARIMA,Train,2023-07-01,5227.27,5452.0806000409275
Al Warsan First,SARIMA,Train,2023-08-01,5252.355,5257.591175009912
Al Warsan First,SARIMA,Train,2023-09-01,5328.69,7773.825396755556
Al Warsan First,SARIMA,Train,2023-10-01,5443.49,5981.700015531127
Al Warsan First,SARIMA,Train,2023-11-01,5352.37,5578.783400451957
Al Warsan First,SARIMA,Train,2023-12-01,5295.045,5085.469160863128
Al Warsan First,SARIMA,Train,2024-01-01,5313.0,5171.3503540035545
Al Warsan First,SARIMA,Train,2024-02-01,5524.37,5973.410066272905
Al Warsan First,SARIMA,Train,2024-03-01,5570.83,5520.944417989386
Al Warsan First,SARIMA,Train,2024-04-01,5708.62,5937.7650733856735
Al Warsan First,SARIMA,Train,2024-05-01,5895.52,5365.232048392277
Al Warsan First,SARIMA,Train,2024-06-01,5798.36,5715.955018173758
Al Warsan First,SARIMA,Train,2024-07-01,5916.575,5712.54083082587
Al Warsan First,SARIMA,Train,2024-08-01,5970.15,5752.790586042433
Al Warsan First,SARIMA,Train,2024-09-01,5943.4400000000005,5908.142256571139
Al Warsan First,SARIMA,Train,2024-10-01,6044.78,6135.624184704239
Al Warsan First,SARIMA,Train,2024-11-01,6115.48,6076.868221890898
Al Warsan First,SARIMA,Train,2024-12-01,6205.365,5964.640920563315
Al Warsan First,SARIMA,Test,2025-01-01,6441.035,5968.512451451216
Al Warsan First,SARIMA,Test,2025-02-01,6666.67,6310.483000058376
Al Warsan First,SARIMA,Test,2025-03-01,6548.72,6356.943000058376
Al Warsan First,SARIMA,Test,2025-04-01,6417.91,6494.733000058376
Al Warsan First,SARIMA,Test,2025-05-01,6587.105,6681.633000058377
Al Warsan First,SARIMA,Test,2025-06-01,6425.9349999999995,6584.473000058376
Al Warsan First,SARIMA,Test,2025-07-01,6605.924999999999,6702.688000058376
Al Warsan First,SARIMA,Test,2025-08-01,6722.83,6756.263000058376
Al Warsan First,Prophet,Train,2022-09-01,4791.69,4832.712467530974
Al Warsan First,Prophet,Train,2022-10-01,5109.68,5013.847282597505
Al Warsan First,Prophet,Train,2022-11-01,4963.9,4934.869962414332
Al Warsan First,Prophet,Train,2022-12-01,4592.844999999999,4792.758240169849
Al Warsan First,Prophet,Train,2023-01-01,4792.735000000001,4701.645837559701
Al Warsan First,Prophet,Train,2023-02-01,5509.035,5384.044227061824
Al Warsan First,Prophet,Train,2023-03-01,4925.92,4967.825393600003
Al Warsan First,Prophet,Train,2023-04-01,5586.59,5616.7056927929625
Al Warsan First,Prophet,Train,2023-05-01,4955.22,4971.823611596146
Al Warsan First,Prophet,Train,2023-06-01,5505.62,5507.731753612889
Al Warsan First,Prophet,Train,2023-07-01,5227.27,5218.104483361584
Al Warsan First,Prophet,Train,2023-08-01,5252.355,5237.382221958984
Al Warsan First,Prophet,Train,2023-09-01,5328.69,5286.410411253468
Al Warsan First,Prophet,Train,2023-10-01,5443.49,5498.534075188571
Al Warsan First,Prophet,Train,2023-11-01,5352.37,5373.308162381133
Al Warsan First,Prophet,Train,2023-12-01,5295.045,5178.162544060969
Al Warsan First,Prophet,Train,2024-01-01,5313.0,5403.837207022287
Al Warsan First,Prophet,Train,2024-02-01,5524.37,5648.995812551477
Al Warsan First,Prophet,Train,2024-03-01,5570.83,5529.271623660671
Al Warsan First,Prophet,Train,2024-04-01,5708.62,5678.73287510505
Al Warsan First,Prophet,Train,2024-05-01,5895.52,5879.279898080449
Al Warsan First,Prophet,Train,2024-06-01,5798.36,5796.576326608072
Al Warsan First,Prophet,Train,2024-07-01,5916.575,5925.94005852429
Al Warsan First,Prophet,Train,2024-08-01,5970.15,5985.187815287861
Al Warsan First,Prophet,Train,2024-09-01,5943.4400000000005,5944.618344521513
Al Warsan First,Prophet,Train,2024-10-01,6044.78,6085.3636860980405
Al Warsan First,Prophet,Train,2024-11-01,6115.48,6123.25182880983
Al Warsan First,Prophet,Train,2024-12-01,6205.365,6121.899907892004
Al Warsan First,Prophet,Test,2025-01-01,6441.035,5409.733761175199
Al Warsan First,Prophet,Test,2025-02-01,6666.67,7037.942340315686
Al Warsan First,Prophet,Test,2025-03-01,6548.72,6261.664579311429
Al Warsan First,Prophet,Test,2025-04-01,6417.91,6590.473657141029
Al Warsan First,Prophet,Test,2025-05-01,6587.105,6517.903777600872
Al Warsan First,Prophet,Test,2025-06-01,6425.9349999999995,6649.029445436464
Al Warsan First,Prophet,Test,2025-07-01,6605.924999999999,6648.985678255444
Al Warsan First,Prophet,Test,2025-08-01,6722.83,6701.666820638875
Al Yelayiss 2,ARIMA,Train,2022-09-01,8486.295,8486.295
Al Yelayiss 2,ARIMA,Train,2022-10-01,8421.99,8486.295
Al Yelayiss 2,ARIMA,Train,2022-11-01,8385.24,8421.99
Al Yelayiss 2,ARIMA,Train,2022-12-01,8440.61,8385.24
Al Yelayiss 2,ARIMA,Train,2023-01-01,13445.41,8440.61
Al Yelayiss 2,ARIMA,Train,2023-02-01,12592.08,13445.41
Al Yelayiss 2,ARIMA,Train,2023-03-01,11060.145,12592.08
Al Yelayiss 2,ARIMA,Train,2023-04-01,10879.52,11060.145
Al Yelayiss 2,ARIMA,Train,2023-05-01,10091.04,10879.52
Al Yelayiss 2,ARIMA,Train,2023-06-01,10764.97,10091.04
Al Yelayiss 2,ARIMA,Train,2023-07-01,10380.880000000001,10764.97
Al Yelayiss 2,ARIMA,Train,2023-08-01,11026.61,10380.880000000001
Al Yelayiss 2,ARIMA,Train,2023-09-01,11159.015,11026.61
Al Yelayiss 2,ARIMA,Train,2023-10-01,10650.48,11159.015
Al Yelayiss 2,ARIMA,Train,2023-11-01,11312.165,10650.48
Al Yelayiss 2,ARIMA,Train,2023-12-01,12370.279999999999,11312.165
Al Yelayiss 2,ARIMA,Train,2024-01-01,12339.71,12370.279999999999
Al Yelayiss 2,ARIMA,Train,2024-02-01,12636.11,12339.71
Al Yelayiss 2,ARIMA,Train,2024-03-01,12223.55,12636.11
Al Yelayiss 2,ARIMA,Train,2024-04-01,12216.03,12223.55
Al Yelayiss 2,ARIMA,Train,2024-05-01,12305.84,12216.03
Al Yelayiss 2,ARIMA,Train,2024-06-01,13022.880000000001,12305.84
Al Yelayiss 2,ARIMA,Train,2024-07-01,11489.53,13022.880000000001
Al Yelayiss 2,ARIMA,Train,2024-08-01,12146.89,11489.53
Al Yelayiss 2,ARIMA,Train,2024-09-01,12694.955,12146.89
Al Yelayiss 2,ARIMA,Train,2024-10-01,12071.16,12694.955
Al Yelayiss 2,ARIMA,Train,2024-11-01,11912.03,12071.16
Al Yelayiss 2,ARIMA,Train,2024-12-01,12876.62,11912.03
Al Yelayiss 2,ARIMA,Test,2025-01-01,14004.95,12876.62
Al Yelayiss 2,ARIMA,Test,2025-02-01,14293.905,12876.62
Al Yelayiss 2,ARIMA,Test,2025-03-01,13885.51,12876.62
Al Yelayiss 2,ARIMA,Test,2025-04-01,13866.985,12876.62
Al Yelayiss 2,ARIMA,Test,2025-05-01,14698.81,12876.62
Al Yelayiss 2,ARIMA,Test,2025-06-01,13903.244999999999,12876.62
Al Yelayiss 2,ARIMA,Test,2025-07-01,13633.685,12876.62
Al Yelayiss 2,ARIMA,Test,2025-08-01,14188.07,12876.62
Al Yelayiss 2,SARIMA,Train,2022-09-01,8486.295,8486.295
Al Yelayiss 2,SARIMA,Train,2022-10-01,8421.99,8486.294999999867
Al Yelayiss 2,SARIMA,Train,2022-11-01,8385.24,8421.990000000022
Al Yelayiss 2,SARIMA,Train,2022-12-01,8440.61,8385.239999999983
Al Yelayiss 2,SARIMA,Train,2023-01-01,13445.41,8440.609999999955
Al Yelayiss 2,SARIMA,Train,2023-02-01,12592.08,13445.40999999995
Al Yelayiss 2,SARIMA,Train,2023-03-01,11060.145,12592.080000000002
Al Yelayiss 2,SARIMA,Train,2023-04-01,10879.52,11060.145000000095
Al Yelayiss 2,SARIMA,Train,2023-05-01,10091.04,10879.520000000277
Al Yelayiss 2,SARIMA,Train,2023-06-01,10764.97,10091.040000000234
Al Yelayiss 2,SARIMA,Train,2023-07-01,10380.880000000001,10764.970000000118
Al Yelayiss 2,SARIMA,Train,2023-08-01,11026.61,10380.880000000263
Al Yelayiss 2,SARIMA,Train,2023-09-01,11159.015,15297.695563380781
Al Yelayiss 2,SARIMA,Train,2023-10-01,10650.48,11115.83540969016
Al Yelayiss 2,SARIMA,Train,2023-11-01,11312.165,10625.803070618176
Al Yelayiss 2,SARIMA,Train,2023-12-01,12370.279999999999,11349.344906934974
Al Yelayiss 2,SARIMA,Train,2024-01-01,12339.71,15730.90846719579
Al Yelayiss 2,SARIMA,Train,2024-02-01,12636.11,11766.715057162462
Al Yelayiss 2,SARIMA,Train,2024-03-01,12223.55,11607.444644562243
Al Yelayiss 2,SARIMA,Train,2024-04-01,12216.03,12102.263731440158
Al Yelayiss 2,SARIMA,Train,2024-05-01,12305.84,11686.580604656112
Al Yelayiss 2,SARIMA,Train,2024-06-01,13022.880000000001,12758.371238590144
Al Yelayiss 2,SARIMA,Train,2024-07-01,11489.53,12764.970835205133
Al Yelayiss 2,SARIMA,Train,2024-08-01,12146.89,11923.125472370906
Al Yelayiss 2,SARIMA,Train,2024-09-01,12694.955,13195.914684185522
Al Yelayiss 2,SARIMA,Train,2024-10-01,12071.16,12574.39276186261
Al Yelayiss 2,SARIMA,Train,2024-11-01,11912.03,12204.93656590661
Al Yelayiss 2,SARIMA,Train,2024-12-01,12876.62,12147.844141638328
Al Yelayiss 2,SARIMA,Test,2025-01-01,14004.95,13829.92416838876
Al Yelayiss 2,SARIMA,Test,2025-02-01,14293.905,13729.356199882017
Al Yelayiss 2,SARIMA,Test,2025-03-01,13885.51,13347.76095499542
Al Yelayiss 2,SARIMA,Test,2025-04-01,13866.985,13311.520603897432
Al Yelayiss 2,SARIMA,Test,2025-05-01,14698.81,13179.421514283304
Al Yelayiss 2,SARIMA,Test,2025-06-01,13903.244999999999,13461.271870562086
Al Yelayiss 2,SARIMA,Test,2025-07-01,13633.685,13061.273661604502
Al Yelayiss 2,SARIMA,Test,2025-08-01,14188.07,13325.014366824764
Al Yelayiss 2,Prophet,Train,2022-09-01,8486.295,8874.069982778341
Al Yelayiss 2,Prophet,Train,2022-10-01,8421.99,8521.007573887817
Al Yelayiss 2,Prophet,Train,2022-11-01,8385.24,8795.72868623909
Al Yelayiss 2,Prophet,Train,2022-12-01,8440.61,9525.954985238155
Al Yelayiss 2,Prophet,Train,2023-01-01,13445.41,12620.087869688576
Al Yelayiss 2,Prophet,Train,2023-02-01,12592.08,11583.40510637904
Al Yelayiss 2,Prophet,Train,2023-03-01,11060.145,11331.879324613601
Al Yelayiss 2,Prophet,Train,2023-04-01,10879.52,10985.02034913013
Al Yelayiss 2,Prophet,Train,2023-05-01,10091.04,10026.162018356063
Al Yelayiss 2,Prophet,Train,2023-06-01,10764.97,10545.723562769726
Al Yelayiss 2,Prophet,Train,2023-07-01,10380.880000000001,10067.527107314596
Al Yelayiss 2,Prophet,Train,2023-08-01,11026.61,10702.720756878363
Al Yelayiss 2,Prophet,Train,2023-09-01,11159.015,10620.448410680036
Al Yelayiss 2,Prophet,Train,2023-10-01,10650.48,10421.034407467836
Al Yelayiss 2,Prophet,Train,2023-11-01,11312.165,11035.364655900536
Al Yelayiss 2,Prophet,Train,2023-12-01,12370.279999999999,11805.932966581317
Al Yelayiss 2,Prophet,Train,2024-01-01,12339.71,13163.765882470558
Al Yelayiss 2,Prophet,Train,2024-02-01,12636.11,13643.57219202703
Al Yelayiss 2,Prophet,Train,2024-03-01,12223.55,11956.426328800577
Al Yelayiss 2,Prophet,Train,2024-04-01,12216.03,12114.739173811775
Al Yelayiss 2,Prophet,Train,2024-05-01,12305.84,12374.914403740851
Al Yelayiss 2,Prophet,Train,2024-06-01,13022.880000000001,13246.062906152896
Al Yelayiss 2,Prophet,Train,2024-07-01,11489.53,11803.856652860282
Al Yelayiss 2,Prophet,Train,2024-08-01,12146.89,12470.75630966575
Al Yelayiss 2,Prophet,Train,2024-09-01,12694.955,12844.36239738903
Al Yelayiss 2,Prophet,Train,2024-10-01,12071.16,12197.943163999946
Al Yelayiss 2,Prophet,Train,2024-11-01,11912.03,11774.435200667405
Al Yelayiss 2,Prophet,Train,2024-12-01,12876.62,12352.290199861642
Al Yelayiss 2,Prophet,Test,2025-01-01,14004.95,18972.409688484397
Al Yelayiss 2,Prophet,Test,2025-02-01,14293.905,14982.837679625696
Al Yelayiss 2,Prophet,Test,2025-03-01,13885.51,14229.076372863039
Al Yelayiss 2,Prophet,Test,2025-04-01,13866.985,14230.97072155103
Al Yelayiss 2,Prophet,Test,2025-05-01,14698.81,14085.301232672506
Al Yelayiss 2,Prophet,Test,2025-06-01,13903.244999999999,14829.813440900427
Al Yelayiss 2,Prophet,Test,2025-07-01,13633.685,13704.071526076948
Al Yelayiss 2,Prophet,Test,2025-08-01,14188.07,14364.629321410788
Bukadra,ARIMA,Train,2024-01-01,25026.184999999998,25551.324544516217
Bukadra,ARIMA,Train,2024-02-01,24622.309999999998,25302.79062751748
Bukadra,ARIMA,Train,2024-03-01,24756.895,25111.647841231337
Bukadra,ARIMA,Train,2024-04-01,24757.12,25175.343172441047
Bukadra,ARIMA,Train,2024-05-01,24757.21,25175.44965867296
Bukadra,ARIMA,Train,2024-06-01,26851.64,25175.492253165725
Bukadra,ARIMA,Train,2024-07-01,26371.6,26166.727625202322
Bukadra,ARIMA,Train,2024-08-01,25887.33,25939.538066232843
Bukadra,ARIMA,Train,2024-09-01,25995.025,25710.346566103377
Bukadra,ARIMA,Train,2024-10-01,25940.98,25761.31560941897
Bukadra,ARIMA,Train,2024-11-01,25671.96,25735.737616513157
Bukadra,ARIMA,Train,2024-12-01,25349.15,25608.41794491502
Bukadra,ARIMA,Train,2025-01-01,24482.54,25455.640964807244
Bukadra,ARIMA,Train,2025-02-01,25887.275,25045.498593966186
Bukadra,ARIMA,Train,2025-03-01,25940.89,25710.320536135572
Bukadra,ARIMA,Train,2025-04-01,26317.57,25735.695022020394
Bukadra,ARIMA,Test,2025-05-01,26156.43,25913.96717240916
Bukadra,ARIMA,Test,2025-06-01,25994.905,25722.953197742052
Bukadra,ARIMA,Test,2025-07-01,27448.055,25632.551604829736
Bukadra,ARIMA,Test,2025-08-01,27070.85,25589.767049326263
Bukadra,SARIMA,Train,2024-01-01,25026.184999999998,25026.184999999998
Bukadra,SARIMA,Train,2024-02-01,24622.309999999998,24004.038249795987
Bukadra,SARIMA,Train,2024-03-01,24756.895,24575.47550660044
Bukadra,SARIMA,Train,2024-04-01,24757.12,24743.115917927957
Bukadra,SARIMA,Train,2024-05-01,24757.21,24756.05635278066
Bukadra,SARIMA,Train,2024-06-01,26851.64,24757.122377422624
Bukadra,SARIMA,Train,2024-07-01,26371.6,26692.555810773865
Bukadra,SARIMA,Train,2024-08-01,25887.33,26395.977448241134
Bukadra,SARIMA,Train,2024-09-01,25995.025,25925.963127758576
Bukadra,SARIMA,Train,2024-10-01,25940.98,25989.779566954432
Bukadra,SARIMA,Train,2024-11-01,25671.96,25944.68645701897
Bukadra,SARIMA,Train,2024-12-01,25349.15,25692.67430043263
Bukadra,SARIMA,Train,2025-01-01,24482.54,38888.569335871376
Bukadra,SARIMA,Train,2025-02-01,25887.275,25882.062197152296
Bukadra,SARIMA,Train,2025-03-01,25940.89,26019.07979040006
Bukadra,SARIMA,Train,2025-04-01,26317.57,25994.421065125374
Bukadra,SARIMA,Test,2025-05-01,26156.43,26072.55288414817
Bukadra,SARIMA,Test,2025-06-01,25994.905,28166.982884148165
Bukadra,SARIMA,Test,2025-07-01,27448.055,27686.942884148164
Bukadra,SARIMA,Test,2025-08-01,27070.85,27202.672884148167
Bukadra,Prophet,Train,2024-01-01,25026.184999999998,25026.21539953427
Bukadra,Prophet,Train,2024-02-01,24622.309999999998,24622.16792413724
Bukadra,Prophet,Train,2024-03-01,24756.895,24757.155109554235
Bukadra,Prophet,Train,2024-04-01,24757.12,24756.919772887035
Bukadra,Prophet,Train,2024-05-01,24757.21,24757.05264332457
Bukadra,Prophet,Train,2024-06-01,26851.64,26852.054816751912
Bukadra,Prophet,Train,2024-07-01,26371.6,26371.47872912289
Bukadra,Prophet,Train,2024-08-01,25887.33,25887.166116586133
Bukadra,Prophet,Train,2024-09-01,25995.025,25995.000924811164
Bukadra,Prophet,Train,2024-10-01,25940.98,25941.030944165595
Bukadra,Prophet,Train,2024-11-01,25671.96,25671.96850131148
Bukadra,Prophet,Train,2024-12-01,25349.15,25349.158039484908
Bukadra,Prophet,Train,2025-01-01,24482.54,24482.59246595974
Bukadra,Prophet,Train,2025-02-01,25887.275,25887.152745752654
Bukadra,Prophet,Train,2025-03-01,25940.89,25941.16114432384
Bukadra,Prophet,Train,2025-04-01,26317.57,26317.37954366028
Bukadra,Prophet,Test,2025-05-01,26156.43,16003.606545849296
Bukadra,Prophet,Test,2025-06-01,25994.905,-7084.712339204894
Bukadra,Prophet,Test,2025-07-01,27448.055,12192.614035590814
Bukadra,Prophet,Test,2025-08-01,27070.85,33258.578241512565
Burj Khalifa,ARIMA,Train,2022-09-01,20033.120000000003,21502.843392857147
Burj Khalifa,ARIMA,Train,2022-10-01,20359.47,21502.843392857147
Burj Khalifa,ARIMA,Train,2022-11-01,20333.12,21502.843392857147
Burj Khalifa,ARIMA,Train,2022-12-01,21072.225,21502.843392857147
Burj Khalifa,ARIMA,Train,2023-01-01,24575.83,21502.843392857147
Burj Khalifa,ARIMA,Train,2023-02-01,22629.45,21502.843392857147
Burj Khalifa,ARIMA,Train,2023-03-01,22146.35,21502.843392857147
Burj Khalifa,ARIMA,Train,2023-04-01,20265.96,21502.843392857147
Burj Khalifa,ARIMA,Train,2023-05-01,21424.445,21502.843392857147
Burj Khalifa,ARIMA,Train,2023-06-01,20378.83,21502.843392857147
Burj Khalifa,ARIMA,Train,2023-07-01,19220.21,21502.843392857147
Burj Khalifa,ARIMA,Train,2023-08-01,22040.3,21502.843392857147
Burj Khalifa,ARIMA,Train,2023-09-01,19934.5,21502.843392857147
Burj Khalifa,ARIMA,Train,2023-10-01,23343.525,21502.843392857147
Burj Khalifa,ARIMA,Train,2023-11-01,23897.120000000003,21502.843392857147
Burj Khalifa,ARIMA,Train,2023-12-01,20939.685,21502.843392857147
Burj Khalifa,ARIMA,Train,2024-01-01,22716.41,21502.843392857147
Burj Khalifa,ARIMA,Train,2024-02-01,20699.02,21502.843392857147
Burj Khalifa,ARIMA,Train,2024-03-01,21615.375,21502.843392857147
Burj Khalifa,ARIMA,Train,2024-04-01,21795.16,21502.843392857147
Burj Khalifa,ARIMA,Train,2024-05-01,19865.8,21502.843392857147
Burj Khalifa,ARIMA,Train,2024-06-01,20565.77,21502.843392857147
Burj Khalifa,ARIMA,Train,2024-07-01,18203.4,21502.843392857147
Burj Khalifa,ARIMA,Train,2024-08-01,24599.59,21502.843392857147
Burj Khalifa,ARIMA,Train,2024-09-01,21244.69,21502.843392857147
Burj Khalifa,ARIMA,Train,2024-10-01,22484.72,21502.843392857147
Burj Khalifa,ARIMA,Train,2024-11-01,23495.24,21502.843392857147
Burj Khalifa,ARIMA,Train,2024-12-01,22200.3,21502.843392857147
Burj Khalifa,ARIMA,Test,2025-01-01,22785.2,21502.843392857147
Burj Khalifa,ARIMA,Test,2025-02-01,21524.59,21502.843392857147
Burj Khalifa,ARIMA,Test,2025-03-01,22539.25,21502.843392857147
Burj Khalifa,ARIMA,Test,2025-04-01,23490.55,21502.843392857147
Burj Khalifa,ARIMA,Test,2025-05-01,23142.79,21502.843392857147
Burj Khalifa,ARIMA,Test,2025-06-01,18146.72,21502.843392857147
Burj Khalifa,ARIMA,Test,2025-07-01,20308.69,21502.843392857147
Burj Khalifa,ARIMA,Test,2025-08-01,21108.61,21502.843392857147
Burj Khalifa,SARIMA,Train,2022-09-01,20033.120000000003,20033.120000000003
Burj Khalifa,SARIMA,Train,2022-10-01,20359.47,17247.808445092825
Burj Khalifa,SARIMA,Train,2022-11-01,20333.12,18237.222007103606
Burj Khalifa,SARIMA,Train,2022-12-01,21072.225,21144.095673567022
Burj Khalifa,SARIMA,Train,2023-01-01,24575.83,22985.76506826325
Burj Khalifa,SARIMA,Train,2023-02-01,22629.45,24365.623670835965
Burj Khalifa,SARIMA,Train,2023-03-01,22146.35,21514.77211161427
Burj Khalifa,SARIMA,Train,2023-04-01,20265.96,21695.62884261286
Burj Khalifa,SARIMA,Train,2023-05-01,21424.445,21260.796728755573
Burj Khalifa,SARIMA,Train,2023-06-01,20378.83,22066.575045781618
Burj Khalifa,SARIMA,Train,2023-07-01,19220.21,20238.29571879227
Burj Khalifa,SARIMA,Train,2023-08-01,22040.3,18812.349529372175
Burj Khalifa,SARIMA,Train,2023-09-01,19934.5,36691.119611259724
Burj Khalifa,SARIMA,Train,2023-10-01,23343.525,24279.650452358517
Burj Khalifa,SARIMA,Train,2023-11-01,23897.120000000003,24761.856865378013
Burj Khalifa,SARIMA,Train,2023-12-01,20939.685,22450.70769376821
Burj Khalifa,SARIMA,Train,2024-01-01,22716.41,23029.712634998323
Burj Khalifa,SARIMA,Train,2024-02-01,20699.02,21745.185181759054
Burj Khalifa,SARIMA,Train,2024-03-01,21615.375,22027.49574485367
Burj Khalifa,SARIMA,Train,2024-04-01,21795.16,19656.503222336727
Burj Khalifa,SARIMA,Train,2024-05-01,19865.8,20789.07105241877
Burj Khalifa,SARIMA,Train,2024-06-01,20565.77,18630.241628814
Burj Khalifa,SARIMA,Train,2024-07-01,18203.4,20107.426490782556
Burj Khalifa,SARIMA,Train,2024-08-01,24599.59,22484.383379756022
Burj Khalifa,SARIMA,Train,2024-09-01,21244.69,21070.482074895303
Burj Khalifa,SARIMA,Train,2024-10-01,22484.72,23593.079911198787
Burj Khalifa,SARIMA,Train,2024-11-01,23495.24,23861.567538870848
Burj Khalifa,SARIMA,Train,2024-12-01,22200.3,21534.16999335911
Burj Khalifa,SARIMA,Test,2025-01-01,22785.2,23434.789322972418
Burj Khalifa,SARIMA,Test,2025-02-01,21524.59,20539.225202063975
Burj Khalifa,SARIMA,Test,2025-03-01,22539.25,21526.32758364419
Burj Khalifa,SARIMA,Test,2025-04-01,23490.55,22421.959332506925
Burj Khalifa,SARIMA,Test,2025-05-01,23142.79,20636.438123647396
Burj Khalifa,SARIMA,Test,2025-06-01,18146.72,20979.293558372152
Burj Khalifa,SARIMA,Test,2025-07-01,20308.69,18266.903595511
Burj Khalifa,SARIMA,Test,2025-08-01,21108.61,24932.085480721536
Burj Khalifa,Prophet,Train,2022-09-01,20033.120000000003,19626.28744643727
Burj Khalifa,Prophet,Train,2022-10-01,20359.47,21514.813060144163
Burj Khalifa,Prophet,Train,2022-11-01,20333.12,22012.91593478202
Burj Khalifa,Prophet,Train,2022-12-01,21072.225,20764.57152340228
Burj Khalifa,Prophet,Train,2023-01-01,24575.83,23397.920813438337
Burj Khalifa,Prophet,Train,2023-02-01,22629.45,21633.803454531302
Burj Khalifa,Prophet,Train,2023-03-01,22146.35,22293.09853958842
Burj Khalifa,Prophet,Train,2023-04-01,20265.96,20175.203728189103
Burj Khalifa,Prophet,Train,2023-05-01,21424.445,21151.45073233504
Burj Khalifa,Prophet,Train,2023-06-01,20378.83,20001.228876608024
Burj Khalifa,Prophet,Train,2023-07-01,19220.21,18840.8204925171
Burj Khalifa,Prophet,Train,2023-08-01,22040.3,21764.578541090174
Burj Khalifa,Prophet,Train,2023-09-01,19934.5,20076.145436578747
Burj Khalifa,Prophet,Train,2023-10-01,23343.525,22635.19543431398
Burj Khalifa,Prophet,Train,2023-11-01,23897.120000000003,23042.79405617642
Burj Khalifa,Prophet,Train,2023-12-01,20939.685,21535.090813250754
Burj Khalifa,Prophet,Train,2024-01-01,22716.41,23895.201037141902
Burj Khalifa,Prophet,Train,2024-02-01,20699.02,21696.63814664481
Burj Khalifa,Prophet,Train,2024-03-01,21615.375,21475.180706910618
Burj Khalifa,Prophet,Train,2024-04-01,21795.16,21891.3155265399
Burj Khalifa,Prophet,Train,2024-05-01,19865.8,20141.871180103142
Burj Khalifa,Prophet,Train,2024-06-01,20565.77,20945.39026741411
Burj Khalifa,Prophet,Train,2024-07-01,18203.4,18580.69872060511
Burj Khalifa,Prophet,Train,2024-08-01,24599.59,24872.12984981443
Burj Khalifa,Prophet,Train,2024-09-01,21244.69,21505.90929724335
Burj Khalifa,Prophet,Train,2024-10-01,22484.72,22032.41504003337
Burj Khalifa,Prophet,Train,2024-11-01,23495.24,22664.608158881725
Burj Khalifa,Prophet,Train,2024-12-01,22200.3,21911.712948236614
Burj Khalifa,Prophet,Test,2025-01-01,22785.2,25087.42363437506
Burj Khalifa,Prophet,Test,2025-02-01,21524.59,24246.450975414547
Burj Khalifa,Prophet,Test,2025-03-01,22539.25,22648.88103133141
Burj Khalifa,Prophet,Test,2025-04-01,23490.55,22222.676617657136
Burj Khalifa,Prophet,Test,2025-05-01,23142.79,21383.918006280426
Burj Khalifa,Prophet,Test,2025-06-01,18146.72,21545.14772443868
Burj Khalifa,Prophet,Test,2025-07-01,20308.69,19587.06641701274
Burj Khalifa,Prophet,Test,2025-08-01,21108.61,24750.890768846606
Business Bay,ARIMA,Train,2022-09-01,21401.29,21401.29
Business Bay,ARIMA,Train,2022-10-01,23419.45,21401.290000000005
Business Bay,ARIMA,Train,2022-11-01,18422.41,23419.45
Business Bay,ARIMA,Train,2022-12-01,21155.739999999998,18422.41
Business Bay,ARIMA,Train,2023-01-01,22613.239999999998,21155.739999999998
Business Bay,ARIMA,Train,2023-02-01,22023.275,22613.239999999998
Business Bay,ARIMA,Train,2023-03-01,22286.68,22023.275
Business Bay,ARIMA,Train,2023-04-01,20934.37,22286.68
Business Bay,ARIMA,Train,2023-05-01,17569.825,20934.37
Business Bay,ARIMA,Train,2023-06-01,17808.22,17569.825
Business Bay,ARIMA,Train,2023-07-01,20727.62,17808.22
Business Bay,ARIMA,Train,2023-08-01,26474.085,20727.62
Business Bay,ARIMA,Train,2023-09-01,24577.574999999997,26474.085
Business Bay,ARIMA,Train,2023-10-01,20942.41,24577.574999999997
Business Bay,ARIMA,Train,2023-11-01,22021.015,20942.41
Business Bay,ARIMA,Train,2023-12-01,23177.71,22021.015
Business Bay,ARIMA,Train,2024-01-01,23561.59,23177.71
Business Bay,ARIMA,Train,2024-02-01,21714.025,23561.59
Business Bay,ARIMA,Train,2024-03-01,23890.885000000002,21714.025
Business Bay,ARIMA,Train,2024-04-01,23238.45,23890.885000000002
Business Bay,ARIMA,Train,2024-05-01,23124.01,23238.45
Business Bay,ARIMA,Train,2024-06-01,24041.85,23124.01
Business Bay,ARIMA,Train,2024-07-01,22481.065000000002,24041.85
Business Bay,ARIMA,Train,2024-08-01,23421.15,22481.065000000002
Business Bay,ARIMA,Train,2024-09-01,22692.309999999998,23421.15
Business Bay,ARIMA,Train,2024-10-01,24100.35,22692.309999999998
Business Bay,ARIMA,Train,2024-11-01,22876.0,24100.35
Business Bay,ARIMA,Train,2024-12-01,24424.68,22876.0
Business Bay,ARIMA,Test,2025-01-01,23321.55,24424.68
Business Bay,ARIMA,Test,2025-02-01,23240.37,24424.68
Business Bay,ARIMA,Test,2025-03-01,25290.84,24424.68
Business Bay,ARIMA,Test,2025-04-01,23809.52,24424.68
Business Bay,ARIMA,Test,2025-05-01,23823.82,24424.68
Business Bay,ARIMA,Test,2025-06-01,25021.29,24424.68
Business Bay,ARIMA,Test,2025-07-01,24904.04,24424.68
Business Bay,ARIMA,Test,2025-08-01,27637.59,24424.68
Business Bay,SARIMA,Train,2022-09-01,21401.29,21401.29
Business Bay,SARIMA,Train,2022-10-01,23419.45,23224.637188894587
Business Bay,SARIMA,Train,2022-11-01,18422.41,19491.31568500574
Business Bay,SARIMA,Train,2022-12-01,21155.739999999998,19479.730511051137
Business Bay,SARIMA,Train,2023-01-01,22613.239999999998,21298.983499621474
Business Bay,SARIMA,Train,2023-02-01,22023.275,22456.951267835357
Business Bay,SARIMA,Train,2023-03-01,22286.68,21739.32036728896
Business Bay,SARIMA,Train,2023-04-01,20934.37,22541.657190603313
Business Bay,SARIMA,Train,2023-05-01,17569.825,20518.519585789334
Business Bay,SARIMA,Train,2023-06-01,17808.22,17289.950941522802
Business Bay,SARIMA,Train,2023-07-01,20727.62,19237.43803933038
Business Bay,SARIMA,Train,2023-08-01,26474.085,20365.731516945747
Business Bay,SARIMA,Train,2023-09-01,24577.574999999997,42749.13579377354
Business Bay,SARIMA,Train,2023-10-01,20942.41,21336.69071416998
Business Bay,SARIMA,Train,2023-11-01,22021.015,22231.671291223895
Business Bay,SARIMA,Train,2023-12-01,23177.71,22645.887112476474
Business Bay,SARIMA,Train,2024-01-01,23561.59,25088.159904753287
Business Bay,SARIMA,Train,2024-02-01,21714.025,22347.154546474376
Business Bay,SARIMA,Train,2024-03-01,23890.885000000002,22319.803640399587
Business Bay,SARIMA,Train,2024-04-01,23238.45,23324.34429810484
Business Bay,SARIMA,Train,2024-05-01,23124.01,19688.41708339255
Business Bay,SARIMA,Train,2024-06-01,24041.85,24712.438743063292
Business Bay,SARIMA,Train,2024-07-01,22481.065000000002,24808.452805329976
Business Bay,SARIMA,Train,2024-08-01,23421.15,27400.09921339829
Business Bay,SARIMA,Train,2024-09-01,22692.309999999998,23885.493947774452
Business Bay,SARIMA,Train,2024-10-01,24100.35,20980.528331072204
Business Bay,SARIMA,Train,2024-11-01,22876.0,25188.60792444641
Business Bay,SARIMA,Train,2024-12-01,24424.68,22334.228165040528
Business Bay,SARIMA,Test,2025-01-01,23321.55,26888.14281962985
Business Bay,SARIMA,Test,2025-02-01,23240.37,24118.616841637468
Business Bay,SARIMA,Test,2025-03-01,25290.84,26281.90072931809
Business Bay,SARIMA,Test,2025-04-01,23809.52,25434.253086796176
Business Bay,SARIMA,Test,2025-05-01,23823.82,24808.891710629803
Business Bay,SARIMA,Test,2025-06-01,25021.29,25607.088539946933
Business Bay,SARIMA,Test,2025-07-01,24904.04,24789.975879784637
Business Bay,SARIMA,Test,2025-08-01,27637.59,26510.664562126996
Business Bay,Prophet,Train,2022-09-01,21401.29,21819.10253989966
Business Bay,Prophet,Train,2022-10-01,23419.45,21235.18609616855
Business Bay,Prophet,Train,2022-11-01,18422.41,19631.552409574575
Business Bay,Prophet,Train,2022-12-01,21155.739999999998,21475.12604159738
Business Bay,Prophet,Train,2023-01-01,22613.239999999998,22727.88020881551
Business Bay,Prophet,Train,2023-02-01,22023.275,20719.66587670583
Business Bay,Prophet,Train,2023-03-01,22286.68,23102.624581878503
Business Bay,Prophet,Train,2023-04-01,20934.37,21886.89433938348
Business Bay,Prophet,Train,2023-05-01,17569.825,18474.923337199827
Business Bay,Prophet,Train,2023-06-01,17808.22,18472.542238484835
Business Bay,Prophet,Train,2023-07-01,20727.62,21039.039349793118
Business Bay,Prophet,Train,2023-08-01,26474.085,26396.22717738749
Business Bay,Prophet,Train,2023-09-01,24577.574999999997,23893.873408637377
Business Bay,Prophet,Train,2023-10-01,20942.41,21788.43418546983
Business Bay,Prophet,Train,2023-11-01,22021.015,20595.113655808025
Business Bay,Prophet,Train,2023-12-01,23177.71,22553.833415093715
Business Bay,Prophet,Train,2024-01-01,23561.59,23436.89947209668
Business Bay,Prophet,Train,2024-02-01,21714.025,23003.53206645192
Business Bay,Prophet,Train,2024-03-01,23890.885000000002,23071.571866420687
Business Bay,Prophet,Train,2024-04-01,23238.45,22282.92659638248
Business Bay,Prophet,Train,2024-05-01,23124.01,22224.36303364165
Business Bay,Prophet,Train,2024-06-01,24041.85,23383.737597431722
Business Bay,Prophet,Train,2024-07-01,22481.065000000002,22179.605395914175
Business Bay,Prophet,Train,2024-08-01,23421.15,23507.48779199158
Business Bay,Prophet,Train,2024-09-01,22692.309999999998,22965.1224452624
Business Bay,Prophet,Train,2024-10-01,24100.35,25440.862490470226
Business Bay,Prophet,Train,2024-11-01,22876.0,23090.370461394585
Business Bay,Prophet,Train,2024-12-01,24424.68,24720.963269386197
Business Bay,Prophet,Test,2025-01-01,23321.55,26770.867626887986
Business Bay,Prophet,Test,2025-02-01,23240.37,21607.022957994628
Business Bay,Prophet,Test,2025-03-01,25290.84,24888.565047825927
Business Bay,Prophet,Test,2025-04-01,23809.52,23971.071883384393
Business Bay,Prophet,Test,2025-05-01,23823.82,22787.298549646388
Business Bay,Prophet,Test,2025-06-01,25021.29,23520.980855796322
Business Bay,Prophet,Test,2025-07-01,24904.04,23545.981341241226
Business Bay,Prophet,Test,2025-08-01,27637.59,26248.36669105761
Hadaeq Sheikh Mohammed Bin Rashid,ARIMA,Train,2022-09-01,19247.745000000003,19247.745000000003
Hadaeq Sheikh Mohammed Bin Rashid,ARIMA,Train,2022-10-01,18890.44,19247.745000000003
Hadaeq Sheikh Mohammed Bin Rashid,ARIMA,Train,2022-11-01,19033.67,18890.44
Hadaeq Sheikh Mohammed Bin Rashid,ARIMA,Train,2022-12-01,17876.41,19033.67
Hadaeq Sheikh Mohammed Bin Rashid,ARIMA,Train,2023-01-01,20014.385000000002,17876.41
Hadaeq Sheikh Mohammed Bin Rashid,ARIMA,Train,2023-02-01,18469.97,20014.385000000002
Hadaeq Sheikh Mohammed Bin Rashid,ARIMA,Train,2023-03-01,20932.63,18469.97
Hadaeq Sheikh Mohammed Bin Rashid,ARIMA,Train,2023-04-01,22031.93,20932.63
Hadaeq Sheikh Mohammed Bin Rashid,ARIMA,Train,2023-05-01,19593.89,22031.93
Hadaeq Sheikh Mohammed Bin Rashid,ARIMA,Train,2023-06-01,20312.235,19593.89
Hadaeq Sheikh Mohammed Bin Rashid,ARIMA,Train,2023-07-01,20572.92,20312.235
Hadaeq Sheikh Mohammed Bin Rashid,ARIMA,Train,2023-08-01,20298.870000000003,20572.92
Hadaeq Sheikh Mohammed Bin Rashid,ARIMA,Train,2023-09-01,21364.48,20298.870000000003
Hadaeq Sheikh Mohammed Bin Rashid,ARIMA,Train,2023-10-01,21584.23,21364.48
Hadaeq Sheikh Mohammed Bin Rashid,ARIMA,Train,2023-11-01,22163.504999999997,21584.23
Hadaeq Sheikh Mohammed Bin Rashid,ARIMA,Train,2023-12-01,22803.324999999997,22163.504999999997
Hadaeq Sheikh Mohammed Bin Rashid,ARIMA,Train,2024-01-01,22954.22,22803.324999999997
Hadaeq Sheikh Mohammed Bin Rashid,ARIMA,Train,2024-02-01,22144.055,22954.22
Hadaeq Sheikh Mohammed Bin Rashid,ARIMA,Train,2024-03-01,21904.645,22144.055
Hadaeq Sheikh Mohammed Bin Rashid,ARIMA,Train,2024-04-01,23365.315000000002,21904.645
Hadaeq Sheikh Mohammed Bin Rashid,ARIMA,Train,2024-05-01,24346.88,23365.315000000002
Hadaeq Sheikh Mohammed Bin Rashid,ARIMA,Train,2024-06-01,23414.02,24346.88
Hadaeq Sheikh Mohammed Bin Rashid,ARIMA,Train,2024-07-01,25748.24,23414.02
Hadaeq Sheikh Mohammed Bin Rashid,ARIMA,Train,2024-08-01,22838.065,25748.24
Hadaeq Sheikh Mohammed Bin Rashid,ARIMA,Train,2024-09-01,24810.5,22838.065
Hadaeq Sheikh Mohammed Bin Rashid,ARIMA,Train,2024-10-01,26143.04,24810.5
Hadaeq Sheikh Mohammed Bin Rashid,ARIMA,Train,2024-11-01,24263.94,26143.04
Hadaeq Sheikh Mohammed Bin Rashid,ARIMA,Train,2024-12-01,23718.879999999997,24263.94
Hadaeq Sheikh Mohammed Bin Rashid,ARIMA,Test,2025-01-01,23919.73,23718.879999999997
Hadaeq Sheikh Mohammed Bin Rashid,ARIMA,Test,2025-02-01,24636.39,23718.879999999997
Hadaeq Sheikh Mohammed Bin Rashid,ARIMA,Test,2025-03-01,25055.27,23718.879999999997
Hadaeq Sheikh Mohammed Bin Rashid,ARIMA,Test,2025-04-01,25469.195,23718.879999999997
Hadaeq Sheikh Mohammed Bin Rashid,ARIMA,Test,2025-05-01,24677.925,23718.879999999997
Hadaeq Sheikh Mohammed Bin Rashid,ARIMA,Test,2025-06-01,25628.805,23718.879999999997
Hadaeq Sheikh Mohammed Bin Rashid,ARIMA,Test,2025-07-01,27213.77,23718.879999999997
Hadaeq Sheikh Mohammed Bin Rashid,ARIMA,Test,2025-08-01,25652.485,23718.879999999997
Hadaeq Sheikh Mohammed Bin Rashid,SARIMA,Train,2022-09-01,19247.745000000003,19247.745000000003
Hadaeq Sheikh Mohammed Bin Rashid,SARIMA,Train,2022-10-01,18890.44,19247.745000000003
Hadaeq Sheikh Mohammed Bin Rashid,SARIMA,Train,2022-11-01,19033.67,18890.44
Hadaeq Sheikh Mohammed Bin Rashid,SARIMA,Train,2022-12-01,17876.41,19033.67
Hadaeq Sheikh Mohammed Bin Rashid,SARIMA,Train,2023-01-01,20014.385000000002,17876.41
Hadaeq Sheikh Mohammed Bin Rashid,SARIMA,Train,2023-02-01,18469.97,20014.385000000002
Hadaeq Sheikh Mohammed Bin Rashid,SARIMA,Train,2023-03-01,20932.63,18469.97
Hadaeq Sheikh Mohammed Bin Rashid,SARIMA,Train,2023-04-01,22031.93,20932.63
Hadaeq Sheikh Mohammed Bin Rashid,SARIMA,Train,2023-05-01,19593.89,22031.93
Hadaeq Sheikh Mohammed Bin Rashid,SARIMA,Train,2023-06-01,20312.235,19593.89
Hadaeq Sheikh Mohammed Bin Rashid,SARIMA,Train,2023-07-01,20572.92,20312.235
Hadaeq Sheikh Mohammed Bin Rashid,SARIMA,Train,2023-08-01,20298.870000000003,20572.92
Hadaeq Sheikh Mohammed Bin Rashid,SARIMA,Train,2023-09-01,21364.48,33043.51475176101
Hadaeq Sheikh Mohammed Bin Rashid,SARIMA,Train,2023-10-01,21584.23,21073.92271193198
Hadaeq Sheikh Mohammed Bin Rashid,SARIMA,Train,2023-11-01,22163.504999999997,21700.70337812228
Hadaeq Sheikh Mohammed Bin Rashid,SARIMA,Train,2023-12-01,22803.324999999997,21222.431331314725
Hadaeq Sheikh Mohammed Bin Rashid,SARIMA,Train,2024-01-01,22954.22,24541.907493828006
Hadaeq Sheikh Mohammed Bin Rashid,SARIMA,Train,2024-02-01,22144.055,21698.31528539605
Hadaeq Sheikh Mohammed Bin Rashid,SARIMA,Train,2024-03-01,21904.645,24146.66848437212
Hadaeq Sheikh Mohammed Bin Rashid,SARIMA,Train,2024-04-01,23365.315000000002,22798.586105702885
Hadaeq Sheikh Mohammed Bin Rashid,SARIMA,Train,2024-05-01,24346.88,21382.722283409566
Hadaeq Sheikh Mohammed Bin Rashid,SARIMA,Train,2024-06-01,23414.02,24931.031845334433
Hadaeq Sheikh Mohammed Bin Rashid,SARIMA,Train,2024-07-01,25748.24,23626.006752606347
Hadaeq Sheikh Mohammed Bin Rashid,SARIMA,Train,2024-08-01,22838.065,25525.384946768063
Hadaeq Sheikh Mohammed Bin Rashid,SARIMA,Train,2024-09-01,24810.5,26441.158387535674
Hadaeq Sheikh Mohammed Bin Rashid,SARIMA,Train,2024-10-01,26143.04,24900.89638825108
Hadaeq Sheikh Mohammed Bin Rashid,SARIMA,Train,2024-11-01,24263.94,26605.00321019628
Hadaeq Sheikh Mohammed Bin Rashid,SARIMA,Train,2024-12-01,23718.879999999997,24503.032221626225
Hadaeq Sheikh Mohammed Bin Rashid,SARIMA,Test,2025-01-01,23919.73,24272.22488942402
Hadaeq Sheikh Mohammed Bin Rashid,SARIMA,Test,2025-02-01,24636.39,23349.072982648213
Hadaeq Sheikh Mohammed Bin Rashid,SARIMA,Test,2025-03-01,25055.27,23677.975139089092
Hadaeq Sheikh Mohammed Bin Rashid,SARIMA,Test,2025-04-01,25469.195,24994.98967683351
Hadaeq Sheikh Mohammed Bin Rashid,SARIMA,Test,2025-05-01,24677.925,25225.194632798044
Hadaeq Sheikh Mohammed Bin Rashid,SARIMA,Test,2025-06-01,25628.805,24676.86953137419
Hadaeq Sheikh Mohammed Bin Rashid,SARIMA,Test,2025-07-01,27213.77,26473.142020251402
Hadaeq Sheikh Mohammed Bin Rashid,SARIMA,Test,2025-08-01,25652.485,24244.153727098965
Hadaeq Sheikh Mohammed Bin Rashid,Prophet,Train,2022-09-01,19247.745000000003,18971.24760961361
Hadaeq Sheikh Mohammed Bin Rashid,Prophet,Train,2022-10-01,18890.44,19036.299725672692
Hadaeq Sheikh Mohammed Bin Rashid,Prophet,Train,2022-11-01,19033.67,18739.890245159906
Hadaeq Sheikh Mohammed Bin Rashid,Prophet,Train,2022-12-01,17876.41,18315.702138194996
Hadaeq Sheikh Mohammed Bin Rashid,Prophet,Train,2023-01-01,20014.385000000002,20178.09336927915
Hadaeq Sheikh Mohammed Bin Rashid,Prophet,Train,2023-02-01,18469.97,18834.629975131415
Hadaeq Sheikh Mohammed Bin Rashid,Prophet,Train,2023-03-01,20932.63,20771.23226998876
Hadaeq Sheikh Mohammed Bin Rashid,Prophet,Train,2023-04-01,22031.93,21870.127068515354
Hadaeq Sheikh Mohammed Bin Rashid,Prophet,Train,2023-05-01,19593.89,19450.937138753106
Hadaeq Sheikh Mohammed Bin Rashid,Prophet,Train,2023-06-01,20312.235,20209.233460305764
Hadaeq Sheikh Mohammed Bin Rashid,Prophet,Train,2023-07-01,20572.92,20518.41701663783
Hadaeq Sheikh Mohammed Bin Rashid,Prophet,Train,2023-08-01,20298.870000000003,20292.762052213428
Hadaeq Sheikh Mohammed Bin Rashid,Prophet,Train,2023-09-01,21364.48,21575.079560766488
Hadaeq Sheikh Mohammed Bin Rashid,Prophet,Train,2023-10-01,21584.23,21526.48710941132
Hadaeq Sheikh Mohammed Bin Rashid,Prophet,Train,2023-11-01,22163.504999999997,22385.886021771894
Hadaeq Sheikh Mohammed Bin Rashid,Prophet,Train,2023-12-01,22803.324999999997,22502.800898506877
Hadaeq Sheikh Mohammed Bin Rashid,Prophet,Train,2024-01-01,22954.22,22791.892263009664
Hadaeq Sheikh Mohammed Bin Rashid,Prophet,Train,2024-02-01,22144.055,21781.418435328753
Hadaeq Sheikh Mohammed Bin Rashid,Prophet,Train,2024-03-01,21904.645,22065.83075683078
Hadaeq Sheikh Mohammed Bin Rashid,Prophet,Train,2024-04-01,23365.315000000002,23527.229726045
Hadaeq Sheikh Mohammed Bin Rashid,Prophet,Train,2024-05-01,24346.88,24488.85477917723
Hadaeq Sheikh Mohammed Bin Rashid,Prophet,Train,2024-06-01,23414.02,23516.129371075862
Hadaeq Sheikh Mohammed Bin Rashid,Prophet,Train,2024-07-01,25748.24,25801.388610700404
Hadaeq Sheikh Mohammed Bin Rashid,Prophet,Train,2024-08-01,22838.065,22843.16632895742
Hadaeq Sheikh Mohammed Bin Rashid,Prophet,Train,2024-09-01,24810.5,24875.91325519606
Hadaeq Sheikh Mohammed Bin Rashid,Prophet,Train,2024-10-01,26143.04,26054.815453980496
Hadaeq Sheikh Mohammed Bin Rashid,Prophet,Train,2024-11-01,24263.94,24336.091697481104
Hadaeq Sheikh Mohammed Bin Rashid,Prophet,Train,2024-12-01,23718.879999999997,23581.055384321116
Hadaeq Sheikh Mohammed Bin Rashid,Prophet,Test,2025-01-01,23919.73,29419.1170119608
Hadaeq Sheikh Mohammed Bin Rashid,Prophet,Test,2025-02-01,24636.39,27451.744379305892
Hadaeq Sheikh Mohammed Bin Rashid,Prophet,Test,2025-03-01,25055.27,26232.300804603346
Hadaeq Sheikh Mohammed Bin Rashid,Prophet,Test,2025-04-01,25469.195,27595.971403579784
Hadaeq Sheikh Mohammed Bin Rashid,Prophet,Test,2025-05-01,24677.925,27420.71865945458
Hadaeq Sheikh Mohammed Bin Rashid,Prophet,Test,2025-06-01,25628.805,27006.82266876596
Hadaeq Sheikh Mohammed Bin Rashid,Prophet,Test,2025-07-01,27213.77,28615.06355962416
Hadaeq Sheikh Mohammed Bin Rashid,Prophet,Test,2025-08-01,25652.485,26552.23848283788
Jabal Ali First,ARIMA,Train,2022-09-01,11465.7,11465.7
Jabal Ali First,ARIMA,Train,2022-10-01,10742.305,11465.7
Jabal Ali First,ARIMA,Train,2022-11-01,11884.96,10742.305
Jabal Ali First,ARIMA,Train,2022-12-01,8354.23,11884.96
Jabal Ali First,ARIMA,Train,2023-01-01,7799.125,8354.23
Jabal Ali First,ARIMA,Train,2023-02-01,9828.35,7799.125
Jabal Ali First,ARIMA,Train,2023-03-01,10212.53,9828.35
Jabal Ali First,ARIMA,Train,2023-04-01,10789.81,10212.53
Jabal Ali First,ARIMA,Train,2023-05-01,10179.39,10789.81
Jabal Ali First,ARIMA,Train,2023-06-01,10763.64,10179.39
Jabal Ali First,ARIMA,Train,2023-07-01,10165.41,10763.64
Jabal Ali First,ARIMA,Train,2023-08-01,10272.91,10165.41
Jabal Ali First,ARIMA,Train,2023-09-01,9760.375,10272.91
Jabal Ali First,ARIMA,Train,2023-10-01,12003.83,9760.375
Jabal Ali First,ARIMA,Train,2023-11-01,12398.6,12003.83
Jabal Ali First,ARIMA,Train,2023-12-01,10737.27,12398.6
Jabal Ali First,ARIMA,Train,2024-01-01,11986.33,10737.27
Jabal Ali First,ARIMA,Train,2024-02-01,11114.16,11986.33
Jabal Ali First,ARIMA,Train,2024-03-01,12535.73,11114.16
Jabal Ali First,ARIMA,Train,2024-04-01,12567.82,12535.73
Jabal Ali First,ARIMA,Train,2024-05-01,12737.67,12567.82
Jabal Ali First,ARIMA,Train,2024-06-01,12124.41,12737.67
Jabal Ali First,ARIMA,Train,2024-07-01,11463.57,12124.41
Jabal Ali First,ARIMA,Train,2024-08-01,12405.265,11463.57
Jabal Ali First,ARIMA,Train,2024-09-01,12490.18,12405.265
Jabal Ali First,ARIMA,Train,2024-10-01,12823.75,12490.18
Jabal Ali First,ARIMA,Train,2024-11-01,12840.619999999999,12823.75
Jabal Ali First,ARIMA,Train,2024-12-01,13172.87,12840.619999999999
Jabal Ali First,ARIMA,Test,2025-01-01,13100.0,13172.87
Jabal Ali First,ARIMA,Test,2025-02-01,13514.59,13172.87
Jabal Ali First,ARIMA,Test,2025-03-01,13365.935000000001,13172.87
Jabal Ali First,ARIMA,Test,2025-04-01,13944.73,13172.87
Jabal Ali First,ARIMA,Test,2025-05-01,13702.8,13172.87
Jabal Ali First,ARIMA,Test,2025-06-01,14270.2,13172.87
Jabal Ali First,ARIMA,Test,2025-07-01,14332.27,13172.87
Jabal Ali First,ARIMA,Test,2025-08-01,17443.34,13172.87
Jabal Ali First,SARIMA,Train,2022-09-01,11465.7,11465.7
Jabal Ali First,SARIMA,Train,2022-10-01,10742.305,9074.289830040987
Jabal Ali First,SARIMA,Train,2022-11-01,11884.96,9902.949256945845
Jabal Ali First,SARIMA,Train,2022-12-01,8354.23,11206.036588730747
Jabal Ali First,SARIMA,Train,2023-01-01,7799.125,9229.622365154279
Jabal Ali First,SARIMA,Train,2023-02-01,9828.35,8397.697459124387
Jabal Ali First,SARIMA,Train,2023-03-01,10212.53,9404.054683511062
Jabal Ali First,SARIMA,Train,2023-04-01,10789.81,9877.11629589711
Jabal Ali First,SARIMA,Train,2023-05-01,10179.39,10461.500334696513
Jabal Ali First,SARIMA,Train,2023-06-01,10763.64,10241.222195284407
Jabal Ali First,SARIMA,Train,2023-07-01,10165.41,10608.80023157639
Jabal Ali First,SARIMA,Train,2023-08-01,10272.91,10289.94567449223
Jabal Ali First,SARIMA,Train,2023-09-01,9760.375,18535.678223246192
Jabal Ali First,SARIMA,Train,2023-10-01,12003.83,12306.637447338062
Jabal Ali First,SARIMA,Train,2023-11-01,12398.6,13722.388991884955
Jabal Ali First,SARIMA,Train,2023-12-01,10737.27,9711.741661747077
Jabal Ali First,SARIMA,Train,2024-01-01,11986.33,9535.987404608353
Jabal Ali First,SARIMA,Train,2024-02-01,11114.16,12083.628434740787
Jabal Ali First,SARIMA,Train,2024-03-01,12535.73,12051.745647984895
Jabal Ali First,SARIMA,Train,2024-04-01,12567.82,12844.61809514456
Jabal Ali First,SARIMA,Train,2024-05-01,12737.67,12134.064271551259
Jabal Ali First,SARIMA,Train,2024-06-01,12124.41,12855.072273125108
Jabal Ali First,SARIMA,Train,2024-07-01,11463.57,12075.22660733791
Jabal Ali First,SARIMA,Train,2024-08-01,12405.265,12155.31794875121
Jabal Ali First,SARIMA,Train,2024-09-01,12490.18,11729.773797196345
Jabal Ali First,SARIMA,Train,2024-10-01,12823.75,14055.197868537127
Jabal Ali First,SARIMA,Train,2024-11-01,12840.619999999999,14200.73054210197
Jabal Ali First,SARIMA,Train,2024-12-01,13172.87,12469.96168987983
Jabal Ali First,SARIMA,Test,2025-01-01,13100.0,13927.888105474038
Jabal Ali First,SARIMA,Test,2025-02-01,13514.59,12967.50938937503
Jabal Ali First,SARIMA,Test,2025-03-01,13365.935000000001,14394.318121643877
Jabal Ali First,SARIMA,Test,2025-04-01,13944.73,14428.999551471623
Jabal Ali First,SARIMA,Test,2025-05-01,13702.8,14598.924675911894
Jabal Ali First,SARIMA,Test,2025-06-01,14270.2,13985.60661576817
Jabal Ali First,SARIMA,Test,2025-07-01,14332.27,13324.760179479516
Jabal Ali First,SARIMA,Test,2025-08-01,17443.34,14266.45610524512
Jabal Ali First,Prophet,Train,2022-09-01,11465.7,9854.016187160152
Jabal Ali First,Prophet,Train,2022-10-01,10742.305,10584.239649222354
Jabal Ali First,Prophet,Train,2022-11-01,11884.96,11142.073759521061
Jabal Ali First,Prophet,Train,2022-12-01,8354.23,9219.62184107335
Jabal Ali First,Prophet,Train,2023-01-01,7799.125,8556.995909174117
Jabal Ali First,Prophet,Train,2023-02-01,9828.35,10097.851728317544
Jabal Ali First,Prophet,Train,2023-03-01,10212.53,10342.663503995589
Jabal Ali First,Prophet,Train,2023-04-01,10789.81,11116.95416328473
Jabal Ali First,Prophet,Train,2023-05-01,10179.39,10623.049881219717
Jabal Ali First,Prophet,Train,2023-06-01,10763.64,11222.145459497355
Jabal Ali First,Prophet,Train,2023-07-01,10165.41,10540.166304284337
Jabal Ali First,Prophet,Train,2023-08-01,10272.91,10482.785176623802
Jabal Ali First,Prophet,Train,2023-09-01,9760.375,10848.56185458256
Jabal Ali First,Prophet,Train,2023-10-01,12003.83,11931.254301762561
Jabal Ali First,Prophet,Train,2023-11-01,12398.6,12581.584746434299
Jabal Ali First,Prophet,Train,2023-12-01,10737.27,9814.348049310078
Jabal Ali First,Prophet,Train,2024-01-01,11986.33,11225.72166420572
Jabal Ali First,Prophet,Train,2024-02-01,11114.16,10839.704696088938
Jabal Ali First,Prophet,Train,2024-03-01,12535.73,12400.195864285786
Jabal Ali First,Prophet,Train,2024-04-01,12567.82,12236.095063718958
Jabal Ali First,Prophet,Train,2024-05-01,12737.67,12293.448599584142
Jabal Ali First,Prophet,Train,2024-06-01,12124.41,11666.423864019875
Jabal Ali First,Prophet,Train,2024-07-01,11463.57,11093.493556914831
Jabal Ali First,Prophet,Train,2024-08-01,12405.265,12200.325037837381
Jabal Ali First,Prophet,Train,2024-09-01,12490.18,13020.080703680911
Jabal Ali First,Prophet,Train,2024-10-01,12823.75,13059.004438617621
Jabal Ali First,Prophet,Train,2024-11-01,12840.619999999999,13404.910503680301
Jabal Ali First,Prophet,Train,2024-12-01,13172.87,13230.428768573316
Jabal Ali First,Prophet,Test,2025-01-01,13100.0,8377.449523568343
Jabal Ali First,Prophet,Test,2025-02-01,13514.59,13705.678799335858
Jabal Ali First,Prophet,Test,2025-03-01,13365.935000000001,13428.174561995878
Jabal Ali First,Prophet,Test,2025-04-01,13944.73,13576.558339694937
Jabal Ali First,Prophet,Test,2025-05-01,13702.8,13448.69002978674
Jabal Ali First,Prophet,Test,2025-06-01,14270.2,13231.658366786016
Jabal Ali First,Prophet,Test,2025-07-01,14332.27,12634.537676472773
Jabal Ali First,Prophet,Test,2025-08-01,17443.34,13355.556460162734
Madinat Al Mataar,ARIMA,Train,2022-09-01,7264.56,7264.56
Madinat Al Mataar,ARIMA,Train,2022-10-01,7246.38,4535.067616897597
Madinat Al Mataar,ARIMA,Train,2022-11-01,7303.8150000000005,5940.612685328825
Madinat Al Mataar,ARIMA,Train,2022-12-01,7294.29,6612.023944633006
Madinat Al Mataar,ARIMA,Train,2023-01-01,7306.745,6943.450162419605
Madinat Al Mataar,ARIMA,Train,2023-02-01,6366.05,7119.277943403766
Madinat Al Mataar,ARIMA,Train,2023-03-01,7450.9400000000005,6755.08966223371
Madinat Al Mataar,ARIMA,Train,2023-04-01,7586.955,7091.447007432065
Madinat Al Mataar,ARIMA,Train,2023-05-01,6953.475,7330.946820329189
Madinat Al Mataar,ARIMA,Train,2023-06-01,8054.9,7148.502271413352
Madinat Al Mataar,ARIMA,Train,2023-07-01,8293.84,7586.591915741155
Madinat Al Mataar,ARIMA,Train,2023-08-01,15084.29,7928.426010384508
Madinat Al Mataar,ARIMA,Train,2023-09-01,8496.89,11387.067283003233
Madinat Al Mataar,ARIMA,Train,2023-10-01,7593.85,9990.159027457805
Madinat Al Mataar,ARIMA,Train,2023-11-01,13869.46,8831.951952154772
Madinat Al Mataar,ARIMA,Train,2023-12-01,13615.63,11266.728667676904
Madinat Al Mataar,ARIMA,Train,2024-01-01,16353.01,12402.022191042615
Madinat Al Mataar,ARIMA,Train,2024-02-01,8713.22,14311.651517105924
Madinat Al Mataar,ARIMA,Train,2024-03-01,14878.87,11605.763895938771
Madinat Al Mataar,ARIMA,Train,2024-04-01,9136.14,13187.752933828904
Madinat Al Mataar,ARIMA,Train,2024-05-01,10469.8,11229.488507546119
Madinat Al Mataar,ARIMA,Train,2024-06-01,10596.485,10862.308571141417
Madinat Al Mataar,ARIMA,Train,2024-07-01,11080.58,10733.828172955866
Madinat Al Mataar,ARIMA,Train,2024-08-01,10937.895,10901.423592048663
Madinat Al Mataar,ARIMA,Train,2024-09-01,14673.73,10919.051302773689
Madinat Al Mataar,ARIMA,Train,2024-10-01,16927.56,12733.798625619986
Madinat Al Mataar,ARIMA,Train,2024-11-01,15743.675,14760.767599672146
Madinat Al Mataar,ARIMA,Train,2024-12-01,17546.45,15235.835832452882
Madinat Al Mataar,ARIMA,Test,2025-01-01,21823.725,16352.624035338114
Madinat Al Mataar,ARIMA,Test,2025-02-01,16082.61,16352.624035338114
Madinat Al Mataar,ARIMA,Test,2025-03-01,21071.045,16352.624035338114
Madinat Al Mataar,ARIMA,Test,2025-04-01,17450.04,16352.624035338114
Madinat Al Mataar,ARIMA,Test,2025-05-01,17126.775,16352.624035338114
Madinat Al Mataar,ARIMA,Test,2025-06-01,18567.64,16352.624035338114
Madinat Al Mataar,ARIMA,Test,2025-07-01,17781.54,16352.624035338114
Madinat Al Mataar,ARIMA,Test,2025-08-01,14663.7,16352.624035338114
Madinat Al Mataar,SARIMA,Train,2022-09-01,7264.56,7264.56
Madinat Al Mataar,SARIMA,Train,2022-10-01,7246.38,3230.2952071060813
Madinat Al Mataar,SARIMA,Train,2022-11-01,7303.8150000000005,7242.5204655938
Madinat Al Mataar,SARIMA,Train,2022-12-01,7294.29,7297.519275540561
Madinat Al Mataar,SARIMA,Train,2023-01-01,7306.745,7253.476375359989
Madinat Al Mataar,SARIMA,Train,2023-02-01,6366.05,7382.682723933513
Madinat Al Mataar,SARIMA,Train,2023-03-01,7450.9400000000005,6740.26340744675
Madinat Al Mataar,SARIMA,Train,2023-04-01,7586.955,7116.15009803824
Madinat Al Mataar,SARIMA,Train,2023-05-01,6953.475,7029.728627368687
Madinat Al Mataar,SARIMA,Train,2023-06-01,8054.9,8170.4368814900245
Madinat Al Mataar,SARIMA,Train,2023-07-01,8293.84,5884.321854511241
Madinat Al Mataar,SARIMA,Train,2023-08-01,15084.29,11276.417687212865
Madinat Al Mataar,SARIMA,Train,2023-09-01,8496.89,15086.567330810643
Madinat Al Mataar,SARIMA,Train,2023-10-01,7593.85,11867.579719017682
Madinat Al Mataar,SARIMA,Train,2023-11-01,13869.46,7829.674414690238
Madinat Al Mataar,SARIMA,Train,2023-12-01,13615.63,10756.033224345783
Madinat Al Mataar,SARIMA,Train,2024-01-01,16353.01,13922.826068372884
Madinat Al Mataar,SARIMA,Train,2024-02-01,8713.22,14998.28015809907
Madinat Al Mataar,SARIMA,Train,2024-03-01,14878.87,12542.422629099488
Madinat Al Mataar,SARIMA,Train,2024-04-01,9136.14,11654.788682881896
Madinat Al Mataar,SARIMA,Train,2024-05-01,10469.8,12063.50405252487
Madinat Al Mataar,SARIMA,Train,2024-06-01,10596.485,9830.91218920192
Madinat Al Mataar,SARIMA,Train,2024-07-01,11080.58,10214.804905215515
Madinat Al Mataar,SARIMA,Train,2024-08-01,10937.895,11522.6679386033
Madinat Al Mataar,SARIMA,Train,2024-09-01,14673.73,17048.119154391654
Madinat Al Mataar,SARIMA,Train,2024-10-01,16927.56,15299.928951293612
Madinat Al Mataar,SARIMA,Train,2024-11-01,15743.675,17196.360835608855
Madinat Al Mataar,SARIMA,Train,2024-12-01,17546.45,17088.67592907564
Madinat Al Mataar,SARIMA,Test,2025-01-01,21823.725,17259.417625598802
Madinat Al Mataar,SARIMA,Test,2025-02-01,16082.61,14876.915071226627
Madinat Al Mataar,SARIMA,Test,2025-03-01,21071.045,17384.26473079878
Madinat Al Mataar,SARIMA,Test,2025-04-01,17450.04,16126.102585032811
Madinat Al Mataar,SARIMA,Test,2025-05-01,17126.775,15856.041682593765
Madinat Al Mataar,SARIMA,Test,2025-06-01,18567.64,16938.221311111232
Madinat Al Mataar,SARIMA,Test,2025-07-01,17781.54,17400.95827093848
Madinat Al Mataar,SARIMA,Test,2025-08-01,14663.7,23977.098782622026
Madinat Al Mataar,Prophet,Train,2022-09-01,7264.56,6321.932637428473
Madinat Al Mataar,Prophet,Train,2022-10-01,7246.38,6360.890692533941
Madinat Al Mataar,Prophet,Train,2022-11-01,7303.8150000000005,8810.10183523435
Madinat Al Mataar,Prophet,Train,2022-12-01,7294.29,9093.023968468862
Madinat Al Mataar,Prophet,Train,2023-01-01,7306.745,7821.921984306144
Madinat Al Mataar,Prophet,Train,2023-02-01,6366.05,6767.08618559808
Madinat Al Mataar,Prophet,Train,2023-03-01,7450.9400000000005,7334.196975599819
Madinat Al Mataar,Prophet,Train,2023-04-01,7586.955,7450.650156337598
Madinat Al Mataar,Prophet,Train,2023-05-01,6953.475,6760.1262976348335
Madinat Al Mataar,Prophet,Train,2023-06-01,8054.9,7785.297380450685
Madinat Al Mataar,Prophet,Train,2023-07-01,8293.84,7957.417206475825
Madinat Al Mataar,Prophet,Train,2023-08-01,15084.29,14714.025718780846
Madinat Al Mataar,Prophet,Train,2023-09-01,8496.89,8720.977804873215
Madinat Al Mataar,Prophet,Train,2023-10-01,7593.85,7781.231467867068
Madinat Al Mataar,Prophet,Train,2023-11-01,13869.46,12516.70281556702
Madinat Al Mataar,Prophet,Train,2023-12-01,13615.63,12161.111236769973
Madinat Al Mataar,Prophet,Train,2024-01-01,16353.01,15836.051547732255
Madinat Al Mataar,Prophet,Train,2024-02-01,8713.22,8312.271301761639
Madinat Al Mataar,Prophet,Train,2024-03-01,14878.87,14995.232462451335
Madinat Al Mataar,Prophet,Train,2024-04-01,9136.14,9273.576394445747
Madinat Al Mataar,Prophet,Train,2024-05-01,10469.8,10663.916555114934
Madinat Al Mataar,Prophet,Train,2024-06-01,10596.485,10867.770013474934
Madinat Al Mataar,Prophet,Train,2024-07-01,11080.58,11417.10167430521
Madinat Al Mataar,Prophet,Train,2024-08-01,10937.895,11308.040695439358
Madinat Al Mataar,Prophet,Train,2024-09-01,14673.73,15392.83583246966
Madinat Al Mataar,Prophet,Train,2024-10-01,16927.56,17623.53653996136
Madinat Al Mataar,Prophet,Train,2024-11-01,15743.675,15587.436162909884
Madinat Al Mataar,Prophet,Train,2024-12-01,17546.45,17197.770821876922
Madinat Al Mataar,Prophet,Test,2025-01-01,21823.725,5777.167770432086
Madinat Al Mataar,Prophet,Test,2025-02-01,16082.61,17481.75496565885
Madinat Al Mataar,Prophet,Test,2025-03-01,21071.045,17097.688567110647
Madinat Al Mataar,Prophet,Test,2025-04-01,17450.04,13316.488829371096
Madinat Al Mataar,Prophet,Test,2025-05-01,17126.775,14030.922176000846
Madinat Al Mataar,Prophet,Test,2025-06-01,18567.64,14504.331688230957
Madinat Al Mataar,Prophet,Test,2025-07-01,17781.54,14918.77434358161
Madinat Al Mataar,Prophet,Test,2025-08-01,14663.7,17148.994636992567
Madinat Dubai Almelaheyah,ARIMA,Train,2022-09-01,17050.57,17050.57
Madinat Dubai Almelaheyah,ARIMA,Train,2022-10-01,17211.51,17050.57
Madinat Dubai Almelaheyah,ARIMA,Train,2022-11-01,17554.989999999998,17211.51
Madinat Dubai Almelaheyah,ARIMA,Train,2022-12-01,19707.98,17554.989999999998
Madinat Dubai Almelaheyah,ARIMA,Train,2023-01-01,19598.809999999998,19707.98
Madinat Dubai Almelaheyah,ARIMA,Train,2023-02-01,19573.395,19598.809999999998
Madinat Dubai Almelaheyah,ARIMA,Train,2023-03-01,19164.61,19573.395
Madinat Dubai Almelaheyah,ARIMA,Train,2023-04-01,19022.035,19164.61
Madinat Dubai Almelaheyah,ARIMA,Train,2023-05-01,18846.31,19022.035
Madinat Dubai Almelaheyah,ARIMA,Train,2023-06-01,19647.9,18846.31
Madinat Dubai Almelaheyah,ARIMA,Train,2023-07-01,21254.16,19647.9
Madinat Dubai Almelaheyah,ARIMA,Train,2023-08-01,20737.04,21254.16
Madinat Dubai Almelaheyah,ARIMA,Train,2023-09-01,22317.01,20737.04
Madinat Dubai Almelaheyah,ARIMA,Train,2023-10-01,20616.52,22317.01
Madinat Dubai Almelaheyah,ARIMA,Train,2023-11-01,19714.29,20616.52
Madinat Dubai Almelaheyah,ARIMA,Train,2023-12-01,22992.15,19714.29
Madinat Dubai Almelaheyah,ARIMA,Train,2024-01-01,22564.57,22992.15
Madinat Dubai Almelaheyah,ARIMA,Train,2024-02-01,27062.71,22564.57
Madinat Dubai Almelaheyah,ARIMA,Train,2024-03-01,25887.71,27062.71
Madinat Dubai Almelaheyah,ARIMA,Train,2024-04-01,25108.93,25887.71
Madinat Dubai Almelaheyah,ARIMA,Train,2024-05-01,22780.34,25108.93
Madinat Dubai Almelaheyah,ARIMA,Train,2024-06-01,25247.05,22780.34
Madinat Dubai Almelaheyah,ARIMA,Train,2024-07-01,24097.545,25247.05
Madinat Dubai Almelaheyah,ARIMA,Train,2024-08-01,25548.54,24097.545
Madinat Dubai Almelaheyah,ARIMA,Train,2024-09-01,23937.39,25548.54
Madinat Dubai Almelaheyah,ARIMA,Train,2024-10-01,26197.09,23937.39
Madinat Dubai Almelaheyah,ARIMA,Train,2024-11-01,26630.65,26197.09
Madinat Dubai Almelaheyah,ARIMA,Train,2024-12-01,26294.35,26630.65
Madinat Dubai Almelaheyah,ARIMA,Test,2025-01-01,27351.21,26294.35
Madinat Dubai Almelaheyah,ARIMA,Test,2025-02-01,27005.78,26294.35
Madinat Dubai Almelaheyah,ARIMA,Test,2025-03-01,29424.925,26294.35
Madinat Dubai Almelaheyah,ARIMA,Test,2025-04-01,29568.42,26294.35
Madinat Dubai Almelaheyah,ARIMA,Test,2025-05-01,28033.785,26294.35
Madinat Dubai Almelaheyah,ARIMA,Test,2025-06-01,29403.12,26294.35
Madinat Dubai Almelaheyah,ARIMA,Test,2025-07-01,30494.61,26294.35
Madinat Dubai Almelaheyah,ARIMA,Test,2025-08-01,31508.6,26294.35
Madinat Dubai Almelaheyah,SARIMA,Train,2022-09-01,17050.57,17050.57
Madinat Dubai Almelaheyah,SARIMA,Train,2022-10-01,17211.51,17050.57
Madinat Dubai Almelaheyah,SARIMA,Train,2022-11-01,17554.989999999998,17211.51
Madinat Dubai Almelaheyah,SARIMA,Train,2022-12-01,19707.98,17554.989999999998
Madinat Dubai Almelaheyah,SARIMA,Train,2023-01-01,19598.809999999998,19707.98
Madinat Dubai Almelaheyah,SARIMA,Train,2023-02-01,19573.395,19598.809999999998
Madinat Dubai Almelaheyah,SARIMA,Train,2023-03-01,19164.61,19573.395
Madinat Dubai Almelaheyah,SARIMA,Train,2023-04-01,19022.035,19164.61
Madinat Dubai Almelaheyah,SARIMA,Train,2023-05-01,18846.31,19022.035
Madinat Dubai Almelaheyah,SARIMA,Train,2023-06-01,19647.9,18846.31
Madinat Dubai Almelaheyah,SARIMA,Train,2023-07-01,21254.16,19647.9
Madinat Dubai Almelaheyah,SARIMA,Train,2023-08-01,20737.04,21254.16
Madinat Dubai Almelaheyah,SARIMA,Train,2023-09-01,22317.01,35564.38018413372
Madinat Dubai Almelaheyah,SARIMA,Train,2023-10-01,20616.52,22477.95
Madinat Dubai Almelaheyah,SARIMA,Train,2023-11-01,19714.29,20960.0
Madinat Dubai Almelaheyah,SARIMA,Train,2023-12-01,22992.15,21867.280000000002
Madinat Dubai Almelaheyah,SARIMA,Train,2024-01-01,22564.57,22882.98
Madinat Dubai Almelaheyah,SARIMA,Train,2024-02-01,27062.71,22539.155000000002
Madinat Dubai Almelaheyah,SARIMA,Train,2024-03-01,25887.71,26653.925
Madinat Dubai Almelaheyah,SARIMA,Train,2024-04-01,25108.93,25745.135
Madinat Dubai Almelaheyah,SARIMA,Train,2024-05-01,22780.34,24933.205
Madinat Dubai Almelaheyah,SARIMA,Train,2024-06-01,25247.05,23581.93
Madinat Dubai Almelaheyah,SARIMA,Train,2024-07-01,24097.545,26853.309999999998
Madinat Dubai Almelaheyah,SARIMA,Train,2024-08-01,25548.54,23580.425
Madinat Dubai Almelaheyah,SARIMA,Train,2024-09-01,23937.39,27128.51
Madinat Dubai Almelaheyah,SARIMA,Train,2024-10-01,26197.09,22236.899999999998
Madinat Dubai Almelaheyah,SARIMA,Train,2024-11-01,26630.65,25294.86
Madinat Dubai Almelaheyah,SARIMA,Train,2024-12-01,26294.35,29908.510000000002
Madinat Dubai Almelaheyah,SARIMA,Test,2025-01-01,27351.21,25866.769999999997
Madinat Dubai Almelaheyah,SARIMA,Test,2025-02-01,27005.78,30364.909999999996
Madinat Dubai Almelaheyah,SARIMA,Test,2025-03-01,29424.925,29189.909999999996
Madinat Dubai Almelaheyah,SARIMA,Test,2025-04-01,29568.42,28411.129999999997
Madinat Dubai Almelaheyah,SARIMA,Test,2025-05-01,28033.785,26082.539999999997
Madinat Dubai Almelaheyah,SARIMA,Test,2025-06-01,29403.12,28549.249999999996
Madinat Dubai Almelaheyah,SARIMA,Test,2025-07-01,30494.61,27399.744999999995
Madinat Dubai Almelaheyah,SARIMA,Test,2025-08-01,31508.6,28850.739999999998
Madinat Dubai Almelaheyah,Prophet,Train,2022-09-01,17050.57,17460.740921684435
Madinat Dubai Almelaheyah,Prophet,Train,2022-10-01,17211.51,17248.464911214516
Madinat Dubai Almelaheyah,Prophet,Train,2022-11-01,17554.989999999998,17018.270369950893
Madinat Dubai Almelaheyah,Prophet,Train,2022-12-01,19707.98,19077.711380091314
Madinat Dubai Almelaheyah,Prophet,Train,2023-01-01,19598.809999999998,19875.19858125203
Madinat Dubai Almelaheyah,Prophet,Train,2023-02-01,19573.395,19918.199247443197
Madinat Dubai Almelaheyah,Prophet,Train,2023-03-01,19164.61,19070.865162510094
Madinat Dubai Almelaheyah,Prophet,Train,2023-04-01,19022.035,18985.37719168394
Madinat Dubai Almelaheyah,Prophet,Train,2023-05-01,18846.31,18869.216205307268
Madinat Dubai Almelaheyah,Prophet,Train,2023-06-01,19647.9,19726.154347631335
Madinat Dubai Almelaheyah,Prophet,Train,2023-07-01,21254.16,21366.616032782786
Madinat Dubai Almelaheyah,Prophet,Train,2023-08-01,20737.04,20853.92706057227
Madinat Dubai Almelaheyah,Prophet,Train,2023-09-01,22317.01,22149.990210601114
Madinat Dubai Almelaheyah,Prophet,Train,2023-10-01,20616.52,20663.2115710641
Madinat Dubai Almelaheyah,Prophet,Train,2023-11-01,19714.29,20084.642694116832
Madinat Dubai Almelaheyah,Prophet,Train,2023-12-01,22992.15,23363.089421547742
Madinat Dubai Almelaheyah,Prophet,Train,2024-01-01,22564.57,22288.86403608603
Madinat Dubai Almelaheyah,Prophet,Train,2024-02-01,27062.71,26718.86919460223
Madinat Dubai Almelaheyah,Prophet,Train,2024-03-01,25887.71,25980.1849046615
Madinat Dubai Almelaheyah,Prophet,Train,2024-04-01,25108.93,25144.268448385017
Madinat Dubai Almelaheyah,Prophet,Train,2024-05-01,22780.34,22755.76576106213
Madinat Dubai Almelaheyah,Prophet,Train,2024-06-01,25247.05,25167.550267453495
Madinat Dubai Almelaheyah,Prophet,Train,2024-07-01,24097.545,23984.82266434817
Madinat Dubai Almelaheyah,Prophet,Train,2024-08-01,25548.54,25431.859460706826
Madinat Dubai Almelaheyah,Prophet,Train,2024-09-01,23937.39,23694.562349437587
Madinat Dubai Almelaheyah,Prophet,Train,2024-10-01,26197.09,26114.746522176316
Madinat Dubai Almelaheyah,Prophet,Train,2024-11-01,26630.65,26798.378801740753
Madinat Dubai Almelaheyah,Prophet,Train,2024-12-01,26294.35,26555.190829929124
Madinat Dubai Almelaheyah,Prophet,Test,2025-01-01,27351.21,31334.1493729167
Madinat Dubai Almelaheyah,Prophet,Test,2025-02-01,27005.78,22675.03639598368
Madinat Dubai Almelaheyah,Prophet,Test,2025-03-01,29424.925,29354.031678762018
Madinat Dubai Almelaheyah,Prophet,Test,2025-04-01,29568.42,28740.217313029658
Madinat Dubai Almelaheyah,Prophet,Test,2025-05-01,28033.785,27115.78835268849
Madinat Dubai Almelaheyah,Prophet,Test,2025-06-01,29403.12,29021.14288559399
Madinat Dubai Almelaheyah,Prophet,Test,2025-07-01,30494.61,28796.4875040807
Madinat Dubai Almelaheyah,Prophet,Test,2025-08-01,31508.6,29610.48277116763
Marsa Dubai,ARIMA,Train,2022-09-01,14628.44,14628.44
Marsa Dubai,ARIMA,Train,2022-10-01,13854.965,14628.44
Marsa Dubai,ARIMA,Train,2022-11-01,16302.56,13854.965
Marsa Dubai,ARIMA,Train,2022-12-01,20489.9,16302.56
Marsa Dubai,ARIMA,Train,2023-01-01,14918.34,20489.9
Marsa Dubai,ARIMA,Train,2023-02-01,14979.65,14918.34
Marsa Dubai,ARIMA,Train,2023-03-01,15845.89,14979.65
Marsa Dubai,ARIMA,Train,2023-04-01,15256.619999999999,15845.89
Marsa Dubai,ARIMA,Train,2023-05-01,13811.82,15256.619999999999
Marsa Dubai,ARIMA,Train,2023-06-01,14780.1,13811.82
Marsa Dubai,ARIMA,Train,2023-07-01,14194.724999999999,14780.1
Marsa Dubai,ARIMA,Train,2023-08-01,14657.89,14194.724999999999
Marsa Dubai,ARIMA,Train,2023-09-01,14225.869999999999,14657.89
Marsa Dubai,ARIMA,Train,2023-10-01,15171.41,14225.869999999999
Marsa Dubai,ARIMA,Train,2023-11-01,14126.375,15171.41
Marsa Dubai,ARIMA,Train,2023-12-01,14412.8,14126.375
Marsa Dubai,ARIMA,Train,2024-01-01,15615.015,14412.8
Marsa Dubai,ARIMA,Train,2024-02-01,16063.285,15615.015
Marsa Dubai,ARIMA,Train,2024-03-01,16776.51,16063.285
Marsa Dubai,ARIMA,Train,2024-04-01,17489.31,16776.51
Marsa Dubai,ARIMA,Train,2024-05-01,19956.27,17489.31
Marsa Dubai,ARIMA,Train,2024-06-01,17093.79,19956.27
Marsa Dubai,ARIMA,Train,2024-07-01,16154.12,17093.79
Marsa Dubai,ARIMA,Train,2024-08-01,19193.19,16154.12
Marsa Dubai,ARIMA,Train,2024-09-01,16864.46,19193.19
Marsa Dubai,ARIMA,Train,2024-10-01,17065.6,16864.46
Marsa Dubai,ARIMA,Train,2024-11-01,18360.02,17065.6
Marsa Dubai,ARIMA,Train,2024-12-01,19911.06,18360.02
Marsa Dubai,ARIMA,Test,2025-01-01,20632.075,19911.06
Marsa Dubai,ARIMA,Test,2025-02-01,22470.555,19911.06
Marsa Dubai,ARIMA,Test,2025-03-01,18011.65,19911.06
Marsa Dubai,ARIMA,Test,2025-04-01,19100.835,19911.06
Marsa Dubai,ARIMA,Test,2025-05-01,19991.114999999998,19911.06
Marsa Dubai,ARIMA,Test,2025-06-01,19544.0,19911.06
Marsa Dubai,ARIMA,Test,2025-07-01,18829.47,19911.06
Marsa Dubai,ARIMA,Test,2025-08-01,18176.37,19911.06
Marsa Dubai,SARIMA,Train,2022-09-01,14628.44,14628.44
Marsa Dubai,SARIMA,Train,2022-10-01,13854.965,14628.440000000002
Marsa Dubai,SARIMA,Train,2022-11-01,16302.56,13854.965
Marsa Dubai,SARIMA,Train,2022-12-01,20489.9,16302.56
Marsa Dubai,SARIMA,Train,2023-01-01,14918.34,20489.9
Marsa Dubai,SARIMA,Train,2023-02-01,14979.65,14918.34
Marsa Dubai,SARIMA,Train,2023-03-01,15845.89,14979.65
Marsa Dubai,SARIMA,Train,2023-04-01,15256.619999999999,15845.89
Marsa Dubai,SARIMA,Train,2023-05-01,13811.82,15256.619999999999
Marsa Dubai,SARIMA,Train,2023-06-01,14780.1,13811.82
Marsa Dubai,SARIMA,Train,2023-07-01,14194.724999999999,14780.1
Marsa Dubai,SARIMA,Train,2023-08-01,14657.89,14194.724999999999
Marsa Dubai,SARIMA,Train,2023-09-01,14225.869999999999,23608.760562618223
Marsa Dubai,SARIMA,Train,2023-10-01,15171.41,13706.081410469882
Marsa Dubai,SARIMA,Train,2023-11-01,14126.375,16816.236210014496
Marsa Dubai,SARIMA,Train,2023-12-01,14412.8,16940.33996652514
Marsa Dubai,SARIMA,Train,2024-01-01,15615.015,10668.615231413542
Marsa Dubai,SARIMA,Train,2024-02-01,16063.285,15656.21638132983
Marsa Dubai,SARIMA,Train,2024-03-01,16776.51,16645.413275373565
Marsa Dubai,SARIMA,Train,2024-04-01,17489.31,16380.510359219868
Marsa Dubai,SARIMA,Train,2024-05-01,19956.27,16518.379389245794
Marsa Dubai,SARIMA,Train,2024-06-01,17093.79,20606.97092177539
Marsa Dubai,SARIMA,Train,2024-07-01,16154.12,16700.40786664573
Marsa Dubai,SARIMA,Train,2024-08-01,19193.19,16465.374897792066
Marsa Dubai,SARIMA,Train,2024-09-01,16864.46,22448.655458765246
Marsa Dubai,SARIMA,Train,2024-10-01,17065.6,17204.81936640294
Marsa Dubai,SARIMA,Train,2024-11-01,18360.02,17131.477544118665
Marsa Dubai,SARIMA,Train,2024-12-01,19911.06,19690.31887874147
Marsa Dubai,SARIMA,Test,2025-01-01,20632.075,19070.41214496119
Marsa Dubai,SARIMA,Test,2025-02-01,22470.555,19350.56282597398
Marsa Dubai,SARIMA,Test,2025-03-01,18011.65,20009.64488531289
Marsa Dubai,SARIMA,Test,2025-04-01,19100.835,20264.510689574116
Marsa Dubai,SARIMA,Test,2025-05-01,19991.114999999998,21311.622040664064
Marsa Dubai,SARIMA,Test,2025-06-01,19544.0,19900.08558422988
Marsa Dubai,SARIMA,Test,2025-07-01,18829.47,19186.032445611843
Marsa Dubai,SARIMA,Test,2025-08-01,18176.37,21098.51494593084
Marsa Dubai,Prophet,Train,2022-09-01,14628.44,14111.147119198846
Marsa Dubai,Prophet,Train,2022-10-01,13854.965,14255.3958010269
Marsa Dubai,Prophet,Train,2022-11-01,16302.56,14900.7185873403
Marsa Dubai,Prophet,Train,2022-12-01,20489.9,16771.28071187731
Marsa Dubai,Prophet,Train,2023-01-01,14918.34,14512.337321845862
Marsa Dubai,Prophet,Train,2023-02-01,14979.65,14635.818938235474
Marsa Dubai,Prophet,Train,2023-03-01,15845.89,16081.345111429879
Marsa Dubai,Prophet,Train,2023-04-01,15256.619999999999,15720.092115979804
Marsa Dubai,Prophet,Train,2023-05-01,13811.82,14554.306141036657
Marsa Dubai,Prophet,Train,2023-06-01,14780.1,15777.07907500379
Marsa Dubai,Prophet,Train,2023-07-01,14194.724999999999,15345.823267873473
Marsa Dubai,Prophet,Train,2023-08-01,14657.89,15801.667673581287
Marsa Dubai,Prophet,Train,2023-09-01,14225.869999999999,15663.43494392885
Marsa Dubai,Prophet,Train,2023-10-01,15171.41,15812.278306859936
Marsa Dubai,Prophet,Train,2023-11-01,14126.375,15699.397108220555
Marsa Dubai,Prophet,Train,2023-12-01,14412.8,17243.511489794982
Marsa Dubai,Prophet,Train,2024-01-01,15615.015,16023.845092812597
Marsa Dubai,Prophet,Train,2024-02-01,16063.285,16405.64215783882
Marsa Dubai,Prophet,Train,2024-03-01,16776.51,16537.993357458447
Marsa Dubai,Prophet,Train,2024-04-01,17489.31,17019.036597024577
Marsa Dubai,Prophet,Train,2024-05-01,19956.27,19209.083928121294
Marsa Dubai,Prophet,Train,2024-06-01,17093.79,16090.359452608735
Marsa Dubai,Prophet,Train,2024-07-01,16154.12,15004.118152288516
Marsa Dubai,Prophet,Train,2024-08-01,19193.19,18050.9451755898
Marsa Dubai,Prophet,Train,2024-09-01,16864.46,15946.250867987357
Marsa Dubai,Prophet,Train,2024-10-01,17065.6,16032.309776504795
Marsa Dubai,Prophet,Train,2024-11-01,18360.02,18195.358706552906
Marsa Dubai,Prophet,Train,2024-12-01,19911.06,20807.63381058469
Marsa Dubai,Prophet,Test,2025-01-01,20632.075,16513.432042940778
Marsa Dubai,Prophet,Test,2025-02-01,22470.555,16075.369560069848
Marsa Dubai,Prophet,Test,2025-03-01,18011.65,18066.407766721946
Marsa Dubai,Prophet,Test,2025-04-01,19100.835,18275.014524698254
Marsa Dubai,Prophet,Test,2025-05-01,19991.114999999998,19319.905008879337
Marsa Dubai,Prophet,Test,2025-06-01,19544.0,17631.113174921116
Marsa Dubai,Prophet,Test,2025-07-01,18829.47,16788.72605075895
Marsa Dubai,Prophet,Test,2025-08-01,18176.37,18973.71791947542
Me'Aisem First,ARIMA,Train,2022-09-01,8072.89,210.57639407380375
Me'Aisem First,ARIMA,Train,2022-10-01,6970.75,7827.580095643425
Me'Aisem First,ARIMA,Train,2022-11-01,7256.755,5606.548013227219
Me'Aisem First,ARIMA,Train,2022-12-01,7970.3,9031.632686070865
Me'Aisem First,ARIMA,Train,2023-01-01,6443.73,7069.393846860692
Me'Aisem First,ARIMA,Train,2023-02-01,7363.719999999999,7166.932797079119
Me'Aisem First,ARIMA,Train,2023-03-01,10340.63,8064.844424042144
Me'Aisem First,ARIMA,Train,2023-04-01,10995.8,10019.835345497566
Me'Aisem First,ARIMA,Train,2023-05-01,9496.12,10316.353306550907
Me'Aisem First,ARIMA,Train,2023-06-01,9145.494999999999,10047.022587802381
Me'Aisem First,ARIMA,Train,2023-07-01,10256.41,9869.072131337372
Me'Aisem First,ARIMA,Train,2023-08-01,10160.82,10412.72356863187
Me'Aisem First,ARIMA,Train,2023-09-01,8413.95,9954.041446846639
Me'Aisem First,ARIMA,Train,2023-10-01,8147.89,8930.833896347556
Me'Aisem First,ARIMA,Train,2023-11-01,10082.71,9020.997829931932
Me'Aisem First,ARIMA,Train,2023-12-01,9592.855,10153.190975848327
Me'Aisem First,ARIMA,Train,2024-01-01,9680.21,9021.928211049935
Me'Aisem First,ARIMA,Train,2024-02-01,10371.445,10829.09322045425
Me'Aisem First,ARIMA,Train,2024-03-01,10312.315,9948.672175985053
Me'Aisem First,ARIMA,Train,2024-04-01,10707.105,10763.648698101715
Me'Aisem First,ARIMA,Train,2024-05-01,10073.32,10875.133401994337
Me'Aisem First,ARIMA,Train,2024-06-01,10588.675,10155.40415565433
Me'Aisem First,ARIMA,Train,2024-07-01,13045.08,11332.956934699008
Me'Aisem First,ARIMA,Train,2024-08-01,12587.12,12885.450172289005
Me'Aisem First,ARIMA,Train,2024-09-01,11642.765,11947.637685881056
Me'Aisem First,ARIMA,Train,2024-10-01,12993.43,12740.757928446506
Me'Aisem First,ARIMA,Train,2024-11-01,11653.44,13164.538655430419
Me'Aisem First,ARIMA,Train,2024-12-01,11982.1,11211.492278800873
Me'Aisem First,ARIMA,Test,2025-01-01,11298.33,13460.572496425477
Me'Aisem First,ARIMA,Test,2025-02-01,12627.21,12731.682843373144
Me'Aisem First,ARIMA,Test,2025-03-01,14318.44,12985.399638407376
Me'Aisem First,ARIMA,Test,2025-04-01,14318.44,13618.54124901941
Me'Aisem First,ARIMA,Test,2025-05-01,14216.66,13514.188146908797
Me'Aisem First,ARIMA,Test,2025-06-01,14275.89,13740.411842574222
Me'Aisem First,ARIMA,Test,2025-07-01,14098.36,14091.815946601817
Me'Aisem First,ARIMA,Test,2025-08-01,14515.265,14196.824420647834
Me'Aisem First,SARIMA,Train,2022-09-01,8072.89,8072.89
Me'Aisem First,SARIMA,Train,2022-10-01,6970.75,6817.869832646218
Me'Aisem First,SARIMA,Train,2022-11-01,7256.755,6937.923045417354
Me'Aisem First,SARIMA,Train,2022-12-01,7970.3,7187.4119157912955
Me'Aisem First,SARIMA,Train,2023-01-01,6443.73,7799.926327053418
Me'Aisem First,SARIMA,Train,2023-02-01,7363.719999999999,6738.8765746924455
Me'Aisem First,SARIMA,Train,2023-03-01,10340.63,7227.736262238413
Me'Aisem First,SARIMA,Train,2023-04-01,10995.8,9663.175559993158
Me'Aisem First,SARIMA,Train,2023-05-01,9496.12,10705.782921830274
Me'Aisem First,SARIMA,Train,2023-06-01,9145.494999999999,9759.377145582586
Me'Aisem First,SARIMA,Train,2023-07-01,10256.41,9279.093259858011
Me'Aisem First,SARIMA,Train,2023-08-01,10160.82,10613.714570059852
Me'Aisem First,SARIMA,Train,2023-09-01,8413.95,14469.444340958817
Me'Aisem First,SARIMA,Train,2023-10-01,8147.89,9342.449581013572
Me'Aisem First,SARIMA,Train,2023-11-01,10082.71,8758.381458441616
Me'Aisem First,SARIMA,Train,2023-12-01,9592.855,10125.20580808418
Me'Aisem First,SARIMA,Train,2024-01-01,9680.21,8760.727356468391
Me'Aisem First,SARIMA,Train,2024-02-01,10371.445,10094.438149092588
Me'Aisem First,SARIMA,Train,2024-03-01,10312.315,12442.054055876302
Me'Aisem First,SARIMA,Train,2024-04-01,10707.105,11546.882995638332
Me'Aisem First,SARIMA,Train,2024-05-01,10073.32,9959.485582737354
Me'Aisem First,SARIMA,Train,2024-06-01,10588.675,9767.26510021264
Me'Aisem First,SARIMA,Train,2024-07-01,13045.08,11011.052925609161
Me'Aisem First,SARIMA,Train,2024-08-01,12587.12,12068.325637519674
Me'Aisem First,SARIMA,Train,2024-09-01,11642.765,13153.504796888115
Me'Aisem First,SARIMA,Train,2024-10-01,12993.43,11649.233217206194
Me'Aisem First,SARIMA,Train,2024-11-01,11653.44,13563.230341877885
Me'Aisem First,SARIMA,Train,2024-12-01,11982.1,12349.03779683175
Me'Aisem First,SARIMA,Test,2025-01-01,11298.33,11620.197528053874
Me'Aisem First,SARIMA,Test,2025-02-01,12627.21,12314.659020460811
Me'Aisem First,SARIMA,Test,2025-03-01,14318.44,13409.165992068656
Me'Aisem First,SARIMA,Test,2025-04-01,14318.44,13856.720599816197
Me'Aisem First,SARIMA,Test,2025-05-01,14216.66,13021.693460366187
Me'Aisem First,SARIMA,Test,2025-06-01,14275.89,13148.45833775223
Me'Aisem First,SARIMA,Test,2025-07-01,14098.36,14696.556299849497
Me'Aisem First,SARIMA,Test,2025-08-01,14515.265,14312.562600751113
Me'Aisem First,Prophet,Train,2022-09-01,8072.89,7217.679462858452
Me'Aisem First,Prophet,Train,2022-10-01,6970.75,7010.36229076257
Me'Aisem First,Prophet,Train,2022-11-01,7256.755,7640.800744307242
Me'Aisem First,Prophet,Train,2022-12-01,7970.3,7723.1832448961795
Me'Aisem First,Prophet,Train,2023-01-01,6443.73,6561.394027023562
Me'Aisem First,Prophet,Train,2023-02-01,7363.719999999999,8531.639917777668
Me'Aisem First,Prophet,Train,2023-03-01,10340.63,9708.453496073094
Me'Aisem First,Prophet,Train,2023-04-01,10995.8,10327.60426149781
Me'Aisem First,Prophet,Train,2023-05-01,9496.12,8925.60488881393
Me'Aisem First,Prophet,Train,2023-06-01,9145.494999999999,8802.289508569056
Me'Aisem First,Prophet,Train,2023-07-01,10256.41,10196.140797370408
Me'Aisem First,Prophet,Train,2023-08-01,10160.82,10376.456010129632
Me'Aisem First,Prophet,Train,2023-09-01,8413.95,9414.3047064371
Me'Aisem First,Prophet,Train,2023-10-01,8147.89,8638.928138685756
Me'Aisem First,Prophet,Train,2023-11-01,10082.71,10287.83328668764
Me'Aisem First,Prophet,Train,2023-12-01,9592.855,10024.864702727706
Me'Aisem First,Prophet,Train,2024-01-01,9680.21,9570.220850175112
Me'Aisem First,Prophet,Train,2024-02-01,10371.445,9213.633093493463
Me'Aisem First,Prophet,Train,2024-03-01,10312.315,10945.320970089775
Me'Aisem First,Prophet,Train,2024-04-01,10707.105,11375.859706461717
Me'Aisem First,Prophet,Train,2024-05-01,10073.32,10638.476568359833
Me'Aisem First,Prophet,Train,2024-06-01,10588.675,10925.869114349129
Me'Aisem First,Prophet,Train,2024-07-01,13045.08,13097.95339294259
Me'Aisem First,Prophet,Train,2024-08-01,12587.12,12365.39236337297
Me'Aisem First,Prophet,Train,2024-09-01,11642.765,11493.182365868557
Me'Aisem First,Prophet,Train,2024-10-01,12993.43,12463.183943719088
Me'Aisem First,Prophet,Train,2024-11-01,11653.44,11066.465540943478
Me'Aisem First,Prophet,Train,2024-12-01,11982.1,11804.161275224822
Me'Aisem First,Prophet,Test,2025-01-01,11298.33,9158.352876906223
Me'Aisem First,Prophet,Test,2025-02-01,12627.21,15818.616097396625
Me'Aisem First,Prophet,Test,2025-03-01,14318.44,13409.392396205245
Me'Aisem First,Prophet,Test,2025-04-01,14318.44,13922.089664564104
Me'Aisem First,Prophet,Test,2025-05-01,14216.66,12973.214075898113
Me'Aisem First,Prophet,Test,2025-06-01,14275.89,13125.734360200004
Me'Aisem First,Prophet,Test,2025-07-01,14098.36,15033.303639715827
Me'Aisem First,Prophet,Test,2025-08-01,14515.265,14601.965710400484
Nadd Hessa,ARIMA,Train,2022-09-01,6012.92,6012.92
Nadd Hessa,ARIMA,Train,2022-10-01,6566.030000000001,6012.92
Nadd Hessa,ARIMA,Train,2022-11-01,10496.86,6566.030000000001
Nadd Hessa,ARIMA,Train,2022-12-01,8240.945,10496.86
Nadd Hessa,ARIMA,Train,2023-01-01,7935.68,8240.945
Nadd Hessa,ARIMA,Train,2023-02-01,6960.525,7935.68
Nadd Hessa,ARIMA,Train,2023-03-01,5180.84,6960.525
Nadd Hessa,ARIMA,Train,2023-04-01,6912.11,5180.84
Nadd Hessa,ARIMA,Train,2023-05-01,7837.6,6912.11
Nadd Hessa,ARIMA,Train,2023-06-01,6843.11,7837.6
Nadd Hessa,ARIMA,Train,2023-07-01,6466.165000000001,6843.11
Nadd Hessa,ARIMA,Train,2023-08-01,6554.1,6466.165000000001
Nadd Hessa,ARIMA,Train,2023-09-01,8287.25,6554.1
Nadd Hessa,ARIMA,Train,2023-10-01,7099.16,8287.25
Nadd Hessa,ARIMA,Train,2023-11-01,6644.91,7099.16
Nadd Hessa,ARIMA,Train,2023-12-01,7400.68,6644.91
Nadd Hessa,ARIMA,Train,2024-01-01,8291.955,7400.68
Nadd Hessa,ARIMA,Train,2024-02-01,9191.53,8291.955
Nadd Hessa,ARIMA,Train,2024-03-01,9005.05,9191.53
Nadd Hessa,ARIMA,Train,2024-04-01,8127.24,9005.05
Nadd Hessa,ARIMA,Train,2024-05-01,7887.39,8127.24
Nadd Hessa,ARIMA,Train,2024-06-01,9052.11,7887.39
Nadd Hessa,ARIMA,Train,2024-07-01,8643.27,9052.11
Nadd Hessa,ARIMA,Train,2024-08-01,8243.57,8643.27
Nadd Hessa,ARIMA,Train,2024-09-01,9434.165,8243.57
Nadd Hessa,ARIMA,Train,2024-10-01,9573.035,9434.165
Nadd Hessa,ARIMA,Train,2024-11-01,10670.32,9573.035
Nadd Hessa,ARIMA,Train,2024-12-01,10161.875,10670.32
Nadd Hessa,ARIMA,Test,2025-01-01,15757.135,10161.875
Nadd Hessa,ARIMA,Test,2025-02-01,12977.7,10161.875
Nadd Hessa,ARIMA,Test,2025-03-01,12529.36,10161.875
Nadd Hessa,ARIMA,Test,2025-04-01,15285.81,10161.875
Nadd Hessa,ARIMA,Test,2025-05-01,14217.025000000001,10161.875
Nadd Hessa,ARIMA,Test,2025-06-01,17963.37,10161.875
Nadd Hessa,ARIMA,Test,2025-07-01,14036.43,10161.875
Nadd Hessa,ARIMA,Test,2025-08-01,12536.724999999999,10161.875
Nadd Hessa,SARIMA,Train,2022-09-01,6012.92,6012.92
Nadd Hessa,SARIMA,Train,2022-10-01,6566.030000000001,6440.027148702815
Nadd Hessa,SARIMA,Train,2022-11-01,10496.86,6577.028017463168
Nadd Hessa,SARIMA,Train,2022-12-01,8240.945,10839.484169814414
Nadd Hessa,SARIMA,Train,2023-01-01,7935.68,8013.80976074221
Nadd Hessa,SARIMA,Train,2023-02-01,6960.525,7928.850769341882
Nadd Hessa,SARIMA,Train,2023-03-01,5180.84,6875.884781290213
Nadd Hessa,SARIMA,Train,2023-04-01,6912.11,5032.678125603675
Nadd Hessa,SARIMA,Train,2023-05-01,7837.6,7076.388933733143
Nadd Hessa,SARIMA,Train,2023-06-01,6843.11,7904.1365656568205
Nadd Hessa,SARIMA,Train,2023-07-01,6466.165000000001,6750.366913511501
Nadd Hessa,SARIMA,Train,2023-08-01,6554.1,6180.561170487916
Nadd Hessa,SARIMA,Train,2023-09-01,8287.25,9166.9604708372
Nadd Hessa,SARIMA,Train,2023-10-01,7099.16,8390.930535145872
Nadd Hessa,SARIMA,Train,2023-11-01,6644.91,9068.499423114688
Nadd Hessa,SARIMA,Train,2023-12-01,7400.68,5160.849076690451
Nadd Hessa,SARIMA,Train,2024-01-01,8291.955,7510.561465280749
Nadd Hessa,SARIMA,Train,2024-02-01,9191.53,7880.306403161932
Nadd Hessa,SARIMA,Train,2024-03-01,9005.05,8377.78167501932
Nadd Hessa,SARIMA,Train,2024-04-01,8127.24,9991.808189620411
Nadd Hessa,SARIMA,Train,2024-05-01,7887.39,8413.640832533294
Nadd Hessa,SARIMA,Train,2024-06-01,9052.11,7304.400526207685
Nadd Hessa,SARIMA,Train,2024-07-01,8643.27,9040.10510645783
Nadd Hessa,SARIMA,Train,2024-08-01,8243.57,8467.606982761068
Nadd Hessa,SARIMA,Train,2024-09-01,9434.165,9836.689116940915
Nadd Hessa,SARIMA,Train,2024-10-01,9573.035,9538.398947920945
Nadd Hessa,SARIMA,Train,2024-11-01,10670.32,10953.977252375103
Nadd Hessa,SARIMA,Train,2024-12-01,10161.875,9830.971800888283
Nadd Hessa,SARIMA,Test,2025-01-01,15757.135,10056.03673414509
Nadd Hessa,SARIMA,Test,2025-02-01,12977.7,9709.433877006944
Nadd Hessa,SARIMA,Test,2025-03-01,12529.36,9101.630060521544
Nadd Hessa,SARIMA,Test,2025-04-01,15285.81,9728.229017096975
Nadd Hessa,SARIMA,Test,2025-05-01,14217.025000000001,10035.846367668335
Nadd Hessa,SARIMA,Test,2025-06-01,17963.37,9673.470541970546
Nadd Hessa,SARIMA,Test,2025-07-01,14036.43,9544.068311648409
Nadd Hessa,SARIMA,Test,2025-08-01,12536.724999999999,9707.587360765985
Nadd Hessa,Prophet,Train,2022-09-01,6012.92,6943.52342314173
Nadd Hessa,Prophet,Train,2022-10-01,6566.030000000001,6666.866760237083
Nadd Hessa,Prophet,Train,2022-11-01,10496.86,8080.660805429926
Nadd Hessa,Prophet,Train,2022-12-01,8240.945,7441.56754980905
Nadd Hessa,Prophet,Train,2023-01-01,7935.68,7522.313587971386
Nadd Hessa,Prophet,Train,2023-02-01,6960.525,7002.67918453133
Nadd Hessa,Prophet,Train,2023-03-01,5180.84,5097.498246151359
Nadd Hessa,Prophet,Train,2023-04-01,6912.11,6865.656013222064
Nadd Hessa,Prophet,Train,2023-05-01,7837.6,7912.171870717563
Nadd Hessa,Prophet,Train,2023-06-01,6843.11,7094.601978456881
Nadd Hessa,Prophet,Train,2023-07-01,6466.165000000001,6888.531427232432
Nadd Hessa,Prophet,Train,2023-08-01,6554.1,7091.032940091954
Nadd Hessa,Prophet,Train,2023-09-01,8287.25,8301.164818762965
Nadd Hessa,Prophet,Train,2023-10-01,7099.16,7667.684182882197
Nadd Hessa,Prophet,Train,2023-11-01,6644.91,8770.97048207806
Nadd Hessa,Prophet,Train,2023-12-01,7400.68,8266.986607939854
Nadd Hessa,Prophet,Train,2024-01-01,8291.955,8709.495030889275
Nadd Hessa,Prophet,Train,2024-02-01,9191.53,9152.749186996432
Nadd Hessa,Prophet,Train,2024-03-01,9005.05,9088.762436363382
Nadd Hessa,Prophet,Train,2024-04-01,8127.24,8171.903953507401
Nadd Hessa,Prophet,Train,2024-05-01,7887.39,7809.427448736711
Nadd Hessa,Prophet,Train,2024-06-01,9052.11,8795.997249999622
Nadd Hessa,Prophet,Train,2024-07-01,8643.27,8218.326356900523
Nadd Hessa,Prophet,Train,2024-08-01,8243.57,7704.551974786434
Nadd Hessa,Prophet,Train,2024-09-01,9434.165,8487.345343552593
Nadd Hessa,Prophet,Train,2024-10-01,9573.035,8906.546984850565
Nadd Hessa,Prophet,Train,2024-11-01,10670.32,10964.242191836689
Nadd Hessa,Prophet,Train,2024-12-01,10161.875,10100.33481958577
Nadd Hessa,Prophet,Test,2025-01-01,15757.135,9477.621906112456
Nadd Hessa,Prophet,Test,2025-02-01,12977.7,6951.323970383141
Nadd Hessa,Prophet,Test,2025-03-01,12529.36,9200.327321487955
Nadd Hessa,Prophet,Test,2025-04-01,15285.81,9152.641043416701
Nadd Hessa,Prophet,Test,2025-05-01,14217.025000000001,9272.473689349457
Nadd Hessa,Prophet,Test,2025-06-01,17963.37,9662.841221619403
Nadd Hessa,Prophet,Test,2025-07-01,14036.43,9199.6764170267
Nadd Hessa,Prophet,Test,2025-08-01,12536.724999999999,8924.87005464034
Palm Jumeirah,ARIMA,Train,2022-09-01,18699.74,20136.358489246028
Palm Jumeirah,ARIMA,Train,2022-10-01,28144.255,19505.0376820232
Palm Jumeirah,ARIMA,Train,2022-11-01,29845.4,24841.489475823597
Palm Jumeirah,ARIMA,Train,2022-12-01,19913.16,23027.202626654038
Palm Jumeirah,ARIMA,Train,2023-01-01,17442.92,18302.258851140832
Palm Jumeirah,ARIMA,Train,2023-02-01,19715.595,19626.848601817277
Palm Jumeirah,ARIMA,Train,2023-03-01,16809.095,20189.10000393326
Palm Jumeirah,ARIMA,Train,2023-04-01,18221.9,18125.984032995955
Palm Jumeirah,ARIMA,Train,2023-05-01,18075.464999999997,20193.424439259266
Palm Jumeirah,ARIMA,Train,2023-06-01,17005.75,18876.132115541794
Palm Jumeirah,ARIMA,Train,2023-07-01,17590.824999999997,19023.404727978093
Palm Jumeirah,ARIMA,Train,2023-08-01,18268.97,19283.904013327694
Palm Jumeirah,ARIMA,Train,2023-09-01,16851.365,19532.420722011662
Palm Jumeirah,ARIMA,Train,2023-10-01,19330.295,18540.99030825383
Palm Jumeirah,ARIMA,Train,2023-11-01,18714.44,20606.036274223523
Palm Jumeirah,ARIMA,Train,2023-12-01,22355.4,19010.759037018033
Palm Jumeirah,ARIMA,Train,2024-01-01,20186.105,22126.59623605964
Palm Jumeirah,ARIMA,Train,2024-02-01,19680.35,18981.663845934938
Palm Jumeirah,ARIMA,Train,2024-03-01,19800.55,20552.11360925898
Palm Jumeirah,ARIMA,Train,2024-04-01,19689.85,19689.138492477956
Palm Jumeirah,ARIMA,Train,2024-05-01,21058.015,20136.781873758195
Palm Jumeirah,ARIMA,Train,2024-06-01,19864.92,20684.540800491326
Palm Jumeirah,ARIMA,Train,2024-07-01,22818.449999999997,19648.640872474356
Palm Jumeirah,ARIMA,Train,2024-08-01,19846.38,22022.562148851513
Palm Jumeirah,ARIMA,Train,2024-09-01,19888.625,18841.4153024274
Palm Jumeirah,ARIMA,Train,2024-10-01,21106.91,20759.503506663918
Palm Jumeirah,ARIMA,Train,2024-11-01,22034.97,20343.083680812997
Palm Jumeirah,ARIMA,Train,2024-12-01,22135.574999999997,21143.120107559786
Palm Jumeirah,ARIMA,Test,2025-01-01,22255.55,20726.92150892747
Palm Jumeirah,ARIMA,Test,2025-02-01,21755.87,20136.358489246028
Palm Jumeirah,ARIMA,Test,2025-03-01,23111.295,20136.358489246028
Palm Jumeirah,ARIMA,Test,2025-04-01,22695.375,20136.358489246028
Palm Jumeirah,ARIMA,Test,2025-05-01,21628.74,20136.358489246028
Palm Jumeirah,ARIMA,Test,2025-06-01,22390.559999999998,20136.358489246028
Palm Jumeirah,ARIMA,Test,2025-07-01,22474.9,20136.358489246028
Palm Jumeirah,ARIMA,Test,2025-08-01,23333.79,20136.358489246028
Palm Jumeirah,SARIMA,Train,2022-09-01,18699.74,18699.74
Palm Jumeirah,SARIMA,Train,2022-10-01,28144.255,19620.789853350587
Palm Jumeirah,SARIMA,Train,2022-11-01,29845.4,28644.441023736792
Palm Jumeirah,SARIMA,Train,2022-12-01,19913.16,29936.77555567663
Palm Jumeirah,SARIMA,Train,2023-01-01,17442.92,19391.21860820255
Palm Jumeirah,SARIMA,Train,2023-02-01,19715.595,17311.017652311362
Palm Jumeirah,SARIMA,Train,2023-03-01,16809.095,19834.598263218406
Palm Jumeirah,SARIMA,Train,2023-04-01,18221.9,16656.707300175167
Palm Jumeirah,SARIMA,Train,2023-05-01,18075.464999999997,18295.525986383465
Palm Jumeirah,SARIMA,Train,2023-06-01,17005.75,18066.590695908322
Palm Jumeirah,SARIMA,Train,2023-07-01,17590.824999999997,16923.65012327112
Palm Jumeirah,SARIMA,Train,2023-08-01,18268.97,17163.746923697687
Palm Jumeirah,SARIMA,Train,2023-09-01,16851.365,27720.147876883275
Palm Jumeirah,SARIMA,Train,2023-10-01,19330.295,21309.44025232383
Palm Jumeirah,SARIMA,Train,2023-11-01,18714.44,20102.821796233267
Palm Jumeirah,SARIMA,Train,2023-12-01,22355.4,13294.343616616256
Palm Jumeirah,SARIMA,Train,2024-01-01,20186.105,21537.855088376687
Palm Jumeirah,SARIMA,Train,2024-02-01,19680.35,21370.055123786373
Palm Jumeirah,SARIMA,Train,2024-03-01,19800.55,18016.114884786555
Palm Jumeirah,SARIMA,Train,2024-04-01,19689.85,20658.29355052586
Palm Jumeirah,SARIMA,Train,2024-05-01,21058.015,19562.22192097355
Palm Jumeirah,SARIMA,Train,2024-06-01,19864.92,20561.13965876462
Palm Jumeirah,SARIMA,Train,2024-07-01,22818.449999999997,20123.302744561614
Palm Jumeirah,SARIMA,Train,2024-08-01,19846.38,22959.006736219795
Palm Jumeirah,SARIMA,Train,2024-09-01,19888.625,20406.630730949902
Palm Jumeirah,SARIMA,Train,2024-10-01,21106.91,20353.490917225994
Palm Jumeirah,SARIMA,Train,2024-11-01,22034.97,21136.782880286584
Palm Jumeirah,SARIMA,Train,2024-12-01,22135.574999999997,21848.61584466035
Palm Jumeirah,SARIMA,Test,2025-01-01,22255.55,21935.679679280813
Palm Jumeirah,SARIMA,Test,2025-02-01,21755.87,22016.57952005745
Palm Jumeirah,SARIMA,Test,2025-03-01,23111.295,21900.009220384367
Palm Jumeirah,SARIMA,Test,2025-04-01,22695.375,21954.133104944303
Palm Jumeirah,SARIMA,Test,2025-05-01,21628.74,22022.909819702552
Palm Jumeirah,SARIMA,Test,2025-06-01,22390.559999999998,21906.32865296353
Palm Jumeirah,SARIMA,Test,2025-07-01,22474.9,22096.778575455082
Palm Jumeirah,SARIMA,Test,2025-08-01,23333.79,22045.710800906018
Palm Jumeirah,Prophet,Train,2022-09-01,18699.74,18746.420657451756
Palm Jumeirah,Prophet,Train,2022-10-01,28144.255,23321.005549854137
Palm Jumeirah,Prophet,Train,2022-11-01,29845.4,23725.24123600711
Palm Jumeirah,Prophet,Train,2022-12-01,19913.16,21658.02938028186
Palm Jumeirah,Prophet,Train,2023-01-01,17442.92,18429.669703385687
Palm Jumeirah,Prophet,Train,2023-02-01,19715.595,19829.373290330754
Palm Jumeirah,Prophet,Train,2023-03-01,16809.095,17349.109826692467
Palm Jumeirah,Prophet,Train,2023-04-01,18221.9,19407.09889409643
Palm Jumeirah,Prophet,Train,2023-05-01,18075.464999999997,19805.776902580466
Palm Jumeirah,Prophet,Train,2023-06-01,17005.75,19057.18589390713
Palm Jumeirah,Prophet,Train,2023-07-01,17590.824999999997,19653.20302367587
Palm Jumeirah,Prophet,Train,2023-08-01,18268.97,19987.518025571684
Palm Jumeirah,Prophet,Train,2023-09-01,16851.365,18132.51785314441
Palm Jumeirah,Prophet,Train,2023-10-01,19330.295,23270.61717193272
Palm Jumeirah,Prophet,Train,2023-11-01,18714.44,22879.487571277874
Palm Jumeirah,Prophet,Train,2023-12-01,22355.4,20895.39210991191
Palm Jumeirah,Prophet,Train,2024-01-01,20186.105,19196.152041277106
Palm Jumeirah,Prophet,Train,2024-02-01,19680.35,19553.94220824449
Palm Jumeirah,Prophet,Train,2024-03-01,19800.55,19245.48795179739
Palm Jumeirah,Prophet,Train,2024-04-01,19689.85,18486.20177116918
Palm Jumeirah,Prophet,Train,2024-05-01,21058.015,19318.86089669297
Palm Jumeirah,Prophet,Train,2024-06-01,19864.92,17803.94487463484
Palm Jumeirah,Prophet,Train,2024-07-01,22818.449999999997,20762.365706646706
Palm Jumeirah,Prophet,Train,2024-08-01,19846.38,18134.966403532046
Palm Jumeirah,Prophet,Train,2024-09-01,19888.625,18568.696719556865
Palm Jumeirah,Prophet,Train,2024-10-01,21106.91,22005.15617639485
Palm Jumeirah,Prophet,Train,2024-11-01,22034.97,24001.852726751917
Palm Jumeirah,Prophet,Train,2024-12-01,22135.574999999997,21851.743830856867
Palm Jumeirah,Prophet,Test,2025-01-01,22255.55,15525.398557828834
Palm Jumeirah,Prophet,Test,2025-02-01,21755.87,18919.895267601685
Palm Jumeirah,Prophet,Test,2025-03-01,23111.295,18149.264679753487
Palm Jumeirah,Prophet,Test,2025-04-01,22695.375,18318.669413719635
Palm Jumeirah,Prophet,Test,2025-05-01,21628.74,19014.9077987129
Palm Jumeirah,Prophet,Test,2025-06-01,22390.559999999998,17762.900842080246
Palm Jumeirah,Prophet,Test,2025-07-01,22474.9,19928.306125158742
Palm Jumeirah,Prophet,Test,2025-08-01,23333.79,18287.2299244345
Wadi Al Safa 5,ARIMA,Train,2022-09-01,7557.645,7557.645
Wadi Al Safa 5,ARIMA,Train,2022-10-01,7694.42,7557.6449999999995
Wadi Al Safa 5,ARIMA,Train,2022-11-01,7776.92,7694.42
Wadi Al Safa 5,ARIMA,Train,2022-12-01,8234.38,7776.92
Wadi Al Safa 5,ARIMA,Train,2023-01-01,8438.9,8234.38
Wadi Al Safa 5,ARIMA,Train,2023-02-01,5781.95,8438.9
Wadi Al Safa 5,ARIMA,Train,2023-03-01,5822.88,5781.95
Wadi Al Safa 5,ARIMA,Train,2023-04-01,8169.84,5822.88
Wadi Al Safa 5,ARIMA,Train,2023-05-01,8548.21,8169.84
Wadi Al Safa 5,ARIMA,Train,2023-06-01,8650.785,8548.21
Wadi Al Safa 5,ARIMA,Train,2023-07-01,9741.93,8650.785
Wadi Al Safa 5,ARIMA,Train,2023-08-01,9362.64,9741.93
Wadi Al Safa 5,ARIMA,Train,2023-09-01,9149.32,9362.64
Wadi Al Safa 5,ARIMA,Train,2023-10-01,8274.23,9149.32
Wadi Al Safa 5,ARIMA,Train,2023-11-01,8529.675,8274.23
Wadi Al Safa 5,ARIMA,Train,2023-12-01,7836.12,8529.675
Wadi Al Safa 5,ARIMA,Train,2024-01-01,3714.42,7836.12
Wadi Al Safa 5,ARIMA,Train,2024-02-01,8117.42,3714.42
Wadi Al Safa 5,ARIMA,Train,2024-03-01,7632.2,8117.42
Wadi Al Safa 5,ARIMA,Train,2024-04-01,9068.18,7632.2
Wadi Al Safa 5,ARIMA,Train,2024-05-01,10586.29,9068.18
Wadi Al Safa 5,ARIMA,Train,2024-06-01,11941.285,10586.29
Wadi Al Safa 5,ARIMA,Train,2024-07-01,11413.13,11941.285
Wadi Al Safa 5,ARIMA,Train,2024-08-01,13443.135,11413.13
Wadi Al Safa 5,ARIMA,Train,2024-09-01,12582.61,13443.135
Wadi Al Safa 5,ARIMA,Train,2024-10-01,13281.54,12582.61
Wadi Al Safa 5,ARIMA,Train,2024-11-01,11568.29,13281.54
Wadi Al Safa 5,ARIMA,Train,2024-12-01,12335.535,11568.29
Wadi Al Safa 5,ARIMA,Test,2025-01-01,13993.08,12335.535
Wadi Al Safa 5,ARIMA,Test,2025-02-01,13834.89,12335.535
Wadi Al Safa 5,ARIMA,Test,2025-03-01,12695.09,12335.535
Wadi Al Safa 5,ARIMA,Test,2025-04-01,13193.02,12335.535
Wadi Al Safa 5,ARIMA,Test,2025-05-01,13133.96,12335.535
Wadi Al Safa 5,ARIMA,Test,2025-06-01,13823.605,12335.535
Wadi Al Safa 5,ARIMA,Test,2025-07-01,14299.439999999999,12335.535
Wadi Al Safa 5,ARIMA,Test,2025-08-01,15251.29,12335.535
Wadi Al Safa 5,SARIMA,Train,2022-09-01,7557.645,7557.645
Wadi Al Safa 5,SARIMA,Train,2022-10-01,7694.42,5185.105820873081
Wadi Al Safa 5,SARIMA,Train,2022-11-01,7776.92,7774.187724757925
Wadi Al Safa 5,SARIMA,Train,2022-12-01,8234.38,7744.673379613908
Wadi Al Safa 5,SARIMA,Train,2023-01-01,8438.9,8077.096193665994
Wadi Al Safa 5,SARIMA,Train,2023-02-01,5781.95,8380.332203544851
Wadi Al Safa 5,SARIMA,Train,2023-03-01,5822.88,6692.600297163877
Wadi Al Safa 5,SARIMA,Train,2023-04-01,8169.84,5780.319248474635
Wadi Al Safa 5,SARIMA,Train,2023-05-01,8548.21,7310.220439224401
Wadi Al Safa 5,SARIMA,Train,2023-06-01,8650.785,8597.32726425814
Wadi Al Safa 5,SARIMA,Train,2023-07-01,9741.93,8280.302339584377
Wadi Al Safa 5,SARIMA,Train,2023-08-01,9362.64,10229.09735559847
Wadi Al Safa 5,SARIMA,Train,2023-09-01,9149.32,13938.278701311385
Wadi Al Safa 5,SARIMA,Train,2023-10-01,8274.23,10945.14467328402
Wadi Al Safa 5,SARIMA,Train,2023-11-01,8529.675,8739.418281770788
Wadi Al Safa 5,SARIMA,Train,2023-12-01,7836.12,8748.20000513665
Wadi Al Safa 5,SARIMA,Train,2024-01-01,3714.42,8308.3547497959
Wadi Al Safa 5,SARIMA,Train,2024-02-01,8117.42,3666.575228971079
Wadi Al Safa 5,SARIMA,Train,2024-03-01,7632.2,5756.444230714045
Wadi Al Safa 5,SARIMA,Train,2024-04-01,9068.18,9347.551591873807
Wadi Al Safa 5,SARIMA,Train,2024-05-01,10586.29,9376.0354947481
Wadi Al Safa 5,SARIMA,Train,2024-06-01,11941.285,10199.30213479981
Wadi Al Safa 5,SARIMA,Train,2024-07-01,11413.13,12147.417597775684
Wadi Al Safa 5,SARIMA,Train,2024-08-01,13443.135,11526.127546768423
Wadi Al Safa 5,SARIMA,Train,2024-09-01,12582.61,14994.54011757222
Wadi Al Safa 5,SARIMA,Train,2024-10-01,13281.54,13453.319608898559
Wadi Al Safa 5,SARIMA,Train,2024-11-01,11568.29,13008.651750058794
Wadi Al Safa 5,SARIMA,Train,2024-12-01,12335.535,12128.957550749332
Wadi Al Safa 5,SARIMA,Test,2025-01-01,13993.08,9702.32091897876
Wadi Al Safa 5,SARIMA,Test,2025-02-01,13834.89,11202.61536799173
Wadi Al Safa 5,SARIMA,Test,2025-03-01,12695.09,10883.9285407054
Wadi Al Safa 5,SARIMA,Test,2025-04-01,13193.02,12738.689241297374
Wadi Al Safa 5,SARIMA,Test,2025-05-01,13133.96,13753.67762532986
Wadi Al Safa 5,SARIMA,Test,2025-06-01,13823.605,14570.424516799952
Wadi Al Safa 5,SARIMA,Test,2025-07-01,14299.439999999999,14741.670873437104
Wadi Al Safa 5,SARIMA,Test,2025-08-01,15251.29,15729.370781731406
Wadi Al Safa 5,Prophet,Train,2022-09-01,7557.645,8143.408400376855
Wadi Al Safa 5,Prophet,Train,2022-10-01,7694.42,7938.115877348685
Wadi Al Safa 5,Prophet,Train,2022-11-01,7776.92,7687.2324910919315
Wadi Al Safa 5,Prophet,Train,2022-12-01,8234.38,7717.992675613915
Wadi Al Safa 5,Prophet,Train,2023-01-01,8438.9,8159.984480543256
Wadi Al Safa 5,Prophet,Train,2023-02-01,5781.95,5527.772241620529
Wadi Al Safa 5,Prophet,Train,2023-03-01,5822.88,5878.454105908393
Wadi Al Safa 5,Prophet,Train,2023-04-01,8169.84,8184.100686311105
Wadi Al Safa 5,Prophet,Train,2023-05-01,8548.21,8533.628742781748
Wadi Al Safa 5,Prophet,Train,2023-06-01,8650.785,8620.82501462136
Wadi Al Safa 5,Prophet,Train,2023-07-01,9741.93,9713.356241011696
Wadi Al Safa 5,Prophet,Train,2023-08-01,9362.64,9350.11559568373
Wadi Al Safa 5,Prophet,Train,2023-09-01,9149.32,8776.571406455485
Wadi Al Safa 5,Prophet,Train,2023-10-01,8274.23,8166.454874869107
Wadi Al Safa 5,Prophet,Train,2023-11-01,8529.675,8673.48006614175
Wadi Al Safa 5,Prophet,Train,2023-12-01,7836.12,8278.201261991937
Wadi Al Safa 5,Prophet,Train,2024-01-01,3714.42,3993.416677246205
Wadi Al Safa 5,Prophet,Train,2024-02-01,8117.42,8371.412148997519
Wadi Al Safa 5,Prophet,Train,2024-03-01,7632.2,7578.198416998425
Wadi Al Safa 5,Prophet,Train,2024-04-01,9068.18,9054.704175248919
Wadi Al Safa 5,Prophet,Train,2024-05-01,10586.29,10601.439346776602
Wadi Al Safa 5,Prophet,Train,2024-06-01,11941.285,11971.301001425461
Wadi Al Safa 5,Prophet,Train,2024-07-01,11413.13,11441.399972023439
Wadi Al Safa 5,Prophet,Train,2024-08-01,13443.135,13455.247680892582
Wadi Al Safa 5,Prophet,Train,2024-09-01,12582.61,12368.410067178876
Wadi Al Safa 5,Prophet,Train,2024-10-01,13281.54,13144.862592573152
Wadi Al Safa 5,Prophet,Train,2024-11-01,11568.29,11513.127798063426
Wadi Al Safa 5,Prophet,Train,2024-12-01,12335.535,12410.498737964652
Wadi Al Safa 5,Prophet,Test,2025-01-01,13993.08,22730.273090646006
Wadi Al Safa 5,Prophet,Test,2025-02-01,13834.89,6318.2879092441435
Wadi Al Safa 5,Prophet,Test,2025-03-01,12695.09,14397.191032453047
Wadi Al Safa 5,Prophet,Test,2025-04-01,13193.02,16347.477880141016
Wadi Al Safa 5,Prophet,Test,2025-05-01,13133.96,17706.391329415215
Wadi Al Safa 5,Prophet,Test,2025-06-01,13823.605,18857.027710335
Wadi Al Safa 5,Prophet,Test,2025-07-01,14299.439999999999,19082.265777320852
Wadi Al Safa 5,Prophet,Test,2025-08-01,15251.29,20528.242664856883
