Area,Model,Dataset,Date,Actual,Predicted
Al Barsha South Fifth,XGBoost,Train,2023-03-01,11290.81,11287.248556518554
Al Barsha South Fifth,XGBoost,Train,2023-04-01,8611.12,10986.796358642578
Al Barsha South Fifth,XGBoost,Train,2023-05-01,11719.45,9148.629704589845
Al Barsha South Fifth,XGBoost,Train,2023-06-01,11233.645,11885.871035766602
Al Barsha South Fifth,XGBoost,Train,2023-07-01,11488.59,11967.495646972657
Al Barsha South Fifth,XGBoost,Train,2023-08-01,18854.265,13200.479282226563
Al Barsha South Fifth,XGBoost,Train,2023-09-01,18171.61,19168.81266845703
Al Barsha South Fifth,XGBoost,Train,2023-10-01,17386.53,17660.029677734376
Al Barsha South Fifth,XGBoost,Train,2023-11-01,12991.77,16739.692780761718
Al Barsha South Fifth,XGBoost,Train,2023-12-01,12347.56,12792.046092529297
Al Barsha South Fifth,XGBoost,Train,2024-01-01,13144.61,12508.593447265624
Al Barsha South Fifth,XGBoost,Train,2024-02-01,13381.68,13297.067672119141
Al Barsha South Fifth,XGBoost,Train,2024-03-01,13828.24,13534.137672119141
Al Barsha South Fifth,XGBoost,Train,2024-04-01,12839.19,13980.69767211914
Al Barsha South Fifth,XGBoost,Train,2024-05-01,14374.38,13274.2534765625
Al Barsha South Fifth,XGBoost,Train,2024-06-01,14109.85,14526.83767211914
Al Barsha South Fifth,XGBoost,Train,2024-07-01,14824.87,14262.307672119141
Al Barsha South Fifth,XGBoost,Train,2024-08-01,14333.14,14977.327672119141
Al Barsha South Fifth,XGBoost,Train,2024-09-01,15029.435,14485.59767211914
Al Barsha South Fifth,XGBoost,Train,2024-10-01,15333.97,15181.89267211914
Al Barsha South Fifth,XGBoost,Train,2024-11-01,14841.92,15302.468476028442
Al Barsha South Fifth,XGBoost,Train,2024-12-01,15578.25,14994.37767211914
Al Barsha South Fifth,XGBoost,Train,2025-01-01,15252.28,15546.748476028442
Al Barsha South Fifth,XGBoost,Train,2025-02-01,15123.295,15220.778476028443
Al Barsha South Fifth,XGBoost,Test,2025-03-01,15317.245,15275.75267211914
Al Barsha South Fifth,XGBoost,Test,2025-04-01,14908.32,15285.743476028443
Al Barsha South Fifth,XGBoost,Test,2025-05-01,14561.475,15060.77767211914
Al Barsha South Fifth,XGBoost,Test,2025-06-01,15175.17,14713.932672119141
Al Barsha South Fifth,XGBoost,Test,2025-07-01,15384.96,15327.62767211914
Al Barsha South Fifth,XGBoost,Test,2025-08-01,15682.21,15353.458476028442
Al Barsha South Fifth,XGBoost,Forecast,2025-09-01,,15650.708476028442
Al Barsha South Fifth,XGBoost,Forecast,2025-10-01,,15619.206952056884
Al Barsha South Fifth,XGBoost,Forecast,2025-11-01,,15587.705428085326
Al Barsha South Fifth,XGBoost,Forecast,2025-12-01,,15556.203904113769
Al Barsha South Fifth,XGBoost,Forecast,2026-01-01,,15524.702380142211
Al Barsha South Fifth,XGBoost,Forecast,2026-02-01,,15493.200856170653
Al Barsha South Fourth,XGBoost,Train,2023-03-01,11045.91,11064.322645263672
Al Barsha South Fourth,XGBoost,Train,2023-04-01,11467.29,11200.07470336914
Al Barsha South Fourth,XGBoost,Train,2023-05-01,11163.795,11591.157645263673
Al Barsha South Fourth,XGBoost,Train,2023-06-01,11490.66,11317.95970336914
Al Barsha South Fourth,XGBoost,Train,2023-07-01,11764.235,11687.322292480469
Al Barsha South Fourth,XGBoost,Train,2023-08-01,12166.43,11960.89729248047
Al Barsha South Fourth,XGBoost,Train,2023-09-01,12993.31,12264.096633605957
Al Barsha South Fourth,XGBoost,Train,2023-10-01,12704.84,13046.605745849609
Al Barsha South Fourth,XGBoost,Train,2023-11-01,13026.28,12884.347553100586
Al Barsha South Fourth,XGBoost,Train,2023-12-01,13057.31,13161.416657714844
Al Barsha South Fourth,XGBoost,Train,2024-01-01,13131.48,13167.103807983398
Al Barsha South Fourth,XGBoost,Train,2024-02-01,13125.14,13241.273807983398
Al Barsha South Fourth,XGBoost,Train,2024-03-01,13007.19,13234.933807983398
Al Barsha South Fourth,XGBoost,Train,2024-04-01,13313.87,13187.741635742188
Al Barsha South Fourth,XGBoost,Train,2024-05-01,13263.28,13369.41065322876
Al Barsha South Fourth,XGBoost,Train,2024-06-01,12692.08,13318.82065322876
Al Barsha South Fourth,XGBoost,Train,2024-07-01,13540.35,13000.5067578125
Al Barsha South Fourth,XGBoost,Train,2024-08-01,14495.99,13880.638726806641
Al Barsha South Fourth,XGBoost,Train,2024-09-01,13524.48,14376.38289855957
Al Barsha South Fourth,XGBoost,Train,2024-10-01,13198.13,13537.35865447998
Al Barsha South Fourth,XGBoost,Train,2024-11-01,13428.34,13297.364558105468
Al Barsha South Fourth,XGBoost,Train,2024-12-01,13223.77,13473.32140335083
Al Barsha South Fourth,XGBoost,Train,2025-01-01,13932.375,13452.79264404297
Al Barsha South Fourth,XGBoost,Train,2025-02-01,14334.16,14166.003814697266
Al Barsha South Fourth,XGBoost,Test,2025-03-01,14786.85,14595.044643554687
Al Barsha South Fourth,XGBoost,Test,2025-04-01,14629.31,14944.856240844727
Al Barsha South Fourth,XGBoost,Test,2025-05-01,14911.15,14787.316240844726
Al Barsha South Fourth,XGBoost,Test,2025-06-01,15263.78,15069.156240844726
Al Barsha South Fourth,XGBoost,Test,2025-07-01,14416.06,15421.786240844727
Al Barsha South Fourth,XGBoost,Test,2025-08-01,15454.42,14649.688814697265
Al Barsha South Fourth,XGBoost,Forecast,2025-09-01,,15428.053071899414
Al Barsha South Fourth,XGBoost,Forecast,2025-10-01,,15401.686143798828
Al Barsha South Fourth,XGBoost,Forecast,2025-11-01,,15457.160131378174
Al Barsha South Fourth,XGBoost,Forecast,2025-12-01,,15512.63411895752
Al Barsha South Fourth,XGBoost,Forecast,2026-01-01,,15670.640359802246
Al Barsha South Fourth,XGBoost,Forecast,2026-02-01,,15828.646600646973
Al Barshaa South Third,XGBoost,Train,2023-03-01,11067.11,11251.047595367432
Al Barshaa South Third,XGBoost,Train,2023-04-01,11486.759999999998,11359.139663085938
Al Barshaa South Third,XGBoost,Train,2023-05-01,14626.09,13857.337636718748
Al Barshaa South Third,XGBoost,Train,2023-06-01,14018.14,13990.520847167969
Al Barshaa South Third,XGBoost,Train,2023-07-01,12803.59,13110.944748535156
Al Barshaa South Third,XGBoost,Train,2023-08-01,14864.73,14451.85171875
Al Barshaa South Third,XGBoost,Train,2023-09-01,14747.6,14102.889362792968
Al Barshaa South Third,XGBoost,Train,2023-10-01,12098.745,12653.703759765625
Al Barshaa South Third,XGBoost,Train,2023-11-01,12618.845,12236.39085876465
Al Barshaa South Third,XGBoost,Train,2023-12-01,11665.025,12191.419890136718
Al Barshaa South Third,XGBoost,Train,2024-01-01,12754.16,12437.118627929687
Al Barshaa South Third,XGBoost,Train,2024-02-01,13696.33,13539.758022460937
Al Barshaa South Third,XGBoost,Train,2024-03-01,13465.19,13525.078443603516
Al Barshaa South Third,XGBoost,Train,2024-04-01,13796.74,13930.605100097657
Al Barshaa South Third,XGBoost,Train,2024-05-01,13632.715,13702.053941955566
Al Barshaa South Third,XGBoost,Train,2024-06-01,14038.24,14012.238986816406
Al Barshaa South Third,XGBoost,Train,2024-07-01,14251.085,14047.144403686523
Al Barshaa South Third,XGBoost,Train,2024-08-01,14134.3,13983.200844726562
Al Barshaa South Third,XGBoost,Train,2024-09-01,13579.145,13919.356915283202
Al Barshaa South Third,XGBoost,Train,2024-10-01,14184.37,13939.289317626954
Al Barshaa South Third,XGBoost,Train,2024-11-01,13460.915,13406.826970214845
Al Barshaa South Third,XGBoost,Train,2024-12-01,14190.33,13973.28871826172
Al Barshaa South Third,XGBoost,Train,2025-01-01,13950.53,14058.546751098633
Al Barshaa South Third,XGBoost,Train,2025-02-01,13661.275,13818.068406372071
Al Barshaa South Third,XGBoost,Test,2025-03-01,13664.25,14104.169897460937
Al Barshaa South Third,XGBoost,Test,2025-04-01,14560.02,14167.246063232422
Al Barshaa South Third,XGBoost,Test,2025-05-01,13957.135,14223.415599365235
Al Barshaa South Third,XGBoost,Test,2025-06-01,14209.25,13882.554219970703
Al Barshaa South Third,XGBoost,Test,2025-07-01,14436.655,14098.059196472168
Al Barshaa South Third,XGBoost,Test,2025-08-01,13962.48,14259.325455932618
Al Barshaa South Third,XGBoost,Forecast,2025-09-01,,13862.854534606933
Al Barshaa South Third,XGBoost,Forecast,2025-10-01,,13307.631390075683
Al Barshaa South Third,XGBoost,Forecast,2025-11-01,,13947.912640075683
Al Barshaa South Third,XGBoost,Forecast,2025-12-01,,13459.618053894043
Al Barshaa South Third,XGBoost,Forecast,2026-01-01,,14245.21607635498
Al Barshaa South Third,XGBoost,Forecast,2026-02-01,,14173.533977966308
Al Hebiah First,XGBoost,Train,2023-03-01,6864.53,6253.757653808594
Al Hebiah First,XGBoost,Train,2023-04-01,6657.7,7409.9376538085935
Al Hebiah First,XGBoost,Train,2023-05-01,7795.75,7203.107653808594
Al Hebiah First,XGBoost,Train,2023-06-01,8335.75,8238.118103027344
Al Hebiah First,XGBoost,Train,2023-07-01,7320.64,8778.118103027344
Al Hebiah First,XGBoost,Train,2023-08-01,7657.585,7866.047653808594
Al Hebiah First,XGBoost,Train,2023-09-01,9748.39,8099.953103027344
Al Hebiah First,XGBoost,Train,2023-10-01,7644.469999999999,10190.758103027343
Al Hebiah First,XGBoost,Train,2023-11-01,7582.835,8086.838103027343
Al Hebiah First,XGBoost,Train,2023-12-01,6646.36,8025.203103027344
Al Hebiah First,XGBoost,Train,2024-01-01,6754.27,7191.767653808593
Al Hebiah First,XGBoost,Train,2024-02-01,7116.71,7299.677653808594
Al Hebiah First,XGBoost,Train,2024-03-01,7894.56,7662.117653808594
Al Hebiah First,XGBoost,Train,2024-04-01,7673.96,8336.928103027345
Al Hebiah First,XGBoost,Train,2024-05-01,7675.695,8116.328103027344
Al Hebiah First,XGBoost,Train,2024-06-01,7370.21,8118.0631030273435
Al Hebiah First,XGBoost,Train,2024-07-01,7417.16,7915.617653808594
Al Hebiah First,XGBoost,Train,2024-08-01,9083.97,7962.567653808594
Al Hebiah First,XGBoost,Train,2024-09-01,19697.945,10581.7434375
Al Hebiah First,XGBoost,Train,2024-10-01,20236.25,20605.90380126953
Al Hebiah First,XGBoost,Train,2024-11-01,11717.99,20298.280151367188
Al Hebiah First,XGBoost,Train,2024-12-01,20021.15,13215.7634375
Al Hebiah First,XGBoost,Train,2025-01-01,13724.015,20083.18015136719
Al Hebiah First,XGBoost,Train,2025-02-01,20074.67,15221.7884375
Al Hebiah First,XGBoost,Test,2025-03-01,20182.25,20136.700151367186
Al Hebiah First,XGBoost,Test,2025-04-01,19105.885,20244.280151367188
Al Hebiah First,XGBoost,Test,2025-05-01,20774.12,20603.6584375
Al Hebiah First,XGBoost,Test,2025-06-01,20989.75,20836.150151367186
Al Hebiah First,XGBoost,Test,2025-07-01,20935.73,21051.780151367188
Al Hebiah First,XGBoost,Test,2025-08-01,20774.45,20997.760151367187
Al Hebiah First,XGBoost,Forecast,2025-09-01,,20836.48015136719
Al Hebiah First,XGBoost,Forecast,2025-10-01,,20898.510302734376
Al Hebiah First,XGBoost,Forecast,2025-11-01,,20960.540454101563
Al Hebiah First,XGBoost,Forecast,2025-12-01,,21022.57060546875
Al Hebiah First,XGBoost,Forecast,2026-01-01,,21084.60075683594
Al Hebiah First,XGBoost,Forecast,2026-02-01,,21146.630908203126
Al Hebiah Fourth,XGBoost,Train,2023-03-01,6311.86,6960.67265258789
Al Hebiah Fourth,XGBoost,Train,2023-04-01,6500.1,6418.42265258789
Al Hebiah Fourth,XGBoost,Train,2023-05-01,6962.58,6606.662652587891
Al Hebiah Fourth,XGBoost,Train,2023-06-01,7265.69,7069.142652587891
Al Hebiah Fourth,XGBoost,Train,2023-07-01,8044.15,7372.25265258789
Al Hebiah Fourth,XGBoost,Train,2023-08-01,7714.215,8150.71265258789
Al Hebiah Fourth,XGBoost,Train,2023-09-01,7930.51,7820.777652587891
Al Hebiah Fourth,XGBoost,Train,2023-10-01,8423.195,8037.072652587891
Al Hebiah Fourth,XGBoost,Train,2023-11-01,8084.41,8529.75765258789
Al Hebiah Fourth,XGBoost,Train,2023-12-01,8421.265,8190.9726525878905
Al Hebiah Fourth,XGBoost,Train,2024-01-01,9137.905,8527.82765258789
Al Hebiah Fourth,XGBoost,Train,2024-02-01,8962.564999999999,9244.467652587891
Al Hebiah Fourth,XGBoost,Train,2024-03-01,15004.02,9254.457150878905
Al Hebiah Fourth,XGBoost,Train,2024-04-01,14871.72,15090.189731140137
Al Hebiah Fourth,XGBoost,Train,2024-05-01,10487.065,14716.303755493163
Al Hebiah Fourth,XGBoost,Train,2024-06-01,14544.93,10778.957150878907
Al Hebiah Fourth,XGBoost,Train,2024-07-01,11197.37,14389.513755493164
Al Hebiah Fourth,XGBoost,Train,2024-08-01,13774.595,11489.262150878907
Al Hebiah Fourth,XGBoost,Train,2024-09-01,9724.96,13619.178755493163
Al Hebiah Fourth,XGBoost,Train,2024-10-01,10316.9,10016.852150878905
Al Hebiah Fourth,XGBoost,Train,2024-11-01,9027.99,10608.792150878906
Al Hebiah Fourth,XGBoost,Train,2024-12-01,9605.79,9319.882150878906
Al Hebiah Fourth,XGBoost,Train,2025-01-01,8862.74,9897.682150878907
Al Hebiah Fourth,XGBoost,Train,2025-02-01,9198.145,9154.632150878906
Al Hebiah Fourth,XGBoost,Test,2025-03-01,13433.225,9490.037150878907
Al Hebiah Fourth,XGBoost,Test,2025-04-01,10103.87,13725.117150878907
Al Hebiah Fourth,XGBoost,Test,2025-05-01,10468.16,10395.762150878907
Al Hebiah Fourth,XGBoost,Test,2025-06-01,12974.98,10760.052150878906
Al Hebiah Fourth,XGBoost,Test,2025-07-01,10931.105,13266.872150878906
Al Hebiah Fourth,XGBoost,Test,2025-08-01,13006.39,11222.997150878906
Al Hebiah Fourth,XGBoost,Forecast,2025-09-01,,13298.282150878906
Al Hebiah Fourth,XGBoost,Forecast,2025-10-01,,13590.174301757812
Al Hebiah Fourth,XGBoost,Forecast,2025-11-01,,13882.066452636718
Al Hebiah Fourth,XGBoost,Forecast,2025-12-01,,13726.650208129882
Al Hebiah Fourth,XGBoost,Forecast,2026-01-01,,14018.542359008788
Al Hebiah Fourth,XGBoost,Forecast,2026-02-01,,14104.712090148925
Al Khairan First,XGBoost,Train,2023-03-01,21699.33,20977.06884765625
Al Khairan First,XGBoost,Train,2023-04-01,22062.49,21971.91059692383
Al Khairan First,XGBoost,Train,2023-05-01,20887.21,22150.917658081056
Al Khairan First,XGBoost,Train,2023-06-01,21680.22,21159.790596923827
Al Khairan First,XGBoost,Train,2023-07-01,22601.0,22037.91027709961
Al Khairan First,XGBoost,Train,2023-08-01,22481.63,22809.20916748047
Al Khairan First,XGBoost,Train,2023-09-01,22450.72,22388.12104309082
Al Khairan First,XGBoost,Train,2023-10-01,20857.22,22297.601805419923
Al Khairan First,XGBoost,Train,2023-11-01,21488.465,20933.81017944336
Al Khairan First,XGBoost,Train,2023-12-01,21311.54,21613.14241394043
Al Khairan First,XGBoost,Train,2024-01-01,21929.56,21672.05434326172
Al Khairan First,XGBoost,Train,2024-02-01,23659.87,22354.445803222658
Al Khairan First,XGBoost,Train,2024-03-01,23266.86,23901.80229675293
Al Khairan First,XGBoost,Train,2024-04-01,23537.19,23691.745803222657
Al Khairan First,XGBoost,Train,2024-05-01,23328.165,23576.8717779541
Al Khairan First,XGBoost,Train,2024-06-01,25107.64,23941.117697753907
Al Khairan First,XGBoost,Train,2024-07-01,26140.93,25506.01969970703
Al Khairan First,XGBoost,Train,2024-08-01,27600.12,26635.30060546875
Al Khairan First,XGBoost,Train,2024-09-01,26735.545,27049.83044921875
Al Khairan First,XGBoost,Train,2024-10-01,25348.605,26185.25544921875
Al Khairan First,XGBoost,Train,2024-11-01,23620.68,24916.55064819336
Al Khairan First,XGBoost,Train,2024-12-01,24426.94,23626.66649597168
Al Khairan First,XGBoost,Train,2025-01-01,23477.93,24394.811543884276
Al Khairan First,XGBoost,Train,2025-02-01,23943.81,23839.981391601563
Al Khairan First,XGBoost,Test,2025-03-01,23037.94,23911.68154388428
Al Khairan First,XGBoost,Test,2025-04-01,23682.65,23650.892697753905
Al Khairan First,XGBoost,Test,2025-05-01,25455.88,23650.52154388428
Al Khairan First,XGBoost,Test,2025-06-01,25760.45,25865.527247314454
Al Khairan First,XGBoost,Test,2025-07-01,25109.32,25728.321543884278
Al Khairan First,XGBoost,Test,2025-08-01,24636.63,25077.191543884277
Al Khairan First,XGBoost,Forecast,2025-09-01,,24086.34044921875
Al Khairan First,XGBoost,Forecast,2025-10-01,,23642.011134033204
Al Khairan First,XGBoost,Forecast,2025-11-01,,23315.91698730469
Al Khairan First,XGBoost,Forecast,2025-12-01,,23507.450266723634
Al Khairan First,XGBoost,Forecast,2026-01-01,,23869.501658325196
Al Khairan First,XGBoost,Forecast,2026-02-01,,24363.872263793946
Al Merkadh,XGBoost,Train,2023-03-01,19375.085,19040.9687689209
Al Merkadh,XGBoost,Train,2023-04-01,18064.19,19331.478295288085
Al Merkadh,XGBoost,Train,2023-05-01,18937.64,18020.583295288085
Al Merkadh,XGBoost,Train,2023-06-01,16991.07,18894.033295288085
Al Merkadh,XGBoost,Train,2023-07-01,19644.19,17189.29427368164
Al Merkadh,XGBoost,Train,2023-08-01,19913.19,19629.151708068846
Al Merkadh,XGBoost,Train,2023-09-01,19918.45,19898.151708068846
Al Merkadh,XGBoost,Train,2023-10-01,18800.53,19903.41170806885
Al Merkadh,XGBoost,Train,2023-11-01,18619.425000000003,18998.75427368164
Al Merkadh,XGBoost,Train,2023-12-01,20739.305,18817.649273681644
Al Merkadh,XGBoost,Train,2024-01-01,19325.94,20695.698295288086
Al Merkadh,XGBoost,Train,2024-02-01,18333.19,19282.333295288085
Al Merkadh,XGBoost,Train,2024-03-01,17720.66,18289.583295288085
Al Merkadh,XGBoost,Train,2024-04-01,17870.93,17774.2887689209
Al Merkadh,XGBoost,Train,2024-05-01,19211.53,17924.5587689209
Al Merkadh,XGBoost,Train,2024-06-01,19060.78,19167.923295288085
Al Merkadh,XGBoost,Train,2024-07-01,20184.855,19259.00427368164
Al Merkadh,XGBoost,Train,2024-08-01,19602.47,20169.816708068847
Al Merkadh,XGBoost,Train,2024-09-01,21567.96,19800.69427368164
Al Merkadh,XGBoost,Train,2024-10-01,20488.1,21552.921708068847
Al Merkadh,XGBoost,Train,2024-11-01,19094.55,20473.061708068846
Al Merkadh,XGBoost,Train,2024-12-01,21021.99,19292.77427368164
Al Merkadh,XGBoost,Train,2025-01-01,19758.74,20978.383295288088
Al Merkadh,XGBoost,Train,2025-02-01,19905.21,19715.133295288088
Al Merkadh,XGBoost,Test,2025-03-01,20182.45,19861.603295288085
Al Merkadh,XGBoost,Test,2025-04-01,21616.32,20138.843295288087
Al Merkadh,XGBoost,Test,2025-05-01,20750.63,21572.713295288086
Al Merkadh,XGBoost,Test,2025-06-01,20386.46,20707.023295288087
Al Merkadh,XGBoost,Test,2025-07-01,20094.99,20371.421708068847
Al Merkadh,XGBoost,Test,2025-08-01,20578.7,20079.95170806885
Al Merkadh,XGBoost,Forecast,2025-09-01,,20563.66170806885
Al Merkadh,XGBoost,Forecast,2025-10-01,,20548.623416137696
Al Merkadh,XGBoost,Forecast,2025-11-01,,20533.585124206544
Al Merkadh,XGBoost,Forecast,2025-12-01,,20518.54683227539
Al Merkadh,XGBoost,Forecast,2026-01-01,,20474.940127563477
Al Merkadh,XGBoost,Forecast,2026-02-01,,20431.333422851563
Al Thanyah Fifth,XGBoost,Train,2023-03-01,11460.025,11754.762424316406
Al Thanyah Fifth,XGBoost,Train,2023-04-01,11235.69,11893.322424316406
Al Thanyah Fifth,XGBoost,Train,2023-05-01,14189.585,12150.724423828126
Al Thanyah Fifth,XGBoost,Train,2023-06-01,21977.84,15512.734169921874
Al Thanyah Fifth,XGBoost,Train,2023-07-01,22280.07,22087.861522521973
Al Thanyah Fifth,XGBoost,Train,2023-08-01,19273.85,21775.923729248047
Al Thanyah Fifth,XGBoost,Train,2023-09-01,17433.91,18598.911401367186
Al Thanyah Fifth,XGBoost,Train,2023-10-01,14125.83,16758.971401367187
Al Thanyah Fifth,XGBoost,Train,2023-11-01,12593.78,15027.938825683594
Al Thanyah Fifth,XGBoost,Train,2023-12-01,15743.23,13495.888825683594
Al Thanyah Fifth,XGBoost,Train,2024-01-01,17597.905,16033.867084960937
Al Thanyah Fifth,XGBoost,Train,2024-02-01,14822.8,17093.758729248046
Al Thanyah Fifth,XGBoost,Train,2024-03-01,13870.75,14886.177807617187
Al Thanyah Fifth,XGBoost,Train,2024-04-01,13600.285,14047.676300048828
Al Thanyah Fifth,XGBoost,Train,2024-05-01,15270.7,14515.319423828125
Al Thanyah Fifth,XGBoost,Train,2024-06-01,14363.155,15748.315631103516
Al Thanyah Fifth,XGBoost,Train,2024-07-01,14241.075,15065.251984863282
Al Thanyah Fifth,XGBoost,Train,2024-08-01,22216.61,16079.197680664063
Al Thanyah Fifth,XGBoost,Train,2024-09-01,20771.23,21712.463729248047
Al Thanyah Fifth,XGBoost,Train,2024-10-01,21425.965,20267.083729248046
Al Thanyah Fifth,XGBoost,Train,2024-11-01,17417.73,20751.026401367188
Al Thanyah Fifth,XGBoost,Train,2024-12-01,16748.26,17113.34700439453
Al Thanyah Fifth,XGBoost,Train,2025-01-01,19021.3,17547.74760986328
Al Thanyah Fifth,XGBoost,Train,2025-02-01,17031.57,18511.030743408202
Al Thanyah Fifth,XGBoost,Test,2025-03-01,17655.9,17609.921318359375
Al Thanyah Fifth,XGBoost,Test,2025-04-01,24525.135,17145.630743408205
Al Thanyah Fifth,XGBoost,Test,2025-05-01,20635.02,23850.196401367186
Al Thanyah Fifth,XGBoost,Test,2025-06-01,18807.09,19960.081401367188
Al Thanyah Fifth,XGBoost,Test,2025-07-01,16131.28,18132.151401367188
Al Thanyah Fifth,XGBoost,Test,2025-08-01,19259.81,16953.076813964843
Al Thanyah Fifth,XGBoost,Forecast,2025-09-01,,18584.87140136719
Al Thanyah Fifth,XGBoost,Forecast,2025-10-01,,17909.932802734376
Al Thanyah Fifth,XGBoost,Forecast,2025-11-01,,17234.994204101564
Al Thanyah Fifth,XGBoost,Forecast,2025-12-01,,18056.791018066408
Al Thanyah Fifth,XGBoost,Forecast,2026-01-01,,17767.658052978517
Al Thanyah Fifth,XGBoost,Forecast,2026-02-01,,17257.38879638672
Al Warsan First,XGBoost,Train,2023-03-01,5144.69,5535.265916976929
Al Warsan First,XGBoost,Train,2023-04-01,5586.59,5212.838414611816
Al Warsan First,XGBoost,Train,2023-05-01,5111.11,5629.796199645996
Al Warsan First,XGBoost,Train,2023-06-01,5505.62,5179.258414611816
Al Warsan First,XGBoost,Train,2023-07-01,5491.55,5548.826199645996
Al Warsan First,XGBoost,Train,2023-08-01,5434.78,5517.780916976929
Al Warsan First,XGBoost,Train,2023-09-01,5497.255,5477.986199645996
Al Warsan First,XGBoost,Train,2023-10-01,5569.23,5540.461199645996
Al Warsan First,XGBoost,Train,2023-11-01,5462.16,5612.436199645996
Al Warsan First,XGBoost,Train,2023-12-01,5429.98,5505.366199645996
Al Warsan First,XGBoost,Train,2024-01-01,5430.57,5473.186199645996
Al Warsan First,XGBoost,Train,2024-02-01,5597.225,5473.776199645996
Al Warsan First,XGBoost,Train,2024-03-01,5777.78,5640.4311996459965
Al Warsan First,XGBoost,Train,2024-04-01,5895.52,5820.986199645996
Al Warsan First,XGBoost,Train,2024-05-01,6001.43,5938.7261996459965
Al Warsan First,XGBoost,Train,2024-06-01,5989.360000000001,6044.636199645996
Al Warsan First,XGBoost,Train,2024-07-01,6022.73,6032.566199645997
Al Warsan First,XGBoost,Train,2024-08-01,6057.865,6065.936199645996
Al Warsan First,XGBoost,Train,2024-09-01,6000.62,6101.071199645996
Al Warsan First,XGBoost,Train,2024-10-01,6208.935,6043.826199645996
Al Warsan First,XGBoost,Train,2024-11-01,6369.3150000000005,6252.1411996459965
Al Warsan First,XGBoost,Train,2024-12-01,6305.0,6412.521199645997
Al Warsan First,XGBoost,Train,2025-01-01,6565.66,6348.206199645996
Al Warsan First,XGBoost,Train,2025-02-01,6544.5,6608.866199645996
Al Warsan First,XGBoost,Test,2025-03-01,6623.475,6587.706199645996
Al Warsan First,XGBoost,Test,2025-04-01,6566.93,6666.6811996459965
Al Warsan First,XGBoost,Test,2025-05-01,6771.33,6610.136199645996
Al Warsan First,XGBoost,Test,2025-06-01,6543.335,6814.536199645996
Al Warsan First,XGBoost,Test,2025-07-01,6717.99,6586.541199645996
Al Warsan First,XGBoost,Test,2025-08-01,6824.485,6761.196199645996
Al Warsan First,XGBoost,Forecast,2025-09-01,,6867.691199645996
Al Warsan First,XGBoost,Forecast,2025-10-01,,6910.897399291992
Al Warsan First,XGBoost,Forecast,2025-11-01,,6954.103598937988
Al Warsan First,XGBoost,Forecast,2025-12-01,,6997.309798583984
Al Warsan First,XGBoost,Forecast,2026-01-01,,7040.51599822998
Al Warsan First,XGBoost,Forecast,2026-02-01,,7083.722197875976
Al Yelayiss 2,XGBoost,Train,2023-03-01,11040.35,12576.025419311523
Al Yelayiss 2,XGBoost,Train,2023-04-01,10858.44,11150.529077148438
Al Yelayiss 2,XGBoost,Train,2023-05-01,10016.63,10968.619077148438
Al Yelayiss 2,XGBoost,Train,2023-06-01,10708.12,10126.809077148437
Al Yelayiss 2,XGBoost,Train,2023-07-01,10287.04,10769.476021881104
Al Yelayiss 2,XGBoost,Train,2023-08-01,11039.89,10348.396021881104
Al Yelayiss 2,XGBoost,Train,2023-09-01,11139.37,11101.246021881103
Al Yelayiss 2,XGBoost,Train,2023-10-01,10620.61,11200.726021881104
Al Yelayiss 2,XGBoost,Train,2023-11-01,11312.165,10730.789077148438
Al Yelayiss 2,XGBoost,Train,2023-12-01,12325.42,11422.344077148438
Al Yelayiss 2,XGBoost,Train,2024-01-01,12318.38,12386.776021881104
Al Yelayiss 2,XGBoost,Train,2024-02-01,12546.4,12428.559077148437
Al Yelayiss 2,XGBoost,Train,2024-03-01,12161.66,12530.345419311523
Al Yelayiss 2,XGBoost,Train,2024-04-01,12063.65,12271.839077148437
Al Yelayiss 2,XGBoost,Train,2024-05-01,12263.06,12173.829077148437
Al Yelayiss 2,XGBoost,Train,2024-06-01,12990.55,12373.239077148437
Al Yelayiss 2,XGBoost,Train,2024-07-01,11486.255,12974.495419311523
Al Yelayiss 2,XGBoost,Train,2024-08-01,12146.89,11596.434077148437
Al Yelayiss 2,XGBoost,Train,2024-09-01,12694.955,12257.069077148437
Al Yelayiss 2,XGBoost,Train,2024-10-01,12071.16,12678.900419311523
Al Yelayiss 2,XGBoost,Train,2024-11-01,11897.75,12181.339077148437
Al Yelayiss 2,XGBoost,Train,2024-12-01,12873.87,12007.929077148438
Al Yelayiss 2,XGBoost,Train,2025-01-01,13959.81,12957.938649291993
Al Yelayiss 2,XGBoost,Train,2025-02-01,14293.905,14043.878649291992
Al Yelayiss 2,XGBoost,Test,2025-03-01,13780.01,14277.850419311524
Al Yelayiss 2,XGBoost,Test,2025-04-01,13866.985,13763.955419311524
Al Yelayiss 2,XGBoost,Test,2025-05-01,14677.23,13850.930419311524
Al Yelayiss 2,XGBoost,Test,2025-06-01,13903.245,14661.175419311523
Al Yelayiss 2,XGBoost,Test,2025-07-01,13625.91,13887.190419311524
Al Yelayiss 2,XGBoost,Test,2025-08-01,14035.09,13609.855419311523
Al Yelayiss 2,XGBoost,Forecast,2025-09-01,,14019.035419311524
Al Yelayiss 2,XGBoost,Forecast,2025-10-01,,14002.980838623047
Al Yelayiss 2,XGBoost,Forecast,2025-11-01,,13986.92625793457
Al Yelayiss 2,XGBoost,Forecast,2025-12-01,,13970.871677246094
Al Yelayiss 2,XGBoost,Forecast,2026-01-01,,14054.940326538086
Al Yelayiss 2,XGBoost,Forecast,2026-02-01,,14139.008975830078
Burj Khalifa,XGBoost,Train,2023-03-01,22146.35,21970.765246582032
Burj Khalifa,XGBoost,Train,2023-04-01,20265.96,20983.798974609374
Burj Khalifa,XGBoost,Train,2023-05-01,21424.445,20814.716408691405
Burj Khalifa,XGBoost,Train,2023-06-01,20378.83,20702.202751464843
Burj Khalifa,XGBoost,Train,2023-07-01,19220.21,19051.3309765625
Burj Khalifa,XGBoost,Train,2023-08-01,22040.3,21380.2793359375
Burj Khalifa,XGBoost,Train,2023-09-01,19934.5,20283.69660644531
Burj Khalifa,XGBoost,Train,2023-10-01,23343.525,22958.662841796875
Burj Khalifa,XGBoost,Train,2023-11-01,23897.120000000003,22518.161840820314
Burj Khalifa,XGBoost,Train,2023-12-01,20939.685,21917.06323730469
Burj Khalifa,XGBoost,Train,2024-01-01,22716.41,21913.44055419922
Burj Khalifa,XGBoost,Train,2024-02-01,20699.02,21341.99642578125
Burj Khalifa,XGBoost,Train,2024-03-01,21615.375,21406.94547607422
Burj Khalifa,XGBoost,Train,2024-04-01,21795.16,20883.42901611328
Burj Khalifa,XGBoost,Train,2024-05-01,19865.8,19945.29330078125
Burj Khalifa,XGBoost,Train,2024-06-01,20565.77,20850.605847167968
Burj Khalifa,XGBoost,Train,2024-07-01,18203.4,19347.073833007813
Burj Khalifa,XGBoost,Train,2024-08-01,24599.59,22524.40048828125
Burj Khalifa,XGBoost,Train,2024-09-01,21244.69,22228.68375
Burj Khalifa,XGBoost,Train,2024-10-01,22484.72,21876.35729736328
Burj Khalifa,XGBoost,Train,2024-11-01,23440.465,23043.310881347657
Burj Khalifa,XGBoost,Train,2024-12-01,22200.3,22482.776645507813
Burj Khalifa,XGBoost,Train,2025-01-01,22785.2,22782.24659423828
Burj Khalifa,XGBoost,Train,2025-02-01,21524.59,21687.09392089844
Burj Khalifa,XGBoost,Test,2025-03-01,22539.25,21127.610965576172
Burj Khalifa,XGBoost,Test,2025-04-01,23490.55,21564.50079345703
Burj Khalifa,XGBoost,Test,2025-05-01,23142.79,22302.715405273437
Burj Khalifa,XGBoost,Test,2025-06-01,18138.24,22080.682578125
Burj Khalifa,XGBoost,Test,2025-07-01,20308.69,20062.560922851564
Burj Khalifa,XGBoost,Test,2025-08-01,21084.51,21954.558530273436
Burj Khalifa,XGBoost,Forecast,2025-09-01,,21540.90465332031
Burj Khalifa,XGBoost,Forecast,2025-10-01,,20613.136831054686
Burj Khalifa,XGBoost,Forecast,2025-11-01,,20059.91869140625
Burj Khalifa,XGBoost,Forecast,2025-12-01,,22403.450185546873
Burj Khalifa,XGBoost,Forecast,2026-01-01,,21223.931752929686
Burj Khalifa,XGBoost,Forecast,2026-02-01,,20647.981435546873
Business Bay,XGBoost,Train,2023-03-01,22286.68,22124.88824859619
Business Bay,XGBoost,Train,2023-04-01,20934.37,22395.90824859619
Business Bay,XGBoost,Train,2023-05-01,17569.825,21043.59824859619
Business Bay,XGBoost,Train,2023-06-01,17808.22,17679.053248596192
Business Bay,XGBoost,Train,2023-07-01,20727.62,18144.50726196289
Business Bay,XGBoost,Train,2023-08-01,26468.01,21063.90726196289
Business Bay,XGBoost,Train,2023-09-01,24577.575,26336.025502929686
Business Bay,XGBoost,Train,2023-10-01,20942.41,24445.59050292969
Business Bay,XGBoost,Train,2023-11-01,22019.9,21051.63824859619
Business Bay,XGBoost,Train,2023-12-01,23101.255,22129.128248596193
Business Bay,XGBoost,Train,2024-01-01,23553.325,23210.483248596192
Business Bay,XGBoost,Train,2024-02-01,21706.465,23421.34050292969
Business Bay,XGBoost,Train,2024-03-01,23890.885,21815.69324859619
Business Bay,XGBoost,Train,2024-04-01,23238.45,23892.47010971069
Business Bay,XGBoost,Train,2024-05-01,23124.01,23347.678248596192
Business Bay,XGBoost,Train,2024-06-01,24041.85,23233.23824859619
Business Bay,XGBoost,Train,2024-07-01,22356.4,23909.865502929686
Business Bay,XGBoost,Train,2024-08-01,23421.15,22465.628248596193
Business Bay,XGBoost,Train,2024-09-01,22692.31,23422.735109710695
Business Bay,XGBoost,Train,2024-10-01,24100.35,22801.538248596193
Business Bay,XGBoost,Train,2024-11-01,22876.0,24101.935109710692
Business Bay,XGBoost,Train,2024-12-01,24181.55,22985.22824859619
Business Bay,XGBoost,Train,2025-01-01,23266.335,24183.135109710693
Business Bay,XGBoost,Train,2025-02-01,23240.37,23375.56324859619
Business Bay,XGBoost,Test,2025-03-01,25111.85,23349.59824859619
Business Bay,XGBoost,Test,2025-04-01,23763.805,24979.865502929686
Business Bay,XGBoost,Test,2025-05-01,23805.75,23631.820502929688
Business Bay,XGBoost,Test,2025-06-01,24957.78,23807.335109710693
Business Bay,XGBoost,Test,2025-07-01,24847.53,24959.365109710692
Business Bay,XGBoost,Test,2025-08-01,27464.07,24849.115109710692
Business Bay,XGBoost,Forecast,2025-09-01,,27465.655109710693
Business Bay,XGBoost,Forecast,2025-10-01,,27467.240219421386
Business Bay,XGBoost,Forecast,2025-11-01,,27468.82532913208
Business Bay,XGBoost,Forecast,2025-12-01,,27470.410438842773
Business Bay,XGBoost,Forecast,2026-01-01,,27471.995548553467
Business Bay,XGBoost,Forecast,2026-02-01,,27473.58065826416
Hadaeq Sheikh Mohammed Bin Rashid,XGBoost,Train,2023-03-01,20655.97,19769.93875
Hadaeq Sheikh Mohammed Bin Rashid,XGBoost,Train,2023-04-01,21910.03,21488.58590576172
Hadaeq Sheikh Mohammed Bin Rashid,XGBoost,Train,2023-05-01,19438.27,21537.692994384764
Hadaeq Sheikh Mohammed Bin Rashid,XGBoost,Train,2023-06-01,20236.15,20035.95701171875
Hadaeq Sheikh Mohammed Bin Rashid,XGBoost,Train,2023-07-01,20490.65,20834.322973632814
Hadaeq Sheikh Mohammed Bin Rashid,XGBoost,Train,2023-08-01,20055.12,20678.845785522462
Hadaeq Sheikh Mohammed Bin Rashid,XGBoost,Train,2023-09-01,21354.04,20894.61133300781
Hadaeq Sheikh Mohammed Bin Rashid,XGBoost,Train,2023-10-01,21573.18,21775.458853759766
Hadaeq Sheikh Mohammed Bin Rashid,XGBoost,Train,2023-11-01,21992.14,21948.173774414063
Hadaeq Sheikh Mohammed Bin Rashid,XGBoost,Train,2023-12-01,22712.11,22098.267799987792
Hadaeq Sheikh Mohammed Bin Rashid,XGBoost,Train,2024-01-01,22936.585,22710.980392799378
Hadaeq Sheikh Mohammed Bin Rashid,XGBoost,Train,2024-02-01,22104.815,22779.28418823242
Hadaeq Sheikh Mohammed Bin Rashid,XGBoost,Train,2024-03-01,21904.21,22466.05697387695
Hadaeq Sheikh Mohammed Bin Rashid,XGBoost,Train,2024-04-01,23277.355,23215.80045410156
Hadaeq Sheikh Mohammed Bin Rashid,XGBoost,Train,2024-05-01,24217.81,23801.949848632812
Hadaeq Sheikh Mohammed Bin Rashid,XGBoost,Train,2024-06-01,23226.83,23942.79538208008
Hadaeq Sheikh Mohammed Bin Rashid,XGBoost,Train,2024-07-01,25694.43,24392.358930664064
Hadaeq Sheikh Mohammed Bin Rashid,XGBoost,Train,2024-08-01,22715.16,24055.44171875
Hadaeq Sheikh Mohammed Bin Rashid,XGBoost,Train,2024-09-01,24396.86,23717.630703125
Hadaeq Sheikh Mohammed Bin Rashid,XGBoost,Train,2024-10-01,26086.31,25017.893813476563
Hadaeq Sheikh Mohammed Bin Rashid,XGBoost,Train,2024-11-01,24050.895,24351.54327636719
Hadaeq Sheikh Mohammed Bin Rashid,XGBoost,Train,2024-12-01,23695.145,24355.34485961914
Hadaeq Sheikh Mohammed Bin Rashid,XGBoost,Train,2025-01-01,23779.57,24252.168559570313
Hadaeq Sheikh Mohammed Bin Rashid,XGBoost,Train,2025-02-01,24589.38,24279.997001953125
Hadaeq Sheikh Mohammed Bin Rashid,XGBoost,Test,2025-03-01,25050.1,24940.847834472657
Hadaeq Sheikh Mohammed Bin Rashid,XGBoost,Test,2025-04-01,25455.27,25401.567834472655
Hadaeq Sheikh Mohammed Bin Rashid,XGBoost,Test,2025-05-01,24669.605,25806.737834472657
Hadaeq Sheikh Mohammed Bin Rashid,XGBoost,Test,2025-06-01,25428.65,24974.05485961914
Hadaeq Sheikh Mohammed Bin Rashid,XGBoost,Test,2025-07-01,26914.24,25733.099859619142
Hadaeq Sheikh Mohammed Bin Rashid,XGBoost,Test,2025-08-01,25079.61,25173.023935546877
Hadaeq Sheikh Mohammed Bin Rashid,XGBoost,Forecast,2025-09-01,,25384.05985961914
Hadaeq Sheikh Mohammed Bin Rashid,XGBoost,Forecast,2025-10-01,,25688.509719238282
Hadaeq Sheikh Mohammed Bin Rashid,XGBoost,Forecast,2025-11-01,,25992.959578857422
Hadaeq Sheikh Mohammed Bin Rashid,XGBoost,Forecast,2025-12-01,,24306.461043701172
Hadaeq Sheikh Mohammed Bin Rashid,XGBoost,Forecast,2026-01-01,,24581.08103881836
Hadaeq Sheikh Mohammed Bin Rashid,XGBoost,Forecast,2026-02-01,,24799.10446105957
Jabal Ali First,XGBoost,Train,2023-03-01,10212.53,10033.493537597657
Jabal Ali First,XGBoost,Train,2023-04-01,10786.28,10365.468537597657
Jabal Ali First,XGBoost,Train,2023-05-01,10179.39,10939.218537597657
Jabal Ali First,XGBoost,Train,2023-06-01,10763.64,10332.328537597656
Jabal Ali First,XGBoost,Train,2023-07-01,10126.74,10916.578537597656
Jabal Ali First,XGBoost,Train,2023-08-01,10272.91,10279.678537597656
Jabal Ali First,XGBoost,Train,2023-09-01,9798.335,10524.979030761719
Jabal Ali First,XGBoost,Train,2023-10-01,12146.89,10050.404030761718
Jabal Ali First,XGBoost,Train,2023-11-01,12425.31,12210.537331237792
Jabal Ali First,XGBoost,Train,2023-12-01,10826.22,12488.957331237792
Jabal Ali First,XGBoost,Train,2024-01-01,11932.58,11078.289030761718
Jabal Ali First,XGBoost,Train,2024-02-01,11161.985,11996.227331237793
Jabal Ali First,XGBoost,Train,2024-03-01,12539.96,11414.05403076172
Jabal Ali First,XGBoost,Train,2024-04-01,12539.9,12694.987282714843
Jabal Ali First,XGBoost,Train,2024-05-01,12762.88,12694.927282714843
Jabal Ali First,XGBoost,Train,2024-06-01,12179.355,12826.527331237792
Jabal Ali First,XGBoost,Train,2024-07-01,11475.93,12243.002331237793
Jabal Ali First,XGBoost,Train,2024-08-01,12407.49,11727.999030761719
Jabal Ali First,XGBoost,Train,2024-09-01,12498.215,12562.517282714844
Jabal Ali First,XGBoost,Train,2024-10-01,12841.759999999998,12653.242282714844
Jabal Ali First,XGBoost,Train,2024-11-01,12831.24,12996.787282714842
Jabal Ali First,XGBoost,Train,2024-12-01,13172.87,12986.267282714844
Jabal Ali First,XGBoost,Train,2025-01-01,13100.0,13236.517331237794
Jabal Ali First,XGBoost,Train,2025-02-01,13448.73,13255.027282714844
Jabal Ali First,XGBoost,Test,2025-03-01,13363.68,13603.757282714843
Jabal Ali First,XGBoost,Test,2025-04-01,13865.33,13518.707282714844
Jabal Ali First,XGBoost,Test,2025-05-01,13681.34,14020.357282714844
Jabal Ali First,XGBoost,Test,2025-06-01,14359.96,13836.367282714844
Jabal Ali First,XGBoost,Test,2025-07-01,14334.465,14514.987282714843
Jabal Ali First,XGBoost,Test,2025-08-01,17443.34,14489.492282714844
Jabal Ali First,XGBoost,Forecast,2025-09-01,,17598.367282714844
Jabal Ali First,XGBoost,Forecast,2025-10-01,,17753.394565429688
Jabal Ali First,XGBoost,Forecast,2025-11-01,,17908.42184814453
Jabal Ali First,XGBoost,Forecast,2025-12-01,,18063.449130859375
Jabal Ali First,XGBoost,Forecast,2026-01-01,,18218.47641357422
Jabal Ali First,XGBoost,Forecast,2026-02-01,,18373.503696289063
Madinat Al Mataar,XGBoost,Train,2023-03-01,7450.94,7308.334621582031
Madinat Al Mataar,XGBoost,Train,2023-04-01,7586.955,7959.364621582031
Madinat Al Mataar,XGBoost,Train,2023-05-01,7097.7,8336.013349609375
Madinat Al Mataar,XGBoost,Train,2023-06-01,8080.08,7606.124621582031
Madinat Al Mataar,XGBoost,Train,2023-07-01,8293.84,8588.504621582031
Madinat Al Mataar,XGBoost,Train,2023-08-01,15084.29,9042.898349609375
Madinat Al Mataar,XGBoost,Train,2023-09-01,8496.89,15173.763114013673
Madinat Al Mataar,XGBoost,Train,2023-10-01,7632.59,9005.31462158203
Madinat Al Mataar,XGBoost,Train,2023-11-01,13869.46,8365.114169921875
Madinat Al Mataar,XGBoost,Train,2023-12-01,13615.63,14377.88462158203
Madinat Al Mataar,XGBoost,Train,2024-01-01,16353.01,14124.05462158203
Madinat Al Mataar,XGBoost,Train,2024-02-01,8713.22,15878.797994384766
Madinat Al Mataar,XGBoost,Train,2024-03-01,14878.87,9445.744169921874
Madinat Al Mataar,XGBoost,Train,2024-04-01,9235.06,14404.657994384766
Madinat Al Mataar,XGBoost,Train,2024-05-01,10469.8,9743.48462158203
Madinat Al Mataar,XGBoost,Train,2024-06-01,10596.485,11202.324169921874
Madinat Al Mataar,XGBoost,Train,2024-07-01,11080.58,11104.909621582032
Madinat Al Mataar,XGBoost,Train,2024-08-01,10937.895,11589.004621582031
Madinat Al Mataar,XGBoost,Train,2024-09-01,14530.04,11670.419169921875
Madinat Al Mataar,XGBoost,Train,2024-10-01,16859.86,15262.564169921876
Madinat Al Mataar,XGBoost,Train,2024-11-01,15743.675,16949.333114013672
Madinat Al Mataar,XGBoost,Train,2024-12-01,17525.77,15833.148114013671
Madinat Al Mataar,XGBoost,Train,2025-01-01,21368.73,17615.086650390625
Madinat Al Mataar,XGBoost,Train,2025-02-01,16054.735,20894.517994384765
Madinat Al Mataar,XGBoost,Test,2025-03-01,21048.39,15580.522994384766
Madinat Al Mataar,XGBoost,Test,2025-04-01,17450.04,20574.177994384765
Madinat Al Mataar,XGBoost,Test,2025-05-01,17124.545,17539.513114013673
Madinat Al Mataar,XGBoost,Test,2025-06-01,18567.64,17214.01811401367
Madinat Al Mataar,XGBoost,Test,2025-07-01,17781.54,18657.11311401367
Madinat Al Mataar,XGBoost,Test,2025-08-01,14878.87,17871.013114013673
Madinat Al Mataar,XGBoost,Forecast,2025-09-01,,14968.343114013673
Madinat Al Mataar,XGBoost,Forecast,2025-10-01,,15057.816228027345
Madinat Al Mataar,XGBoost,Forecast,2025-11-01,,15147.289342041016
Madinat Al Mataar,XGBoost,Forecast,2025-12-01,,15236.762456054688
Madinat Al Mataar,XGBoost,Forecast,2026-01-01,,15326.079106445313
Madinat Al Mataar,XGBoost,Forecast,2026-02-01,,14851.867100830079
Madinat Dubai Almelaheyah,XGBoost,Train,2023-03-01,19166.9,19782.414638061524
Madinat Dubai Almelaheyah,XGBoost,Train,2023-04-01,18620.565,19375.919638061525
Madinat Dubai Almelaheyah,XGBoost,Train,2023-05-01,18841.55,18829.584638061522
Madinat Dubai Almelaheyah,XGBoost,Train,2023-06-01,19623.71,19263.087353515624
Madinat Dubai Almelaheyah,XGBoost,Train,2023-07-01,20910.115,20045.247353515624
Madinat Dubai Almelaheyah,XGBoost,Train,2023-08-01,20717.52,21119.134638061525
Madinat Dubai Almelaheyah,XGBoost,Train,2023-09-01,21803.485,20926.539638061524
Madinat Dubai Almelaheyah,XGBoost,Train,2023-10-01,20657.35,22012.504638061524
Madinat Dubai Almelaheyah,XGBoost,Train,2023-11-01,19755.16,21086.584741210936
Madinat Dubai Almelaheyah,XGBoost,Train,2023-12-01,22992.15,20396.91244140625
Madinat Dubai Almelaheyah,XGBoost,Train,2024-01-01,22542.99,23633.90244140625
Madinat Dubai Almelaheyah,XGBoost,Train,2024-02-01,27040.68,23184.74244140625
Madinat Dubai Almelaheyah,XGBoost,Train,2024-03-01,25883.655,27105.837974243164
Madinat Dubai Almelaheyah,XGBoost,Train,2024-04-01,25108.93,25948.812974243163
Madinat Dubai Almelaheyah,XGBoost,Train,2024-05-01,22937.095,25174.087974243164
Madinat Dubai Almelaheyah,XGBoost,Train,2024-06-01,25237.195,23578.84744140625
Madinat Dubai Almelaheyah,XGBoost,Train,2024-07-01,24097.545,25302.352974243164
Madinat Dubai Almelaheyah,XGBoost,Train,2024-08-01,25548.54,24739.29744140625
Madinat Dubai Almelaheyah,XGBoost,Train,2024-09-01,24036.49,25613.697974243165
Madinat Dubai Almelaheyah,XGBoost,Train,2024-10-01,26180.55,24678.24244140625
Madinat Dubai Almelaheyah,XGBoost,Train,2024-11-01,26583.185,26478.551007080077
Madinat Dubai Almelaheyah,XGBoost,Train,2024-12-01,26260.6,26881.18600708008
Madinat Dubai Almelaheyah,XGBoost,Train,2025-01-01,27275.6,26558.601007080077
Madinat Dubai Almelaheyah,XGBoost,Train,2025-02-01,26997.01,27573.601007080077
Madinat Dubai Almelaheyah,XGBoost,Test,2025-03-01,29334.13,27295.011007080077
Madinat Dubai Almelaheyah,XGBoost,Test,2025-04-01,29367.895,29632.13100708008
Madinat Dubai Almelaheyah,XGBoost,Test,2025-05-01,28033.785,29665.89600708008
Madinat Dubai Almelaheyah,XGBoost,Test,2025-06-01,29364.12,28331.786007080078
Madinat Dubai Almelaheyah,XGBoost,Test,2025-07-01,30493.45,29662.121007080077
Madinat Dubai Almelaheyah,XGBoost,Test,2025-08-01,31368.94,30791.45100708008
Madinat Dubai Almelaheyah,XGBoost,Forecast,2025-09-01,,31666.941007080077
Madinat Dubai Almelaheyah,XGBoost,Forecast,2025-10-01,,31964.942014160155
Madinat Dubai Almelaheyah,XGBoost,Forecast,2025-11-01,,32262.943021240233
Madinat Dubai Almelaheyah,XGBoost,Forecast,2025-12-01,,32560.94402832031
Madinat Dubai Almelaheyah,XGBoost,Forecast,2026-01-01,,32858.94503540039
Madinat Dubai Almelaheyah,XGBoost,Forecast,2026-02-01,,33156.94604248047
Marsa Dubai,XGBoost,Train,2023-03-01,15845.89,15437.181677246093
Marsa Dubai,XGBoost,Train,2023-04-01,15256.62,16065.230026855468
Marsa Dubai,XGBoost,Train,2023-05-01,13811.82,15475.96002685547
Marsa Dubai,XGBoost,Train,2023-06-01,14780.1,14251.108055419922
Marsa Dubai,XGBoost,Train,2023-07-01,14194.725,15123.39638671875
Marsa Dubai,XGBoost,Train,2023-08-01,14666.5,14410.95401916504
Marsa Dubai,XGBoost,Train,2023-09-01,14235.36,14882.729019165039
Marsa Dubai,XGBoost,Train,2023-10-01,15171.41,14451.58901916504
Marsa Dubai,XGBoost,Train,2023-11-01,14126.375,15387.639019165039
Marsa Dubai,XGBoost,Train,2023-12-01,14468.39,14342.604019165039
Marsa Dubai,XGBoost,Train,2024-01-01,15615.015,14915.483017578124
Marsa Dubai,XGBoost,Train,2024-02-01,16063.285,15935.040634765624
Marsa Dubai,XGBoost,Train,2024-03-01,16776.51,16383.310634765625
Marsa Dubai,XGBoost,Train,2024-04-01,17489.31,17223.603017578123
Marsa Dubai,XGBoost,Train,2024-05-01,19956.27,18134.20959716797
Marsa Dubai,XGBoost,Train,2024-06-01,17093.79,19396.30106689453
Marsa Dubai,XGBoost,Train,2024-07-01,16154.12,17634.892966308595
Marsa Dubai,XGBoost,Train,2024-08-01,19193.19,17029.537419433596
Marsa Dubai,XGBoost,Train,2024-09-01,16864.46,18633.22106689453
Marsa Dubai,XGBoost,Train,2024-10-01,17065.6,17405.562966308593
Marsa Dubai,XGBoost,Train,2024-11-01,18360.02,17941.017419433592
Marsa Dubai,XGBoost,Train,2024-12-01,19911.06,18453.895411987305
Marsa Dubai,XGBoost,Train,2025-01-01,20632.075,20018.82582336426
Marsa Dubai,XGBoost,Train,2025-02-01,22470.555,20843.464724731446
Marsa Dubai,XGBoost,Test,2025-03-01,18011.65,22448.17269104004
Marsa Dubai,XGBoost,Test,2025-04-01,19100.835,18887.067419433595
Marsa Dubai,XGBoost,Test,2025-05-01,19991.115,19529.024819335937
Marsa Dubai,XGBoost,Test,2025-06-01,19544.0,19431.146066894533
Marsa Dubai,XGBoost,Test,2025-07-01,18829.47,19521.61769104004
Marsa Dubai,XGBoost,Test,2025-08-01,18176.37,19257.65981933594
Marsa Dubai,XGBoost,Forecast,2025-09-01,,19051.787419433593
Marsa Dubai,XGBoost,Forecast,2025-10-01,,19479.97723876953
Marsa Dubai,XGBoost,Forecast,2025-11-01,,18920.00830566406
Marsa Dubai,XGBoost,Forecast,2025-12-01,,19348.198125
Marsa Dubai,XGBoost,Forecast,2026-01-01,,19889.75391113281
Marsa Dubai,XGBoost,Forecast,2026-02-01,,20101.143635864257
Me'Aisem First,XGBoost,Train,2023-03-01,10340.63,8950.007963867187
Me'Aisem First,XGBoost,Train,2023-04-01,10995.8,10721.939783935546
Me'Aisem First,XGBoost,Train,2023-05-01,9496.12,10929.507443237304
Me'Aisem First,XGBoost,Train,2023-06-01,9145.495,9752.89816772461
Me'Aisem First,XGBoost,Train,2023-07-01,10256.41,9793.293400878907
Me'Aisem First,XGBoost,Train,2023-08-01,10160.82,10163.995182189941
Me'Aisem First,XGBoost,Train,2023-09-01,8547.925,9758.927971191406
Me'Aisem First,XGBoost,Train,2023-10-01,8147.89,8495.655724334716
Me'Aisem First,XGBoost,Train,2023-11-01,10082.71,9039.200974121093
Me'Aisem First,XGBoost,Train,2023-12-01,9592.855,9797.583596191405
Me'Aisem First,XGBoost,Train,2024-01-01,9680.21,9559.388275604248
Me'Aisem First,XGBoost,Train,2024-02-01,10371.445,9800.220414123534
Me'Aisem First,XGBoost,Train,2024-03-01,10312.315,10633.569755859375
Me'Aisem First,XGBoost,Train,2024-04-01,10707.105,10672.299741210938
Me'Aisem First,XGBoost,Train,2024-05-01,10073.32,10654.653595428466
Me'Aisem First,XGBoost,Train,2024-06-01,10588.675,10408.292045898437
Me'Aisem First,XGBoost,Train,2024-07-01,13045.08,11048.374005126952
Me'Aisem First,XGBoost,Train,2024-08-01,12587.12,12666.661970214844
Me'Aisem First,XGBoost,Train,2024-09-01,11642.765,12177.459477539063
Me'Aisem First,XGBoost,Train,2024-10-01,12993.43,11784.369522705078
Me'Aisem First,XGBoost,Train,2024-11-01,11653.44,12779.762092285157
Me'Aisem First,XGBoost,Train,2024-12-01,11982.1,11752.125104370118
Me'Aisem First,XGBoost,Train,2025-01-01,11283.595,12055.504266357422
Me'Aisem First,XGBoost,Train,2025-02-01,12627.21,11745.488585205077
Me'Aisem First,XGBoost,Test,2025-03-01,14318.44,12921.88984008789
Me'Aisem First,XGBoost,Test,2025-04-01,14318.44,14613.119840087891
Me'Aisem First,XGBoost,Test,2025-05-01,14172.34,14291.444093170167
Me'Aisem First,XGBoost,Test,2025-06-01,14236.06,14237.296756591797
Me'Aisem First,XGBoost,Test,2025-07-01,14245.765,14301.016756591796
Me'Aisem First,XGBoost,Test,2025-08-01,14515.265,14314.474838867187
Me'Aisem First,XGBoost,Forecast,2025-09-01,,14489.655766143798
Me'Aisem First,XGBoost,Forecast,2025-10-01,,14464.046532287597
Me'Aisem First,XGBoost,Forecast,2025-11-01,,14438.437298431396
Me'Aisem First,XGBoost,Forecast,2025-12-01,,14412.828064575195
Me'Aisem First,XGBoost,Forecast,2026-01-01,,14578.184998168945
Me'Aisem First,XGBoost,Forecast,2026-02-01,,14833.942444458007
Nadd Hessa,XGBoost,Train,2023-03-01,5180.84,6969.456827545166
Nadd Hessa,XGBoost,Train,2023-04-01,6912.11,5567.043002929688
Nadd Hessa,XGBoost,Train,2023-05-01,7837.6,7195.551192626953
Nadd Hessa,XGBoost,Train,2023-06-01,6941.195,7846.531827545166
Nadd Hessa,XGBoost,Train,2023-07-01,6476.47,6950.126827545166
Nadd Hessa,XGBoost,Train,2023-08-01,6568.47,6788.575926513672
Nadd Hessa,XGBoost,Train,2023-09-01,8287.25,6880.575926513672
Nadd Hessa,XGBoost,Train,2023-10-01,7144.43,8296.181827545166
Nadd Hessa,XGBoost,Train,2023-11-01,6659.42,7153.361827545166
Nadd Hessa,XGBoost,Train,2023-12-01,7414.42,7108.517900390625
Nadd Hessa,XGBoost,Train,2024-01-01,8291.955,7870.437578125
Nadd Hessa,XGBoost,Train,2024-02-01,9191.53,8363.781736450195
Nadd Hessa,XGBoost,Train,2024-03-01,9005.05,9263.356736450196
Nadd Hessa,XGBoost,Train,2024-04-01,8127.24,9076.876736450195
Nadd Hessa,XGBoost,Train,2024-05-01,7932.9,8311.194376220703
Nadd Hessa,XGBoost,Train,2024-06-01,9033.42,8116.854376220703
Nadd Hessa,XGBoost,Train,2024-07-01,8672.45,9105.246736450195
Nadd Hessa,XGBoost,Train,2024-08-01,8243.57,8744.276736450196
Nadd Hessa,XGBoost,Train,2024-09-01,9449.56,8512.879631347656
Nadd Hessa,XGBoost,Train,2024-10-01,10032.1,9718.869631347656
Nadd Hessa,XGBoost,Train,2024-11-01,10670.32,10189.281991577149
Nadd Hessa,XGBoost,Train,2024-12-01,10161.875,10882.301979370117
Nadd Hessa,XGBoost,Train,2025-01-01,15757.135,10686.006591796875
Nadd Hessa,XGBoost,Train,2025-02-01,12977.7,15746.40584350586
Nadd Hessa,XGBoost,Test,2025-03-01,12529.36,13074.774996948243
Nadd Hessa,XGBoost,Test,2025-04-01,15285.81,12626.434996948243
Nadd Hessa,XGBoost,Test,2025-05-01,14217.025,15382.884996948242
Nadd Hessa,XGBoost,Test,2025-06-01,17963.37,14314.099996948242
Nadd Hessa,XGBoost,Test,2025-07-01,14036.43,18060.44499694824
Nadd Hessa,XGBoost,Test,2025-08-01,12536.725,14133.504996948242
Nadd Hessa,XGBoost,Forecast,2025-09-01,,12633.799996948243
Nadd Hessa,XGBoost,Forecast,2025-10-01,,12730.874993896485
Nadd Hessa,XGBoost,Forecast,2025-11-01,,12827.949990844727
Nadd Hessa,XGBoost,Forecast,2025-12-01,,12925.02498779297
Nadd Hessa,XGBoost,Forecast,2026-01-01,,13449.156579589844
Nadd Hessa,XGBoost,Forecast,2026-02-01,,13438.427423095703
Palm Jumeirah,XGBoost,Train,2023-03-01,16809.095,19750.95701095581
Palm Jumeirah,XGBoost,Train,2023-04-01,18221.9,16844.45701095581
Palm Jumeirah,XGBoost,Train,2023-05-01,18075.465,18257.262010955812
Palm Jumeirah,XGBoost,Train,2023-06-01,17005.75,18110.82701095581
Palm Jumeirah,XGBoost,Train,2023-07-01,18065.78,17223.95684814453
Palm Jumeirah,XGBoost,Train,2023-08-01,18268.97,18283.98684814453
Palm Jumeirah,XGBoost,Train,2023-09-01,16851.365,18487.176848144532
Palm Jumeirah,XGBoost,Train,2023-10-01,19330.295,17069.571848144533
Palm Jumeirah,XGBoost,Train,2023-11-01,18714.44,19548.50184814453
Palm Jumeirah,XGBoost,Train,2023-12-01,21819.53,18932.64684814453
Palm Jumeirah,XGBoost,Train,2024-01-01,20169.79,21766.534341125487
Palm Jumeirah,XGBoost,Train,2024-02-01,19680.35,20116.79434112549
Palm Jumeirah,XGBoost,Train,2024-03-01,19800.55,19715.71201095581
Palm Jumeirah,XGBoost,Train,2024-04-01,19689.85,19835.91201095581
Palm Jumeirah,XGBoost,Train,2024-05-01,21013.46,19725.21201095581
Palm Jumeirah,XGBoost,Train,2024-06-01,19887.81,20960.464341125487
Palm Jumeirah,XGBoost,Train,2024-07-01,22818.45,20106.016848144533
Palm Jumeirah,XGBoost,Train,2024-08-01,19522.97,22765.45434112549
Palm Jumeirah,XGBoost,Train,2024-09-01,19888.625,19741.176848144532
Palm Jumeirah,XGBoost,Train,2024-10-01,20995.8,20106.83184814453
Palm Jumeirah,XGBoost,Train,2024-11-01,21996.625,21066.6268661499
Palm Jumeirah,XGBoost,Train,2024-12-01,22105.44,22067.451866149902
Palm Jumeirah,XGBoost,Train,2025-01-01,22120.2,22176.2668661499
Palm Jumeirah,XGBoost,Train,2025-02-01,21755.87,22191.026866149903
Palm Jumeirah,XGBoost,Test,2025-03-01,23012.455,21826.6968661499
Palm Jumeirah,XGBoost,Test,2025-04-01,22624.04,23083.281866149904
Palm Jumeirah,XGBoost,Test,2025-05-01,21628.74,22694.866866149903
Palm Jumeirah,XGBoost,Test,2025-06-01,22191.74,21699.566866149904
Palm Jumeirah,XGBoost,Test,2025-07-01,22474.9,22262.566866149904
Palm Jumeirah,XGBoost,Test,2025-08-01,23333.79,22545.726866149904
Palm Jumeirah,XGBoost,Forecast,2025-09-01,,23404.616866149903
Palm Jumeirah,XGBoost,Forecast,2025-10-01,,23475.443732299806
Palm Jumeirah,XGBoost,Forecast,2025-11-01,,23546.270598449708
Palm Jumeirah,XGBoost,Forecast,2025-12-01,,23617.09746459961
Palm Jumeirah,XGBoost,Forecast,2026-01-01,,23687.924330749513
Palm Jumeirah,XGBoost,Forecast,2026-02-01,,23758.751196899415
Wadi Al Safa 5,XGBoost,Train,2023-03-01,5831.645,6264.682639160156
Wadi Al Safa 5,XGBoost,Train,2023-04-01,8169.84,6304.287639160157
Wadi Al Safa 5,XGBoost,Train,2023-05-01,8548.21,8493.025546875
Wadi Al Safa 5,XGBoost,Train,2023-06-01,8629.675,8871.395546875
Wadi Al Safa 5,XGBoost,Train,2023-07-01,9978.875,8952.860546875
Wadi Al Safa 5,XGBoost,Train,2023-08-01,9471.78,10302.060546875
Wadi Al Safa 5,XGBoost,Train,2023-09-01,9149.32,9794.965546875
Wadi Al Safa 5,XGBoost,Train,2023-10-01,8500.0,9472.505546875
Wadi Al Safa 5,XGBoost,Train,2023-11-01,8533.38,8823.185546875
Wadi Al Safa 5,XGBoost,Train,2023-12-01,8127.8,8856.565546875
Wadi Al Safa 5,XGBoost,Train,2024-01-01,3714.53,8225.499310302734
Wadi Al Safa 5,XGBoost,Train,2024-02-01,8117.42,4187.172639160157
Wadi Al Safa 5,XGBoost,Train,2024-03-01,7632.2,8440.605546875
Wadi Al Safa 5,XGBoost,Train,2024-04-01,9068.18,8104.842639160156
Wadi Al Safa 5,XGBoost,Train,2024-05-01,10586.29,9391.365546875
Wadi Al Safa 5,XGBoost,Train,2024-06-01,11939.69,10909.475546875
Wadi Al Safa 5,XGBoost,Train,2024-07-01,11413.13,12262.875546875
Wadi Al Safa 5,XGBoost,Train,2024-08-01,13339.03,11736.315546875
Wadi Al Safa 5,XGBoost,Train,2024-09-01,12582.61,13662.215546875
Wadi Al Safa 5,XGBoost,Train,2024-10-01,13279.68,12905.795546875
Wadi Al Safa 5,XGBoost,Train,2024-11-01,11568.29,13602.865546875
Wadi Al Safa 5,XGBoost,Train,2024-12-01,12335.535,11891.475546875
Wadi Al Safa 5,XGBoost,Train,2025-01-01,13993.08,12433.234310302734
Wadi Al Safa 5,XGBoost,Train,2025-02-01,13834.89,14316.265546875
Wadi Al Safa 5,XGBoost,Test,2025-03-01,12695.09,14158.075546875
Wadi Al Safa 5,XGBoost,Test,2025-04-01,13193.02,13018.275546875
Wadi Al Safa 5,XGBoost,Test,2025-05-01,13133.96,13516.205546875
Wadi Al Safa 5,XGBoost,Test,2025-06-01,13823.605,13457.145546875
Wadi Al Safa 5,XGBoost,Test,2025-07-01,14280.14,14146.790546875
Wadi Al Safa 5,XGBoost,Test,2025-08-01,15249.03,14603.325546875
Wadi Al Safa 5,XGBoost,Forecast,2025-09-01,,15572.215546875
Wadi Al Safa 5,XGBoost,Forecast,2025-10-01,,15895.40109375
Wadi Al Safa 5,XGBoost,Forecast,2025-11-01,,16218.586640625
Wadi Al Safa 5,XGBoost,Forecast,2025-12-01,,16541.7721875
Wadi Al Safa 5,XGBoost,Forecast,2026-01-01,,16639.471497802733
Wadi Al Safa 5,XGBoost,Forecast,2026-02-01,,16962.657044677733
Al Barsha South Fifth,HWES+SARIMAX,Train,2022-09-01,7924.18,7912.401218787845
Al Barsha South Fifth,HWES+SARIMAX,Train,2022-10-01,10296.44,8543.504659781715
Al Barsha South Fifth,HWES+SARIMAX,Train,2022-11-01,11162.005,8953.778012815072
Al Barsha South Fifth,HWES+SARIMAX,Train,2022-12-01,10717.72,11050.684044418798
Al Barsha South Fifth,HWES+SARIMAX,Train,2023-01-01,11641.96,11198.482245737354
Al Barsha South Fifth,HWES+SARIMAX,Train,2023-02-01,11419.15,11616.219929550383
Al Barsha South Fifth,HWES+SARIMAX,Train,2023-03-01,11290.81,11586.692008042008
Al Barsha South Fifth,HWES+SARIMAX,Train,2023-04-01,8611.12,9446.23182526425
Al Barsha South Fifth,HWES+SARIMAX,Train,2023-05-01,11719.45,10918.22493789866
Al Barsha South Fifth,HWES+SARIMAX,Train,2023-06-01,11233.645,11329.960061738222
Al Barsha South Fifth,HWES+SARIMAX,Train,2023-07-01,11488.59,11712.371971224855
Al Barsha South Fifth,HWES+SARIMAX,Train,2023-08-01,18854.265,14915.100147548961
Al Barsha South Fifth,HWES+SARIMAX,Train,2023-09-01,18171.61,18854.92619513789
Al Barsha South Fifth,HWES+SARIMAX,Train,2023-10-01,17386.53,17317.325907898947
Al Barsha South Fifth,HWES+SARIMAX,Train,2023-11-01,12991.77,14187.517421455419
Al Barsha South Fifth,HWES+SARIMAX,Train,2023-12-01,12347.56,13160.356043411612
Al Barsha South Fifth,HWES+SARIMAX,Train,2024-01-01,13144.61,12455.511746489377
Al Barsha South Fifth,HWES+SARIMAX,Train,2024-02-01,13381.68,13284.537180124667
Al Barsha South Fifth,HWES+SARIMAX,Train,2024-03-01,13828.24,13797.955830502522
Al Barsha South Fifth,HWES+SARIMAX,Train,2024-04-01,12839.19,12685.700320394333
Al Barsha South Fifth,HWES+SARIMAX,Train,2024-05-01,14374.38,14472.74338747288
Al Barsha South Fifth,HWES+SARIMAX,Train,2024-06-01,14109.85,14065.85754333896
Al Barsha South Fifth,HWES+SARIMAX,Train,2024-07-01,14824.87,14776.699750387828
Al Barsha South Fifth,HWES+SARIMAX,Train,2024-08-01,14333.14,14939.912963412922
Al Barsha South Fifth,HWES+SARIMAX,Train,2024-09-01,15029.435,14926.458375382446
Al Barsha South Fifth,HWES+SARIMAX,Train,2024-10-01,15333.97,16829.37537533796
Al Barsha South Fifth,HWES+SARIMAX,Train,2024-11-01,14841.92,16557.06066541685
Al Barsha South Fifth,HWES+SARIMAX,Train,2024-12-01,15578.25,15178.573420861132
Al Barsha South Fifth,HWES+SARIMAX,Train,2025-01-01,15252.28,15793.124268242394
Al Barsha South Fifth,HWES+SARIMAX,Train,2025-02-01,15123.295,15005.608113907607
Al Barsha South Fifth,HWES+SARIMAX,Test,2025-03-01,15317.245,15056.279941964889
Al Barsha South Fifth,HWES+SARIMAX,Test,2025-04-01,14908.32,12727.057269604378
Al Barsha South Fifth,HWES+SARIMAX,Test,2025-05-01,14561.475,16402.27563999224
Al Barsha South Fifth,HWES+SARIMAX,Test,2025-06-01,15175.17,15258.82601264159
Al Barsha South Fifth,HWES+SARIMAX,Test,2025-07-01,15384.96,15643.960564451168
Al Barsha South Fifth,HWES+SARIMAX,Test,2025-08-01,15682.21,22562.987715792795
Al Barsha South Fifth,HWES+SARIMAX,Future,2025-09-01,,15528.396981376856
Al Barsha South Fifth,HWES+SARIMAX,Future,2025-10-01,,17410.715319295006
Al Barsha South Fifth,HWES+SARIMAX,Future,2025-11-01,,15597.793408141259
Al Barsha South Fifth,HWES+SARIMAX,Future,2025-12-01,,15031.86668955119
Al Barsha South Fifth,HWES+SARIMAX,Future,2026-01-01,,16095.286853010704
Al Barsha South Fifth,HWES+SARIMAX,Future,2026-02-01,,16235.032189519414
Al Barsha South Fourth,HWES+SARIMAX,Train,2022-09-01,9386.52,9382.582130189543
Al Barsha South Fourth,HWES+SARIMAX,Train,2022-10-01,9148.37,9100.479444755683
Al Barsha South Fourth,HWES+SARIMAX,Train,2022-11-01,9434.745,9426.086564812413
Al Barsha South Fourth,HWES+SARIMAX,Train,2022-12-01,10175.3,9626.711074699177
Al Barsha South Fourth,HWES+SARIMAX,Train,2023-01-01,11341.27,10826.370940310926
Al Barsha South Fourth,HWES+SARIMAX,Train,2023-02-01,10940.455,11349.655843033865
Al Barsha South Fourth,HWES+SARIMAX,Train,2023-03-01,11045.91,10934.58036772
Al Barsha South Fourth,HWES+SARIMAX,Train,2023-04-01,11467.29,11413.883343189866
Al Barsha South Fourth,HWES+SARIMAX,Train,2023-05-01,11163.795,11297.267527561127
Al Barsha South Fourth,HWES+SARIMAX,Train,2023-06-01,11490.66,11043.376604921663
Al Barsha South Fourth,HWES+SARIMAX,Train,2023-07-01,11764.235,12057.34017005547
Al Barsha South Fourth,HWES+SARIMAX,Train,2023-08-01,12166.43,12436.928051321165
Al Barsha South Fourth,HWES+SARIMAX,Train,2023-09-01,12993.31,12090.097642170154
Al Barsha South Fourth,HWES+SARIMAX,Train,2023-10-01,12704.84,12683.560469468068
Al Barsha South Fourth,HWES+SARIMAX,Train,2023-11-01,13026.28,12978.27007274536
Al Barsha South Fourth,HWES+SARIMAX,Train,2023-12-01,13057.31,12946.658621021024
Al Barsha South Fourth,HWES+SARIMAX,Train,2024-01-01,13131.48,13453.472185433902
Al Barsha South Fourth,HWES+SARIMAX,Train,2024-02-01,13125.14,13342.447078644602
Al Barsha South Fourth,HWES+SARIMAX,Train,2024-03-01,13007.19,13064.149903241527
Al Barsha South Fourth,HWES+SARIMAX,Train,2024-04-01,13313.87,13348.723552478406
Al Barsha South Fourth,HWES+SARIMAX,Train,2024-05-01,13263.28,13209.92517321838
Al Barsha South Fourth,HWES+SARIMAX,Train,2024-06-01,12692.08,12921.42702212385
Al Barsha South Fourth,HWES+SARIMAX,Train,2024-07-01,13540.35,13403.866440185368
Al Barsha South Fourth,HWES+SARIMAX,Train,2024-08-01,14495.99,14346.957298443578
Al Barsha South Fourth,HWES+SARIMAX,Train,2024-09-01,13524.48,13525.780165722475
Al Barsha South Fourth,HWES+SARIMAX,Train,2024-10-01,13198.13,13193.004058293422
Al Barsha South Fourth,HWES+SARIMAX,Train,2024-11-01,13428.34,13423.928464207798
Al Barsha South Fourth,HWES+SARIMAX,Train,2024-12-01,13223.77,13231.5641611964
Al Barsha South Fourth,HWES+SARIMAX,Train,2025-01-01,13932.375,13931.393526768083
Al Barsha South Fourth,HWES+SARIMAX,Train,2025-02-01,14334.16,14364.09881970666
Al Barsha South Fourth,HWES+SARIMAX,Test,2025-03-01,14786.85,14327.984472886807
Al Barsha South Fourth,HWES+SARIMAX,Test,2025-04-01,14629.31,14703.565041476026
Al Barsha South Fourth,HWES+SARIMAX,Test,2025-05-01,14911.15,14541.375815217394
Al Barsha South Fourth,HWES+SARIMAX,Test,2025-06-01,15263.78,14405.10588294062
Al Barsha South Fourth,HWES+SARIMAX,Test,2025-07-01,14416.06,14986.628736151786
Al Barsha South Fourth,HWES+SARIMAX,Test,2025-08-01,15454.42,15635.39570390668
Al Barsha South Fourth,HWES+SARIMAX,Future,2025-09-01,,15789.321628862624
Al Barsha South Fourth,HWES+SARIMAX,Future,2025-10-01,,15248.841393877077
Al Barsha South Fourth,HWES+SARIMAX,Future,2025-11-01,,15447.562148084753
Al Barsha South Fourth,HWES+SARIMAX,Future,2025-12-01,,15795.446045211935
Al Barsha South Fourth,HWES+SARIMAX,Future,2026-01-01,,16251.584624084957
Al Barsha South Fourth,HWES+SARIMAX,Future,2026-02-01,,16002.53524149745
Al Barshaa South Third,HWES+SARIMAX,Train,2022-09-01,12413.79,12303.98232928695
Al Barshaa South Third,HWES+SARIMAX,Train,2022-10-01,12157.99,11556.802344355263
Al Barshaa South Third,HWES+SARIMAX,Train,2022-11-01,10522.06,11033.137813267678
Al Barshaa South Third,HWES+SARIMAX,Train,2022-12-01,8983.35,10266.106892557318
Al Barshaa South Third,HWES+SARIMAX,Train,2023-01-01,10565.11,10909.675523760607
Al Barshaa South Third,HWES+SARIMAX,Train,2023-02-01,11194.61,11472.473449610383
Al Barshaa South Third,HWES+SARIMAX,Train,2023-03-01,11067.11,11570.832527909886
Al Barshaa South Third,HWES+SARIMAX,Train,2023-04-01,11486.759999999998,11912.882124985064
Al Barshaa South Third,HWES+SARIMAX,Train,2023-05-01,14626.09,13408.573451645585
Al Barshaa South Third,HWES+SARIMAX,Train,2023-06-01,14018.14,13596.517265547542
Al Barshaa South Third,HWES+SARIMAX,Train,2023-07-01,12803.59,13004.906224148157
Al Barshaa South Third,HWES+SARIMAX,Train,2023-08-01,14864.73,13843.97506483202
Al Barshaa South Third,HWES+SARIMAX,Train,2023-09-01,14747.6,13672.205374456806
Al Barshaa South Third,HWES+SARIMAX,Train,2023-10-01,12098.745,12723.549556042819
Al Barshaa South Third,HWES+SARIMAX,Train,2023-11-01,12618.845,12353.61407624774
Al Barshaa South Third,HWES+SARIMAX,Train,2023-12-01,11665.025,12362.660675820267
Al Barshaa South Third,HWES+SARIMAX,Train,2024-01-01,12754.16,12625.082690097199
Al Barshaa South Third,HWES+SARIMAX,Train,2024-02-01,13696.33,13067.074006546756
Al Barshaa South Third,HWES+SARIMAX,Train,2024-03-01,13465.19,13336.720036985309
Al Barshaa South Third,HWES+SARIMAX,Train,2024-04-01,13796.74,13620.496903604482
Al Barshaa South Third,HWES+SARIMAX,Train,2024-05-01,13632.715,14252.790873415765
Al Barshaa South Third,HWES+SARIMAX,Train,2024-06-01,14038.24,14269.018613087352
Al Barshaa South Third,HWES+SARIMAX,Train,2024-07-01,14251.085,14161.363231513751
Al Barshaa South Third,HWES+SARIMAX,Train,2024-08-01,14134.3,14534.154227572586
Al Barshaa South Third,HWES+SARIMAX,Train,2024-09-01,13579.145,13599.829159949753
Al Barshaa South Third,HWES+SARIMAX,Train,2024-10-01,14184.37,14259.116876489059
Al Barshaa South Third,HWES+SARIMAX,Train,2024-11-01,13460.915,13488.280758365623
Al Barshaa South Third,HWES+SARIMAX,Train,2024-12-01,14190.33,14231.915754846357
Al Barshaa South Third,HWES+SARIMAX,Train,2025-01-01,13950.53,13985.340345411802
Al Barshaa South Third,HWES+SARIMAX,Train,2025-02-01,13661.275,13682.654324610778
Al Barshaa South Third,HWES+SARIMAX,Test,2025-03-01,13664.25,14240.589592438491
Al Barshaa South Third,HWES+SARIMAX,Test,2025-04-01,14560.02,14621.408684654378
Al Barshaa South Third,HWES+SARIMAX,Test,2025-05-01,13957.135,16165.14893663852
Al Barshaa South Third,HWES+SARIMAX,Test,2025-06-01,14209.25,16046.622512180893
Al Barshaa South Third,HWES+SARIMAX,Test,2025-07-01,14436.655,15520.935805597172
Al Barshaa South Third,HWES+SARIMAX,Test,2025-08-01,13962.48,16529.071730915814
Al Barshaa South Third,HWES+SARIMAX,Future,2025-09-01,,14407.252958904883
Al Barshaa South Third,HWES+SARIMAX,Future,2025-10-01,,13631.688641960607
Al Barshaa South Third,HWES+SARIMAX,Future,2025-11-01,,13015.4460125558
Al Barshaa South Third,HWES+SARIMAX,Future,2025-12-01,,12429.08505929652
Al Barshaa South Third,HWES+SARIMAX,Future,2026-01-01,,13247.171910344357
Al Barshaa South Third,HWES+SARIMAX,Future,2026-02-01,,13668.354856948306
Al Hebiah First,HWES+SARIMAX,Train,2022-09-01,6280.16,10064.591351808944
Al Hebiah First,HWES+SARIMAX,Train,2022-10-01,6674.12,8148.699489465695
Al Hebiah First,HWES+SARIMAX,Train,2022-11-01,6890.74,3852.6204350484113
Al Hebiah First,HWES+SARIMAX,Train,2022-12-01,7305.685,8290.603711578584
Al Hebiah First,HWES+SARIMAX,Train,2023-01-01,6142.145,4829.099901485442
Al Hebiah First,HWES+SARIMAX,Train,2023-02-01,5708.35,7789.47128914813
Al Hebiah First,HWES+SARIMAX,Train,2023-03-01,6864.53,7285.156226565164
Al Hebiah First,HWES+SARIMAX,Train,2023-04-01,6657.7,6942.945834113974
Al Hebiah First,HWES+SARIMAX,Train,2023-05-01,7795.75,7511.403353826856
Al Hebiah First,HWES+SARIMAX,Train,2023-06-01,8335.75,7760.644795537122
Al Hebiah First,HWES+SARIMAX,Train,2023-07-01,7320.64,7210.600653112741
Al Hebiah First,HWES+SARIMAX,Train,2023-08-01,7657.585,7724.54588655524
Al Hebiah First,HWES+SARIMAX,Train,2023-09-01,9748.39,11727.570781098675
Al Hebiah First,HWES+SARIMAX,Train,2023-10-01,7644.469999999999,10331.83323603368
Al Hebiah First,HWES+SARIMAX,Train,2023-11-01,7582.835,5228.71509119143
Al Hebiah First,HWES+SARIMAX,Train,2023-12-01,6646.36,9001.225518379542
Al Hebiah First,HWES+SARIMAX,Train,2024-01-01,6754.27,4461.559364130711
Al Hebiah First,HWES+SARIMAX,Train,2024-02-01,7116.71,7380.621077478761
Al Hebiah First,HWES+SARIMAX,Train,2024-03-01,7894.56,7353.554760682984
Al Hebiah First,HWES+SARIMAX,Train,2024-04-01,7673.96,7244.814910298524
Al Hebiah First,HWES+SARIMAX,Train,2024-05-01,7675.695,8020.590300413205
Al Hebiah First,HWES+SARIMAX,Train,2024-06-01,7370.21,7877.218961588021
Al Hebiah First,HWES+SARIMAX,Train,2024-07-01,7417.16,6644.071362931552
Al Hebiah First,HWES+SARIMAX,Train,2024-08-01,9083.97,7238.47619266828
Al Hebiah First,HWES+SARIMAX,Train,2024-09-01,19697.945,12014.507172660127
Al Hebiah First,HWES+SARIMAX,Train,2024-10-01,20236.25,15464.409048371968
Al Hebiah First,HWES+SARIMAX,Train,2024-11-01,11717.99,15084.718813323609
Al Hebiah First,HWES+SARIMAX,Train,2024-12-01,20021.15,17741.59764901881
Al Hebiah First,HWES+SARIMAX,Train,2025-01-01,13724.015,16688.089024989786
Al Hebiah First,HWES+SARIMAX,Train,2025-02-01,20074.67,18613.51754403069
Al Hebiah First,HWES+SARIMAX,Test,2025-03-01,20182.25,20553.468402376617
Al Hebiah First,HWES+SARIMAX,Test,2025-04-01,19105.885,21452.736971987997
Al Hebiah First,HWES+SARIMAX,Test,2025-05-01,20774.12,23237.604194380827
Al Hebiah First,HWES+SARIMAX,Test,2025-06-01,20989.75,24447.14713342353
Al Hebiah First,HWES+SARIMAX,Test,2025-07-01,20935.73,24683.04096421293
Al Hebiah First,HWES+SARIMAX,Test,2025-08-01,20774.45,26157.309299365224
Al Hebiah First,HWES+SARIMAX,Future,2025-09-01,,24704.782983697387
Al Hebiah First,HWES+SARIMAX,Future,2025-10-01,,26371.395940858278
Al Hebiah First,HWES+SARIMAX,Future,2025-11-01,,26485.57402661506
Al Hebiah First,HWES+SARIMAX,Future,2025-12-01,,26923.037094674128
Al Hebiah First,HWES+SARIMAX,Future,2026-01-01,,24991.755021340345
Al Hebiah First,HWES+SARIMAX,Future,2026-02-01,,25010.550592015705
Al Hebiah Fourth,HWES+SARIMAX,Train,2022-09-01,6112.47,5901.886139360372
Al Hebiah Fourth,HWES+SARIMAX,Train,2022-10-01,6191.87,6406.668497640423
Al Hebiah Fourth,HWES+SARIMAX,Train,2022-11-01,6351.5,5836.997732134869
Al Hebiah Fourth,HWES+SARIMAX,Train,2022-12-01,6432.81,6426.811076374294
Al Hebiah Fourth,HWES+SARIMAX,Train,2023-01-01,6371.094999999999,6411.643881706966
Al Hebiah Fourth,HWES+SARIMAX,Train,2023-02-01,6854.11,6600.055438131036
Al Hebiah Fourth,HWES+SARIMAX,Train,2023-03-01,6311.86,9573.280145910494
Al Hebiah Fourth,HWES+SARIMAX,Train,2023-04-01,6500.1,7787.105671645195
Al Hebiah Fourth,HWES+SARIMAX,Train,2023-05-01,6962.58,5119.991682377072
Al Hebiah Fourth,HWES+SARIMAX,Train,2023-06-01,7265.69,8277.62754598135
Al Hebiah Fourth,HWES+SARIMAX,Train,2023-07-01,8044.15,6450.726195575935
Al Hebiah Fourth,HWES+SARIMAX,Train,2023-08-01,7714.215,8457.07010242252
Al Hebiah Fourth,HWES+SARIMAX,Train,2023-09-01,7930.51,6176.080727983679
Al Hebiah Fourth,HWES+SARIMAX,Train,2023-10-01,8423.195,7538.924821231494
Al Hebiah Fourth,HWES+SARIMAX,Train,2023-11-01,8084.41,7580.1110549945415
Al Hebiah Fourth,HWES+SARIMAX,Train,2023-12-01,8421.265,8164.253442251557
Al Hebiah Fourth,HWES+SARIMAX,Train,2024-01-01,9137.905,8288.597842946694
Al Hebiah Fourth,HWES+SARIMAX,Train,2024-02-01,8962.564999999999,8971.587037043242
Al Hebiah Fourth,HWES+SARIMAX,Train,2024-03-01,15004.02,11798.595056786084
Al Hebiah Fourth,HWES+SARIMAX,Train,2024-04-01,14871.72,13606.661479991011
Al Hebiah Fourth,HWES+SARIMAX,Train,2024-05-01,10487.065,12357.972296667129
Al Hebiah Fourth,HWES+SARIMAX,Train,2024-06-01,14544.93,13451.665445468441
Al Hebiah Fourth,HWES+SARIMAX,Train,2024-07-01,11197.37,12794.825134537874
Al Hebiah Fourth,HWES+SARIMAX,Train,2024-08-01,13774.595,13027.69412073405
Al Hebiah Fourth,HWES+SARIMAX,Train,2024-09-01,9724.96,11574.703840573897
Al Hebiah Fourth,HWES+SARIMAX,Train,2024-10-01,10316.9,10934.36613121133
Al Hebiah Fourth,HWES+SARIMAX,Train,2024-11-01,9027.99,10140.894662778457
Al Hebiah Fourth,HWES+SARIMAX,Train,2024-12-01,9605.79,9826.203188001464
Al Hebiah Fourth,HWES+SARIMAX,Train,2025-01-01,8862.74,9685.1972481535
Al Hebiah Fourth,HWES+SARIMAX,Train,2025-02-01,9198.145,9439.027955643582
Al Hebiah Fourth,HWES+SARIMAX,Test,2025-03-01,13433.225,12137.168809918077
Al Hebiah Fourth,HWES+SARIMAX,Test,2025-04-01,10103.87,12163.675714394756
Al Hebiah Fourth,HWES+SARIMAX,Test,2025-05-01,10468.16,10211.87318791128
Al Hebiah Fourth,HWES+SARIMAX,Test,2025-06-01,12974.98,12345.407469193924
Al Hebiah Fourth,HWES+SARIMAX,Test,2025-07-01,10931.105,11080.936061569819
Al Hebiah Fourth,HWES+SARIMAX,Test,2025-08-01,13006.39,12201.662804879397
Al Hebiah Fourth,HWES+SARIMAX,Future,2025-09-01,,10939.93503162339
Al Hebiah Fourth,HWES+SARIMAX,Future,2025-10-01,,10925.89029748746
Al Hebiah Fourth,HWES+SARIMAX,Future,2025-11-01,,11151.651092388822
Al Hebiah Fourth,HWES+SARIMAX,Future,2025-12-01,,11032.750908838992
Al Hebiah Fourth,HWES+SARIMAX,Future,2026-01-01,,11034.61537267186
Al Hebiah Fourth,HWES+SARIMAX,Future,2026-02-01,,11538.969748163923
Al Khairan First,HWES+SARIMAX,Train,2022-09-01,20718.82,20709.110244024072
Al Khairan First,HWES+SARIMAX,Train,2022-10-01,18110.545,18843.772460771084
Al Khairan First,HWES+SARIMAX,Train,2022-11-01,17764.985,17750.814515329475
Al Khairan First,HWES+SARIMAX,Train,2022-12-01,20467.58,18870.915411229842
Al Khairan First,HWES+SARIMAX,Train,2023-01-01,21615.725,20402.034603807442
Al Khairan First,HWES+SARIMAX,Train,2023-02-01,20683.75,21797.71801269916
Al Khairan First,HWES+SARIMAX,Train,2023-03-01,21699.33,21257.75147175851
Al Khairan First,HWES+SARIMAX,Train,2023-04-01,22062.49,21921.816253867895
Al Khairan First,HWES+SARIMAX,Train,2023-05-01,20887.21,21368.310766113616
Al Khairan First,HWES+SARIMAX,Train,2023-06-01,21680.22,22286.003949270333
Al Khairan First,HWES+SARIMAX,Train,2023-07-01,22601.0,22797.763929743207
Al Khairan First,HWES+SARIMAX,Train,2023-08-01,22481.63,23282.985821153918
Al Khairan First,HWES+SARIMAX,Train,2023-09-01,22450.72,22227.51657912039
Al Khairan First,HWES+SARIMAX,Train,2023-10-01,20857.22,20894.56440775307
Al Khairan First,HWES+SARIMAX,Train,2023-11-01,21488.465,20276.206239424377
Al Khairan First,HWES+SARIMAX,Train,2023-12-01,21311.54,21566.371372780097
Al Khairan First,HWES+SARIMAX,Train,2024-01-01,21929.56,21182.914329610543
Al Khairan First,HWES+SARIMAX,Train,2024-02-01,23659.87,22876.211358253924
Al Khairan First,HWES+SARIMAX,Train,2024-03-01,23266.86,23520.384828231574
Al Khairan First,HWES+SARIMAX,Train,2024-04-01,23537.19,23605.065191043228
Al Khairan First,HWES+SARIMAX,Train,2024-05-01,23328.165,23136.339338282865
Al Khairan First,HWES+SARIMAX,Train,2024-06-01,25107.64,24840.912223086565
Al Khairan First,HWES+SARIMAX,Train,2024-07-01,26140.93,26084.731318072456
Al Khairan First,HWES+SARIMAX,Train,2024-08-01,27600.12,27146.74745473556
Al Khairan First,HWES+SARIMAX,Train,2024-09-01,26735.545,26791.82695184202
Al Khairan First,HWES+SARIMAX,Train,2024-10-01,25348.605,25331.862406196728
Al Khairan First,HWES+SARIMAX,Train,2024-11-01,23620.68,23553.339702677404
Al Khairan First,HWES+SARIMAX,Train,2024-12-01,24426.94,24391.617257265916
Al Khairan First,HWES+SARIMAX,Train,2025-01-01,23477.93,23436.497989061492
Al Khairan First,HWES+SARIMAX,Train,2025-02-01,23943.81,23972.432339951207
Al Khairan First,HWES+SARIMAX,Test,2025-03-01,23037.94,24361.495800838544
Al Khairan First,HWES+SARIMAX,Test,2025-04-01,23682.65,24645.052007652448
Al Khairan First,HWES+SARIMAX,Test,2025-05-01,25455.88,24042.50995197535
Al Khairan First,HWES+SARIMAX,Test,2025-06-01,25760.45,25333.972677185673
Al Khairan First,HWES+SARIMAX,Test,2025-07-01,25109.32,26326.23304804682
Al Khairan First,HWES+SARIMAX,Test,2025-08-01,24636.63,26887.39743912882
Al Khairan First,HWES+SARIMAX,Future,2025-09-01,,24449.51721276998
Al Khairan First,HWES+SARIMAX,Future,2025-10-01,,21786.6204052497
Al Khairan First,HWES+SARIMAX,Future,2025-11-01,,22130.50275527646
Al Khairan First,HWES+SARIMAX,Future,2025-12-01,,24827.292102697083
Al Khairan First,HWES+SARIMAX,Future,2026-01-01,,24587.498867402966
Al Khairan First,HWES+SARIMAX,Future,2026-02-01,,22718.07737083835
Al Merkadh,HWES+SARIMAX,Train,2022-09-01,16655.29,18901.007317419622
Al Merkadh,HWES+SARIMAX,Train,2022-10-01,19000.025,18719.168286210628
Al Merkadh,HWES+SARIMAX,Train,2022-11-01,20666.59,19711.294267478064
Al Merkadh,HWES+SARIMAX,Train,2022-12-01,20129.32,20047.487813195825
Al Merkadh,HWES+SARIMAX,Train,2023-01-01,19566.0,18233.85935817778
Al Merkadh,HWES+SARIMAX,Train,2023-02-01,18987.34,18879.41054643836
Al Merkadh,HWES+SARIMAX,Train,2023-03-01,19375.085,18684.08858051124
Al Merkadh,HWES+SARIMAX,Train,2023-04-01,18064.19,18145.08713077761
Al Merkadh,HWES+SARIMAX,Train,2023-05-01,18937.64,18541.781382230896
Al Merkadh,HWES+SARIMAX,Train,2023-06-01,16991.07,17666.257419580645
Al Merkadh,HWES+SARIMAX,Train,2023-07-01,19644.19,19548.828567795386
Al Merkadh,HWES+SARIMAX,Train,2023-08-01,19913.19,20217.378965324744
Al Merkadh,HWES+SARIMAX,Train,2023-09-01,19918.45,20144.966310749143
Al Merkadh,HWES+SARIMAX,Train,2023-10-01,18800.53,18808.412134508224
Al Merkadh,HWES+SARIMAX,Train,2023-11-01,18619.425000000003,18684.615898490923
Al Merkadh,HWES+SARIMAX,Train,2023-12-01,20739.305,21108.479696478807
Al Merkadh,HWES+SARIMAX,Train,2024-01-01,19325.94,19419.8704779866
Al Merkadh,HWES+SARIMAX,Train,2024-02-01,18333.19,18522.340014403322
Al Merkadh,HWES+SARIMAX,Train,2024-03-01,17720.66,17881.55664702477
Al Merkadh,HWES+SARIMAX,Train,2024-04-01,17870.93,18241.7266425197
Al Merkadh,HWES+SARIMAX,Train,2024-05-01,19211.53,19633.825156164483
Al Merkadh,HWES+SARIMAX,Train,2024-06-01,19060.78,18545.075498853977
Al Merkadh,HWES+SARIMAX,Train,2024-07-01,20184.855,19742.30966318434
Al Merkadh,HWES+SARIMAX,Train,2024-08-01,19602.47,19696.579947153918
Al Merkadh,HWES+SARIMAX,Train,2024-09-01,21567.96,20430.493036048603
Al Merkadh,HWES+SARIMAX,Train,2024-10-01,20488.1,20724.260003898693
Al Merkadh,HWES+SARIMAX,Train,2024-11-01,19094.55,19595.414938885566
Al Merkadh,HWES+SARIMAX,Train,2024-12-01,21021.99,21015.865556467015
Al Merkadh,HWES+SARIMAX,Train,2025-01-01,19758.74,20349.521973684405
Al Merkadh,HWES+SARIMAX,Train,2025-02-01,19905.21,19741.61038157255
Al Merkadh,HWES+SARIMAX,Test,2025-03-01,20182.45,19392.146367105932
Al Merkadh,HWES+SARIMAX,Test,2025-04-01,21616.32,18606.493954683574
Al Merkadh,HWES+SARIMAX,Test,2025-05-01,20750.63,20058.467378451274
Al Merkadh,HWES+SARIMAX,Test,2025-06-01,20386.46,18722.10790134587
Al Merkadh,HWES+SARIMAX,Test,2025-07-01,20094.99,20459.806406310665
Al Merkadh,HWES+SARIMAX,Test,2025-08-01,20578.7,20421.38431520399
Al Merkadh,HWES+SARIMAX,Future,2025-09-01,,20840.26794889553
Al Merkadh,HWES+SARIMAX,Future,2025-10-01,,20889.42037527502
Al Merkadh,HWES+SARIMAX,Future,2025-11-01,,20920.27711826989
Al Merkadh,HWES+SARIMAX,Future,2025-12-01,,22089.45586399055
Al Merkadh,HWES+SARIMAX,Future,2026-01-01,,21009.448630522045
Al Merkadh,HWES+SARIMAX,Future,2026-02-01,,20534.405869460054
Al Thanyah Fifth,HWES+SARIMAX,Train,2022-09-01,9870.01,11674.312596840222
Al Thanyah Fifth,HWES+SARIMAX,Train,2022-10-01,10123.52,7614.47676740587
Al Thanyah Fifth,HWES+SARIMAX,Train,2022-11-01,11651.294999999998,9578.828124788086
Al Thanyah Fifth,HWES+SARIMAX,Train,2022-12-01,11157.48,13308.085563178487
Al Thanyah Fifth,HWES+SARIMAX,Train,2023-01-01,11750.15,11733.880494086603
Al Thanyah Fifth,HWES+SARIMAX,Train,2023-02-01,11321.465,9300.839165030302
Al Thanyah Fifth,HWES+SARIMAX,Train,2023-03-01,11460.025,10591.098456166803
Al Thanyah Fifth,HWES+SARIMAX,Train,2023-04-01,11235.69,10800.000667432494
Al Thanyah Fifth,HWES+SARIMAX,Train,2023-05-01,14189.585,14354.956850155753
Al Thanyah Fifth,HWES+SARIMAX,Train,2023-06-01,21977.84,18273.33578290081
Al Thanyah Fifth,HWES+SARIMAX,Train,2023-07-01,22280.07,23283.26815667255
Al Thanyah Fifth,HWES+SARIMAX,Train,2023-08-01,19273.85,22191.17067320915
Al Thanyah Fifth,HWES+SARIMAX,Train,2023-09-01,17433.91,13184.73933623319
Al Thanyah Fifth,HWES+SARIMAX,Train,2023-10-01,14125.83,17516.958054504277
Al Thanyah Fifth,HWES+SARIMAX,Train,2023-11-01,12593.78,9318.415344559784
Al Thanyah Fifth,HWES+SARIMAX,Train,2023-12-01,15743.23,15582.874604866667
Al Thanyah Fifth,HWES+SARIMAX,Train,2024-01-01,17597.905,18300.03650918617
Al Thanyah Fifth,HWES+SARIMAX,Train,2024-02-01,14822.8,14101.503212947808
Al Thanyah Fifth,HWES+SARIMAX,Train,2024-03-01,13870.75,12729.734688776209
Al Thanyah Fifth,HWES+SARIMAX,Train,2024-04-01,13600.285,13111.162196543793
Al Thanyah Fifth,HWES+SARIMAX,Train,2024-05-01,15270.7,16899.352271939122
Al Thanyah Fifth,HWES+SARIMAX,Train,2024-06-01,14363.155,16989.889760569902
Al Thanyah Fifth,HWES+SARIMAX,Train,2024-07-01,14241.075,11865.213072080976
Al Thanyah Fifth,HWES+SARIMAX,Train,2024-08-01,22216.61,16672.890887954127
Al Thanyah Fifth,HWES+SARIMAX,Train,2024-09-01,20771.23,17401.91890163297
Al Thanyah Fifth,HWES+SARIMAX,Train,2024-10-01,21425.965,22361.34801719373
Al Thanyah Fifth,HWES+SARIMAX,Train,2024-11-01,17417.73,18781.30105022374
Al Thanyah Fifth,HWES+SARIMAX,Train,2024-12-01,16748.26,16569.519813658277
Al Thanyah Fifth,HWES+SARIMAX,Train,2025-01-01,19021.3,19293.418815477788
Al Thanyah Fifth,HWES+SARIMAX,Train,2025-02-01,17031.57,16619.49594972625
Al Thanyah Fifth,HWES+SARIMAX,Test,2025-03-01,17655.9,14886.956754730902
Al Thanyah Fifth,HWES+SARIMAX,Test,2025-04-01,24525.135,14155.411692171536
Al Thanyah Fifth,HWES+SARIMAX,Test,2025-05-01,20635.02,18884.707506847382
Al Thanyah Fifth,HWES+SARIMAX,Test,2025-06-01,18807.09,24653.00011355854
Al Thanyah Fifth,HWES+SARIMAX,Test,2025-07-01,16131.28,21397.172894467974
Al Thanyah Fifth,HWES+SARIMAX,Test,2025-08-01,19259.81,17723.032413332647
Al Thanyah Fifth,HWES+SARIMAX,Future,2025-09-01,,16007.276693892658
Al Thanyah Fifth,HWES+SARIMAX,Future,2025-10-01,,14611.730901108658
Al Thanyah Fifth,HWES+SARIMAX,Future,2025-11-01,,12171.52960992785
Al Thanyah Fifth,HWES+SARIMAX,Future,2025-12-01,,12308.513675419981
Al Thanyah Fifth,HWES+SARIMAX,Future,2026-01-01,,13786.698000502367
Al Thanyah Fifth,HWES+SARIMAX,Future,2026-02-01,,11507.286540051675
Al Warsan First,HWES+SARIMAX,Train,2022-09-01,4920.41,4957.554158981505
Al Warsan First,HWES+SARIMAX,Train,2022-10-01,5240.325000000001,5137.957722322915
Al Warsan First,HWES+SARIMAX,Train,2022-11-01,4966.36,5088.217010658893
Al Warsan First,HWES+SARIMAX,Train,2022-12-01,4705.88,4926.023040523627
Al Warsan First,HWES+SARIMAX,Train,2023-01-01,5000.0,5027.038592424444
Al Warsan First,HWES+SARIMAX,Train,2023-02-01,5509.035,5209.824022200437
Al Warsan First,HWES+SARIMAX,Train,2023-03-01,5144.69,5255.171488791722
Al Warsan First,HWES+SARIMAX,Train,2023-04-01,5586.59,5506.035768983262
Al Warsan First,HWES+SARIMAX,Train,2023-05-01,5111.11,5347.1978531983095
Al Warsan First,HWES+SARIMAX,Train,2023-06-01,5505.62,5464.402433879262
Al Warsan First,HWES+SARIMAX,Train,2023-07-01,5491.55,5474.757271427895
Al Warsan First,HWES+SARIMAX,Train,2023-08-01,5434.78,5458.619471713785
Al Warsan First,HWES+SARIMAX,Train,2023-09-01,5497.255,5453.828209759876
Al Warsan First,HWES+SARIMAX,Train,2023-10-01,5569.23,5599.136986549572
Al Warsan First,HWES+SARIMAX,Train,2023-11-01,5462.16,5609.852899702655
Al Warsan First,HWES+SARIMAX,Train,2023-12-01,5429.98,5504.728924823785
Al Warsan First,HWES+SARIMAX,Train,2024-01-01,5430.57,5592.1343608323405
Al Warsan First,HWES+SARIMAX,Train,2024-02-01,5597.225,5587.724333435926
Al Warsan First,HWES+SARIMAX,Train,2024-03-01,5777.78,5700.8871178159625
Al Warsan First,HWES+SARIMAX,Train,2024-04-01,5895.52,5914.000236706858
Al Warsan First,HWES+SARIMAX,Train,2024-05-01,6001.43,5862.058380192256
Al Warsan First,HWES+SARIMAX,Train,2024-06-01,5989.360000000001,5988.315518561182
Al Warsan First,HWES+SARIMAX,Train,2024-07-01,6022.73,6009.4714488565005
Al Warsan First,HWES+SARIMAX,Train,2024-08-01,6057.865,6024.228412622429
Al Warsan First,HWES+SARIMAX,Train,2024-09-01,6000.62,6000.517429276588
Al Warsan First,HWES+SARIMAX,Train,2024-10-01,6208.935,6209.3710609292475
Al Warsan First,HWES+SARIMAX,Train,2024-11-01,6369.3150000000005,6369.579575654582
Al Warsan First,HWES+SARIMAX,Train,2024-12-01,6305.0,6305.155168501242
Al Warsan First,HWES+SARIMAX,Train,2025-01-01,6565.66,6565.992672852429
Al Warsan First,HWES+SARIMAX,Train,2025-02-01,6544.5,6544.917937266416
Al Warsan First,HWES+SARIMAX,Test,2025-03-01,6623.475,6652.419057412182
Al Warsan First,HWES+SARIMAX,Test,2025-04-01,6566.93,6978.429788692896
Al Warsan First,HWES+SARIMAX,Test,2025-05-01,6771.33,6836.917512607343
Al Warsan First,HWES+SARIMAX,Test,2025-06-01,6543.335,7069.835714074711
Al Warsan First,HWES+SARIMAX,Test,2025-07-01,6717.99,7118.459677805779
Al Warsan First,HWES+SARIMAX,Test,2025-08-01,6824.485,7144.212647194784
Al Warsan First,HWES+SARIMAX,Future,2025-09-01,,6777.13336698065
Al Warsan First,HWES+SARIMAX,Future,2025-10-01,,6977.135607686945
Al Warsan First,HWES+SARIMAX,Future,2025-11-01,,6903.512690238188
Al Warsan First,HWES+SARIMAX,Future,2025-12-01,,6784.417305977158
Al Warsan First,HWES+SARIMAX,Future,2026-01-01,,6969.5296017619185
Al Warsan First,HWES+SARIMAX,Future,2026-02-01,,7187.740560361026
Al Yelayiss 2,HWES+SARIMAX,Train,2022-09-01,8486.295,9274.842750440841
Al Yelayiss 2,HWES+SARIMAX,Train,2022-10-01,8421.99,8666.646309334992
Al Yelayiss 2,HWES+SARIMAX,Train,2022-11-01,8395.31,8967.486664080325
Al Yelayiss 2,HWES+SARIMAX,Train,2022-12-01,8440.61,9552.759862475543
Al Yelayiss 2,HWES+SARIMAX,Train,2023-01-01,13302.3,11380.949559877425
Al Yelayiss 2,HWES+SARIMAX,Train,2023-02-01,12592.08,12185.678992375682
Al Yelayiss 2,HWES+SARIMAX,Train,2023-03-01,11040.35,10974.86745022491
Al Yelayiss 2,HWES+SARIMAX,Train,2023-04-01,10858.44,10738.831354749227
Al Yelayiss 2,HWES+SARIMAX,Train,2023-05-01,10016.63,10432.672474885765
Al Yelayiss 2,HWES+SARIMAX,Train,2023-06-01,10708.12,10991.23511074202
Al Yelayiss 2,HWES+SARIMAX,Train,2023-07-01,10287.04,10066.022673663574
Al Yelayiss 2,HWES+SARIMAX,Train,2023-08-01,11039.89,11042.859685436406
Al Yelayiss 2,HWES+SARIMAX,Train,2023-09-01,11139.37,11321.323342767266
Al Yelayiss 2,HWES+SARIMAX,Train,2023-10-01,10620.61,10641.99249196581
Al Yelayiss 2,HWES+SARIMAX,Train,2023-11-01,11312.165,10977.307910194333
Al Yelayiss 2,HWES+SARIMAX,Train,2023-12-01,12325.42,12181.593754864836
Al Yelayiss 2,HWES+SARIMAX,Train,2024-01-01,12318.38,12166.826689525626
Al Yelayiss 2,HWES+SARIMAX,Train,2024-02-01,12546.4,12564.592729705397
Al Yelayiss 2,HWES+SARIMAX,Train,2024-03-01,12161.66,12249.742827573427
Al Yelayiss 2,HWES+SARIMAX,Train,2024-04-01,12063.65,12118.250306115944
Al Yelayiss 2,HWES+SARIMAX,Train,2024-05-01,12263.06,12156.899609186012
Al Yelayiss 2,HWES+SARIMAX,Train,2024-06-01,12990.55,12923.656780152867
Al Yelayiss 2,HWES+SARIMAX,Train,2024-07-01,11486.255,11585.074438626672
Al Yelayiss 2,HWES+SARIMAX,Train,2024-08-01,12146.89,12280.654453539822
Al Yelayiss 2,HWES+SARIMAX,Train,2024-09-01,12694.955,12325.367612979568
Al Yelayiss 2,HWES+SARIMAX,Train,2024-10-01,12071.16,11999.166611500992
Al Yelayiss 2,HWES+SARIMAX,Train,2024-11-01,11897.75,11640.709045356472
Al Yelayiss 2,HWES+SARIMAX,Train,2024-12-01,12873.87,12352.287738285482
Al Yelayiss 2,HWES+SARIMAX,Train,2025-01-01,13959.81,14958.463966980975
Al Yelayiss 2,HWES+SARIMAX,Train,2025-02-01,14293.905,14535.678211089655
Al Yelayiss 2,HWES+SARIMAX,Test,2025-03-01,13780.01,13950.049142546917
Al Yelayiss 2,HWES+SARIMAX,Test,2025-04-01,13866.985,13856.729624141857
Al Yelayiss 2,HWES+SARIMAX,Test,2025-05-01,14677.23,13270.995978479206
Al Yelayiss 2,HWES+SARIMAX,Test,2025-06-01,13903.245,13971.15650319683
Al Yelayiss 2,HWES+SARIMAX,Test,2025-07-01,13625.91,13283.244178733983
Al Yelayiss 2,HWES+SARIMAX,Test,2025-08-01,14035.09,14035.359058411132
Al Yelayiss 2,HWES+SARIMAX,Future,2025-09-01,,13246.974084830654
Al Yelayiss 2,HWES+SARIMAX,Future,2025-10-01,,13179.670986735055
Al Yelayiss 2,HWES+SARIMAX,Future,2025-11-01,,13152.10784349311
Al Yelayiss 2,HWES+SARIMAX,Future,2025-12-01,,13198.843961721826
Al Yelayiss 2,HWES+SARIMAX,Future,2026-01-01,,18060.188096839127
Al Yelayiss 2,HWES+SARIMAX,Future,2026-02-01,,17351.817368240947
Burj Khalifa,HWES+SARIMAX,Train,2022-09-01,20033.120000000003,20053.54281017694
Burj Khalifa,HWES+SARIMAX,Train,2022-10-01,20359.47,21704.421679098985
Burj Khalifa,HWES+SARIMAX,Train,2022-11-01,20333.12,21479.324596680694
Burj Khalifa,HWES+SARIMAX,Train,2022-12-01,21072.225,20720.1774914662
Burj Khalifa,HWES+SARIMAX,Train,2023-01-01,24575.83,23963.902461138725
Burj Khalifa,HWES+SARIMAX,Train,2023-02-01,22629.45,22077.316250737997
Burj Khalifa,HWES+SARIMAX,Train,2023-03-01,22146.35,21634.86137796485
Burj Khalifa,HWES+SARIMAX,Train,2023-04-01,20265.96,20476.58961362492
Burj Khalifa,HWES+SARIMAX,Train,2023-05-01,21424.445,20059.753607880128
Burj Khalifa,HWES+SARIMAX,Train,2023-06-01,20378.83,21112.793543486037
Burj Khalifa,HWES+SARIMAX,Train,2023-07-01,19220.21,17864.732011391385
Burj Khalifa,HWES+SARIMAX,Train,2023-08-01,22040.3,23159.152744673505
Burj Khalifa,HWES+SARIMAX,Train,2023-09-01,19934.5,19993.231918506084
Burj Khalifa,HWES+SARIMAX,Train,2023-10-01,23343.525,23031.643808849134
Burj Khalifa,HWES+SARIMAX,Train,2023-11-01,23897.120000000003,24392.150919099277
Burj Khalifa,HWES+SARIMAX,Train,2023-12-01,20939.685,21205.5672956924
Burj Khalifa,HWES+SARIMAX,Train,2024-01-01,22716.41,21946.945280957803
Burj Khalifa,HWES+SARIMAX,Train,2024-02-01,20699.02,21108.01951557765
Burj Khalifa,HWES+SARIMAX,Train,2024-03-01,21615.375,21497.66499381476
Burj Khalifa,HWES+SARIMAX,Train,2024-04-01,21795.16,21537.44879787664
Burj Khalifa,HWES+SARIMAX,Train,2024-05-01,19865.8,20198.849475255316
Burj Khalifa,HWES+SARIMAX,Train,2024-06-01,20565.77,20400.829990849023
Burj Khalifa,HWES+SARIMAX,Train,2024-07-01,18203.4,18451.361545067466
Burj Khalifa,HWES+SARIMAX,Train,2024-08-01,24599.59,24281.76698437896
Burj Khalifa,HWES+SARIMAX,Train,2024-09-01,21244.69,21334.64478462008
Burj Khalifa,HWES+SARIMAX,Train,2024-10-01,22484.72,21359.004593999864
Burj Khalifa,HWES+SARIMAX,Train,2024-11-01,23440.465,22396.84135151973
Burj Khalifa,HWES+SARIMAX,Train,2024-12-01,22200.3,22448.778033547867
Burj Khalifa,HWES+SARIMAX,Train,2025-01-01,22785.2,23448.23634605469
Burj Khalifa,HWES+SARIMAX,Train,2025-02-01,21524.59,21844.499759232218
Burj Khalifa,HWES+SARIMAX,Test,2025-03-01,22539.25,22836.149525633322
Burj Khalifa,HWES+SARIMAX,Test,2025-04-01,23490.55,21740.13508621167
Burj Khalifa,HWES+SARIMAX,Test,2025-05-01,23142.79,22230.97011084148
Burj Khalifa,HWES+SARIMAX,Test,2025-06-01,18138.24,20910.294442977844
Burj Khalifa,HWES+SARIMAX,Test,2025-07-01,20308.69,19523.958171133334
Burj Khalifa,HWES+SARIMAX,Test,2025-08-01,21084.51,22926.10795570446
Burj Khalifa,HWES+SARIMAX,Future,2025-09-01,,21018.340283475696
Burj Khalifa,HWES+SARIMAX,Future,2025-10-01,,21344.5142356485
Burj Khalifa,HWES+SARIMAX,Future,2025-11-01,,21318.279929085056
Burj Khalifa,HWES+SARIMAX,Future,2025-12-01,,22057.622569669355
Burj Khalifa,HWES+SARIMAX,Future,2026-01-01,,25561.3242358774
Burj Khalifa,HWES+SARIMAX,Future,2026-02-01,,23614.927977704345
Business Bay,HWES+SARIMAX,Train,2022-09-01,21318.69,21610.893759553855
Business Bay,HWES+SARIMAX,Train,2022-10-01,23302.705,21529.692872978947
Business Bay,HWES+SARIMAX,Train,2022-11-01,18422.41,19853.37290681394
Business Bay,HWES+SARIMAX,Train,2022-12-01,21155.74,21560.25518077893
Business Bay,HWES+SARIMAX,Train,2023-01-01,22501.36,21854.60628961401
Business Bay,HWES+SARIMAX,Train,2023-02-01,22015.66,21068.208005874072
Business Bay,HWES+SARIMAX,Train,2023-03-01,22286.68,22463.65949578893
Business Bay,HWES+SARIMAX,Train,2023-04-01,20934.37,21461.282732346586
Business Bay,HWES+SARIMAX,Train,2023-05-01,17569.825,19721.55171106422
Business Bay,HWES+SARIMAX,Train,2023-06-01,17808.22,20299.3000462994
Business Bay,HWES+SARIMAX,Train,2023-07-01,20727.62,20916.200790755734
Business Bay,HWES+SARIMAX,Train,2023-08-01,26468.01,24319.159739936196
Business Bay,HWES+SARIMAX,Train,2023-09-01,24577.575,23105.718256511453
Business Bay,HWES+SARIMAX,Train,2023-10-01,20942.41,21308.369004801792
Business Bay,HWES+SARIMAX,Train,2023-11-01,22019.9,22294.480863145065
Business Bay,HWES+SARIMAX,Train,2023-12-01,23101.255,23148.40797784664
Business Bay,HWES+SARIMAX,Train,2024-01-01,23553.325,22569.17806751875
Business Bay,HWES+SARIMAX,Train,2024-02-01,21706.465,21532.906205649662
Business Bay,HWES+SARIMAX,Train,2024-03-01,23890.885,23862.73519151963
Business Bay,HWES+SARIMAX,Train,2024-04-01,23238.45,23151.145157460774
Business Bay,HWES+SARIMAX,Train,2024-05-01,23124.01,22761.598372275435
Business Bay,HWES+SARIMAX,Train,2024-06-01,24041.85,23621.34183344229
Business Bay,HWES+SARIMAX,Train,2024-07-01,22356.4,22324.91706342697
Business Bay,HWES+SARIMAX,Train,2024-08-01,23421.15,23785.522885817645
Business Bay,HWES+SARIMAX,Train,2024-09-01,22692.31,22690.05935256771
Business Bay,HWES+SARIMAX,Train,2024-10-01,24100.35,25562.123480785856
Business Bay,HWES+SARIMAX,Train,2024-11-01,22876.0,21597.448709059114
Business Bay,HWES+SARIMAX,Train,2024-12-01,24181.55,23824.130270945137
Business Bay,HWES+SARIMAX,Train,2025-01-01,23266.335,23987.420511080127
Business Bay,HWES+SARIMAX,Train,2025-02-01,23240.37,24082.242261312327
Business Bay,HWES+SARIMAX,Test,2025-03-01,25111.85,24822.07845676101
Business Bay,HWES+SARIMAX,Test,2025-04-01,23763.805,23528.907890530372
Business Bay,HWES+SARIMAX,Test,2025-05-01,23805.75,20438.596257962727
Business Bay,HWES+SARIMAX,Test,2025-06-01,24957.78,20733.736081317275
Business Bay,HWES+SARIMAX,Test,2025-07-01,24847.53,23263.839103877075
Business Bay,HWES+SARIMAX,Test,2025-08-01,27464.07,28609.797609145804
Business Bay,HWES+SARIMAX,Future,2025-09-01,,25827.15060985539
Business Bay,HWES+SARIMAX,Future,2025-10-01,,27819.95899314687
Business Bay,HWES+SARIMAX,Future,2025-11-01,,22945.74656810975
Business Bay,HWES+SARIMAX,Future,2025-12-01,,25684.18330616128
Business Bay,HWES+SARIMAX,Future,2026-01-01,,27034.46456758679
Business Bay,HWES+SARIMAX,Future,2026-02-01,,26552.031510352364
Hadaeq Sheikh Mohammed Bin Rashid,HWES+SARIMAX,Train,2022-09-01,19107.53,18775.438291297138
Hadaeq Sheikh Mohammed Bin Rashid,HWES+SARIMAX,Train,2022-10-01,18814.62,19335.140341229875
Hadaeq Sheikh Mohammed Bin Rashid,HWES+SARIMAX,Train,2022-11-01,18974.53,18796.757682553478
Hadaeq Sheikh Mohammed Bin Rashid,HWES+SARIMAX,Train,2022-12-01,17876.41,18593.239106557176
Hadaeq Sheikh Mohammed Bin Rashid,HWES+SARIMAX,Train,2023-01-01,19820.2,19289.787519063706
Hadaeq Sheikh Mohammed Bin Rashid,HWES+SARIMAX,Train,2023-02-01,18469.97,18908.326142335198
Hadaeq Sheikh Mohammed Bin Rashid,HWES+SARIMAX,Train,2023-03-01,20655.97,19832.11677479214
Hadaeq Sheikh Mohammed Bin Rashid,HWES+SARIMAX,Train,2023-04-01,21910.03,21222.388127489645
Hadaeq Sheikh Mohammed Bin Rashid,HWES+SARIMAX,Train,2023-05-01,19438.27,20453.0062405488
Hadaeq Sheikh Mohammed Bin Rashid,HWES+SARIMAX,Train,2023-06-01,20236.15,20247.883780466607
Hadaeq Sheikh Mohammed Bin Rashid,HWES+SARIMAX,Train,2023-07-01,20490.65,21665.218217264
Hadaeq Sheikh Mohammed Bin Rashid,HWES+SARIMAX,Train,2023-08-01,20055.12,19877.56839176999
Hadaeq Sheikh Mohammed Bin Rashid,HWES+SARIMAX,Train,2023-09-01,21354.04,21457.8713777573
Hadaeq Sheikh Mohammed Bin Rashid,HWES+SARIMAX,Train,2023-10-01,21573.18,22402.0099164398
Hadaeq Sheikh Mohammed Bin Rashid,HWES+SARIMAX,Train,2023-11-01,21992.14,21546.20996220758
Hadaeq Sheikh Mohammed Bin Rashid,HWES+SARIMAX,Train,2023-12-01,22712.11,21807.546959807034
Hadaeq Sheikh Mohammed Bin Rashid,HWES+SARIMAX,Train,2024-01-01,22936.585,21994.615974721048
Hadaeq Sheikh Mohammed Bin Rashid,HWES+SARIMAX,Train,2024-02-01,22104.815,21989.344956649013
Hadaeq Sheikh Mohammed Bin Rashid,HWES+SARIMAX,Train,2024-03-01,21904.21,22313.488512976724
Hadaeq Sheikh Mohammed Bin Rashid,HWES+SARIMAX,Train,2024-04-01,23277.355,23620.22449790501
Hadaeq Sheikh Mohammed Bin Rashid,HWES+SARIMAX,Train,2024-05-01,24217.81,23711.657369400982
Hadaeq Sheikh Mohammed Bin Rashid,HWES+SARIMAX,Train,2024-06-01,23226.83,23220.8791627705
Hadaeq Sheikh Mohammed Bin Rashid,HWES+SARIMAX,Train,2024-07-01,25694.43,25107.43884699513
Hadaeq Sheikh Mohammed Bin Rashid,HWES+SARIMAX,Train,2024-08-01,22715.16,22785.621416217757
Hadaeq Sheikh Mohammed Bin Rashid,HWES+SARIMAX,Train,2024-09-01,24396.86,24397.40544610603
Hadaeq Sheikh Mohammed Bin Rashid,HWES+SARIMAX,Train,2024-10-01,26086.31,26087.329533963933
Hadaeq Sheikh Mohammed Bin Rashid,HWES+SARIMAX,Train,2024-11-01,24050.895,24050.118745863652
Hadaeq Sheikh Mohammed Bin Rashid,HWES+SARIMAX,Train,2024-12-01,23695.145,23692.226301947452
Hadaeq Sheikh Mohammed Bin Rashid,HWES+SARIMAX,Train,2025-01-01,23779.57,23778.19114356017
Hadaeq Sheikh Mohammed Bin Rashid,HWES+SARIMAX,Train,2025-02-01,24589.38,24588.633330796485
Hadaeq Sheikh Mohammed Bin Rashid,HWES+SARIMAX,Test,2025-03-01,25050.1,25547.988465741502
Hadaeq Sheikh Mohammed Bin Rashid,HWES+SARIMAX,Test,2025-04-01,25455.27,26861.375559482985
Hadaeq Sheikh Mohammed Bin Rashid,HWES+SARIMAX,Test,2025-05-01,24669.605,26091.518271121062
Hadaeq Sheikh Mohammed Bin Rashid,HWES+SARIMAX,Test,2025-06-01,25428.65,25997.241405550234
Hadaeq Sheikh Mohammed Bin Rashid,HWES+SARIMAX,Test,2025-07-01,26914.24,27355.509316680564
Hadaeq Sheikh Mohammed Bin Rashid,HWES+SARIMAX,Test,2025-08-01,25079.61,25651.189362889992
Hadaeq Sheikh Mohammed Bin Rashid,HWES+SARIMAX,Future,2025-09-01,,27044.940093959194
Hadaeq Sheikh Mohammed Bin Rashid,HWES+SARIMAX,Future,2025-10-01,,26752.74961716512
Hadaeq Sheikh Mohammed Bin Rashid,HWES+SARIMAX,Future,2025-11-01,,26925.39585774696
Hadaeq Sheikh Mohammed Bin Rashid,HWES+SARIMAX,Future,2025-12-01,,25830.873046649307
Hadaeq Sheikh Mohammed Bin Rashid,HWES+SARIMAX,Future,2026-01-01,,27779.262947085565
Hadaeq Sheikh Mohammed Bin Rashid,HWES+SARIMAX,Future,2026-02-01,,26417.929226512337
Jabal Ali First,HWES+SARIMAX,Train,2022-09-01,11440.75,9670.115328503196
Jabal Ali First,HWES+SARIMAX,Train,2022-10-01,10742.305,10334.43588053447
Jabal Ali First,HWES+SARIMAX,Train,2022-11-01,11821.3,10783.550746039038
Jabal Ali First,HWES+SARIMAX,Train,2022-12-01,8354.23,9208.786558605878
Jabal Ali First,HWES+SARIMAX,Train,2023-01-01,7799.125,9368.131604205959
Jabal Ali First,HWES+SARIMAX,Train,2023-02-01,9880.555,9921.625074753474
Jabal Ali First,HWES+SARIMAX,Train,2023-03-01,10212.53,10588.274630790194
Jabal Ali First,HWES+SARIMAX,Train,2023-04-01,10786.28,10875.054644458995
Jabal Ali First,HWES+SARIMAX,Train,2023-05-01,10179.39,10683.146010211009
Jabal Ali First,HWES+SARIMAX,Train,2023-06-01,10763.64,10683.519145367582
Jabal Ali First,HWES+SARIMAX,Train,2023-07-01,10126.74,10013.390961325938
Jabal Ali First,HWES+SARIMAX,Train,2023-08-01,10272.91,10552.345125892043
Jabal Ali First,HWES+SARIMAX,Train,2023-09-01,9798.335,11245.862936363386
Jabal Ali First,HWES+SARIMAX,Train,2023-10-01,12146.89,11910.1834404403
Jabal Ali First,HWES+SARIMAX,Train,2023-11-01,12425.31,12359.298303394347
Jabal Ali First,HWES+SARIMAX,Train,2023-12-01,10826.22,10784.53410148117
Jabal Ali First,HWES+SARIMAX,Train,2024-01-01,11932.58,10943.879160436303
Jabal Ali First,HWES+SARIMAX,Train,2024-02-01,11161.985,11497.372669096629
Jabal Ali First,HWES+SARIMAX,Train,2024-03-01,12539.96,12164.022220747676
Jabal Ali First,HWES+SARIMAX,Train,2024-04-01,12539.9,12450.802245617417
Jabal Ali First,HWES+SARIMAX,Train,2024-05-01,12762.88,12258.893614019937
Jabal Ali First,HWES+SARIMAX,Train,2024-06-01,12179.355,12259.26676419304
Jabal Ali First,HWES+SARIMAX,Train,2024-07-01,11475.93,11589.138577766724
Jabal Ali First,HWES+SARIMAX,Train,2024-08-01,12407.49,12128.092738956859
Jabal Ali First,HWES+SARIMAX,Train,2024-09-01,12498.215,12821.610557755452
Jabal Ali First,HWES+SARIMAX,Train,2024-10-01,12841.759999999998,13485.931078583244
Jabal Ali First,HWES+SARIMAX,Train,2024-11-01,12831.24,13935.045928411193
Jabal Ali First,HWES+SARIMAX,Train,2024-12-01,13172.87,12360.281709066374
Jabal Ali First,HWES+SARIMAX,Train,2025-01-01,13100.0,12519.62677950885
Jabal Ali First,HWES+SARIMAX,Train,2025-02-01,13448.73,13073.120282084621
Jabal Ali First,HWES+SARIMAX,Test,2025-03-01,13363.68,13739.769844330354
Jabal Ali First,HWES+SARIMAX,Test,2025-04-01,13865.33,14026.549863598184
Jabal Ali First,HWES+SARIMAX,Test,2025-05-01,13681.34,13834.641230673044
Jabal Ali First,HWES+SARIMAX,Test,2025-06-01,14359.96,13835.014373336166
Jabal Ali First,HWES+SARIMAX,Test,2025-07-01,14334.465,13164.886188100627
Jabal Ali First,HWES+SARIMAX,Test,2025-08-01,17443.34,13703.840350977698
Jabal Ali First,HWES+SARIMAX,Future,2025-09-01,,16450.269261955746
Jabal Ali First,HWES+SARIMAX,Future,2025-10-01,,17262.618516275073
Jabal Ali First,HWES+SARIMAX,Future,2025-11-01,,17820.315067958345
Jabal Ali First,HWES+SARIMAX,Future,2025-12-01,,15277.356510660049
Jabal Ali First,HWES+SARIMAX,Future,2026-01-01,,15975.006147068643
Jabal Ali First,HWES+SARIMAX,Future,2026-02-01,,16704.556519230093
Madinat Al Mataar,HWES+SARIMAX,Train,2022-09-01,7237.54,5649.464744732318
Madinat Al Mataar,HWES+SARIMAX,Train,2022-10-01,7216.52,4676.1025250163775
Madinat Al Mataar,HWES+SARIMAX,Train,2022-11-01,7384.33,10947.18275576314
Madinat Al Mataar,HWES+SARIMAX,Train,2022-12-01,7340.535,10714.03810483668
Madinat Al Mataar,HWES+SARIMAX,Train,2023-01-01,7371.42,13490.301541132278
Madinat Al Mataar,HWES+SARIMAX,Train,2023-02-01,6799.91,6182.461542619746
Madinat Al Mataar,HWES+SARIMAX,Train,2023-03-01,7450.94,8548.789594473274
Madinat Al Mataar,HWES+SARIMAX,Train,2023-04-01,7586.955,8867.823284714692
Madinat Al Mataar,HWES+SARIMAX,Train,2023-05-01,7097.7,8357.17999954032
Madinat Al Mataar,HWES+SARIMAX,Train,2023-06-01,8080.08,9070.473375562415
Madinat Al Mataar,HWES+SARIMAX,Train,2023-07-01,8293.84,8913.32137168145
Madinat Al Mataar,HWES+SARIMAX,Train,2023-08-01,15084.29,15502.042633351244
Madinat Al Mataar,HWES+SARIMAX,Train,2023-09-01,8496.89,9009.82210545738
Madinat Al Mataar,HWES+SARIMAX,Train,2023-10-01,7632.59,8156.5648848451865
Madinat Al Mataar,HWES+SARIMAX,Train,2023-11-01,13869.46,13657.928636596578
Madinat Al Mataar,HWES+SARIMAX,Train,2023-12-01,13615.63,13448.663950953982
Madinat Al Mataar,HWES+SARIMAX,Train,2024-01-01,16353.01,15878.692910280726
Madinat Al Mataar,HWES+SARIMAX,Train,2024-02-01,8713.22,9420.408036119012
Madinat Al Mataar,HWES+SARIMAX,Train,2024-03-01,14878.87,11570.410549510638
Madinat Al Mataar,HWES+SARIMAX,Train,2024-04-01,9235.06,11866.362828078567
Madinat Al Mataar,HWES+SARIMAX,Train,2024-05-01,10469.8,11358.416915155583
Madinat Al Mataar,HWES+SARIMAX,Train,2024-06-01,10596.485,12105.646266869979
Madinat Al Mataar,HWES+SARIMAX,Train,2024-07-01,11080.58,11995.27197505711
Madinat Al Mataar,HWES+SARIMAX,Train,2024-08-01,10937.895,18609.43433506428
Madinat Al Mataar,HWES+SARIMAX,Train,2024-09-01,14530.04,12105.210100841237
Madinat Al Mataar,HWES+SARIMAX,Train,2024-10-01,16859.86,11250.560259344507
Madinat Al Mataar,HWES+SARIMAX,Train,2024-11-01,15743.675,16844.68277524814
Madinat Al Mataar,HWES+SARIMAX,Train,2024-12-01,17525.77,16629.797697112575
Madinat Al Mataar,HWES+SARIMAX,Train,2025-01-01,21368.73,19098.58837010493
Madinat Al Mataar,HWES+SARIMAX,Train,2025-02-01,16054.735,12491.297518210169
Madinat Al Mataar,HWES+SARIMAX,Test,2025-03-01,21048.39,15147.735128271208
Madinat Al Mataar,HWES+SARIMAX,Test,2025-04-01,17450.04,14694.591796790657
Madinat Al Mataar,HWES+SARIMAX,Test,2025-05-01,17124.545,14406.425473154432
Madinat Al Mataar,HWES+SARIMAX,Test,2025-06-01,18567.64,15075.394632176729
Madinat Al Mataar,HWES+SARIMAX,Test,2025-07-01,17781.54,15039.992101890424
Madinat Al Mataar,HWES+SARIMAX,Test,2025-08-01,14878.87,20802.011893946416
Madinat Al Mataar,HWES+SARIMAX,Future,2025-09-01,,21248.272395420805
Madinat Al Mataar,HWES+SARIMAX,Future,2025-10-01,,21220.301538818403
Madinat Al Mataar,HWES+SARIMAX,Future,2025-11-01,,21375.942605608936
Madinat Al Mataar,HWES+SARIMAX,Future,2025-12-01,,21323.55374499083
Madinat Al Mataar,HWES+SARIMAX,Future,2026-01-01,,21368.902105476922
Madinat Al Mataar,HWES+SARIMAX,Future,2026-02-01,,20785.771011220226
Madinat Dubai Almelaheyah,HWES+SARIMAX,Train,2022-09-01,17050.57,16992.933753984198
Madinat Dubai Almelaheyah,HWES+SARIMAX,Train,2022-10-01,17211.51,17413.749501184077
Madinat Dubai Almelaheyah,HWES+SARIMAX,Train,2022-11-01,17554.989999999998,17185.258061412726
Madinat Dubai Almelaheyah,HWES+SARIMAX,Train,2022-12-01,19707.98,19038.117509678774
Madinat Dubai Almelaheyah,HWES+SARIMAX,Train,2023-01-01,19637.35,19716.598062918674
Madinat Dubai Almelaheyah,HWES+SARIMAX,Train,2023-02-01,19573.395,21232.075232096642
Madinat Dubai Almelaheyah,HWES+SARIMAX,Train,2023-03-01,19166.9,19644.29412357406
Madinat Dubai Almelaheyah,HWES+SARIMAX,Train,2023-04-01,18620.565,18489.105559608754
Madinat Dubai Almelaheyah,HWES+SARIMAX,Train,2023-05-01,18841.55,17730.91831243178
Madinat Dubai Almelaheyah,HWES+SARIMAX,Train,2023-06-01,19623.71,19890.378285274946
Madinat Dubai Almelaheyah,HWES+SARIMAX,Train,2023-07-01,20910.115,20041.786883622943
Madinat Dubai Almelaheyah,HWES+SARIMAX,Train,2023-08-01,20717.52,20945.855582406086
Madinat Dubai Almelaheyah,HWES+SARIMAX,Train,2023-09-01,21803.485,20768.403402454274
Madinat Dubai Almelaheyah,HWES+SARIMAX,Train,2023-10-01,20657.35,21657.52526612138
Madinat Dubai Almelaheyah,HWES+SARIMAX,Train,2023-11-01,19755.16,21075.566540346626
Madinat Dubai Almelaheyah,HWES+SARIMAX,Train,2023-12-01,22992.15,21490.818934924857
Madinat Dubai Almelaheyah,HWES+SARIMAX,Train,2024-01-01,22542.99,22506.37857513244
Madinat Dubai Almelaheyah,HWES+SARIMAX,Train,2024-02-01,27040.68,25229.417240972343
Madinat Dubai Almelaheyah,HWES+SARIMAX,Train,2024-03-01,25883.655,25109.67263031944
Madinat Dubai Almelaheyah,HWES+SARIMAX,Train,2024-04-01,25108.93,25520.896835099225
Madinat Dubai Almelaheyah,HWES+SARIMAX,Train,2024-05-01,22937.095,23696.635765635347
Madinat Dubai Almelaheyah,HWES+SARIMAX,Train,2024-06-01,25237.195,25371.4662946306
Madinat Dubai Almelaheyah,HWES+SARIMAX,Train,2024-07-01,24097.545,24314.965213674666
Madinat Dubai Almelaheyah,HWES+SARIMAX,Train,2024-08-01,25548.54,25639.212449481627
Madinat Dubai Almelaheyah,HWES+SARIMAX,Train,2024-09-01,24036.49,23852.947160795266
Madinat Dubai Almelaheyah,HWES+SARIMAX,Train,2024-10-01,26180.55,26222.627391334452
Madinat Dubai Almelaheyah,HWES+SARIMAX,Train,2024-11-01,26583.185,26450.78094113905
Madinat Dubai Almelaheyah,HWES+SARIMAX,Train,2024-12-01,26260.6,26150.20127052147
Madinat Dubai Almelaheyah,HWES+SARIMAX,Train,2025-01-01,27275.6,27486.48389120525
Madinat Dubai Almelaheyah,HWES+SARIMAX,Train,2025-02-01,26997.01,27039.670159184647
Madinat Dubai Almelaheyah,HWES+SARIMAX,Test,2025-03-01,29334.13,26538.626040161453
Madinat Dubai Almelaheyah,HWES+SARIMAX,Test,2025-04-01,29367.895,26018.344496687463
Madinat Dubai Almelaheyah,HWES+SARIMAX,Test,2025-05-01,28033.785,25114.969349314888
Madinat Dubai Almelaheyah,HWES+SARIMAX,Test,2025-06-01,29364.12,26455.882536451227
Madinat Dubai Almelaheyah,HWES+SARIMAX,Test,2025-07-01,30493.45,26409.085505517993
Madinat Dubai Almelaheyah,HWES+SARIMAX,Test,2025-08-01,31368.94,26926.54863638086
Madinat Dubai Almelaheyah,HWES+SARIMAX,Future,2025-09-01,,30904.842978714027
Madinat Dubai Almelaheyah,HWES+SARIMAX,Future,2025-10-01,,30075.332408768576
Madinat Dubai Almelaheyah,HWES+SARIMAX,Future,2025-11-01,,29705.818644701398
Madinat Dubai Almelaheyah,HWES+SARIMAX,Future,2025-12-01,,32578.721555941524
Madinat Dubai Almelaheyah,HWES+SARIMAX,Future,2026-01-01,,32234.58523624413
Madinat Dubai Almelaheyah,HWES+SARIMAX,Future,2026-02-01,,34608.14821239055
Marsa Dubai,HWES+SARIMAX,Train,2022-09-01,14628.44,14322.966657610497
Marsa Dubai,HWES+SARIMAX,Train,2022-10-01,13854.965,14635.854271400836
Marsa Dubai,HWES+SARIMAX,Train,2022-11-01,16302.56,15201.606839935484
Marsa Dubai,HWES+SARIMAX,Train,2022-12-01,20489.9,17606.738940443713
Marsa Dubai,HWES+SARIMAX,Train,2023-01-01,14918.34,17576.588968209668
Marsa Dubai,HWES+SARIMAX,Train,2023-02-01,14979.65,17508.328977324367
Marsa Dubai,HWES+SARIMAX,Train,2023-03-01,15845.89,16573.29700095199
Marsa Dubai,HWES+SARIMAX,Train,2023-04-01,15256.62,16314.052132496707
Marsa Dubai,HWES+SARIMAX,Train,2023-05-01,13811.82,16489.92755065431
Marsa Dubai,HWES+SARIMAX,Train,2023-06-01,14780.1,14448.98737575487
Marsa Dubai,HWES+SARIMAX,Train,2023-07-01,14194.725,13760.33132205634
Marsa Dubai,HWES+SARIMAX,Train,2023-08-01,14666.5,15817.482768962764
Marsa Dubai,HWES+SARIMAX,Train,2023-09-01,14235.36,13789.524472598592
Marsa Dubai,HWES+SARIMAX,Train,2023-10-01,15171.41,14610.96173379346
Marsa Dubai,HWES+SARIMAX,Train,2023-11-01,14126.375,14910.592806161683
Marsa Dubai,HWES+SARIMAX,Train,2023-12-01,14468.39,15499.418016898537
Marsa Dubai,HWES+SARIMAX,Train,2024-01-01,15615.015,16019.690183875518
Marsa Dubai,HWES+SARIMAX,Train,2024-02-01,16063.285,17069.919445125364
Marsa Dubai,HWES+SARIMAX,Train,2024-03-01,16776.51,16530.16468343031
Marsa Dubai,HWES+SARIMAX,Train,2024-04-01,17489.31,17127.495043067942
Marsa Dubai,HWES+SARIMAX,Train,2024-05-01,19956.27,18996.88161367244
Marsa Dubai,HWES+SARIMAX,Train,2024-06-01,17093.79,17529.22631061884
Marsa Dubai,HWES+SARIMAX,Train,2024-07-01,16154.12,16664.75918203506
Marsa Dubai,HWES+SARIMAX,Train,2024-08-01,19193.19,19048.094689935224
Marsa Dubai,HWES+SARIMAX,Train,2024-09-01,16864.46,16688.612458775406
Marsa Dubai,HWES+SARIMAX,Train,2024-10-01,17065.6,17141.949869439748
Marsa Dubai,HWES+SARIMAX,Train,2024-11-01,18360.02,18370.000994283935
Marsa Dubai,HWES+SARIMAX,Train,2024-12-01,19911.06,19888.310168123367
Marsa Dubai,HWES+SARIMAX,Train,2025-01-01,20632.075,20497.594880286182
Marsa Dubai,HWES+SARIMAX,Train,2025-02-01,22470.555,22621.59058043798
Marsa Dubai,HWES+SARIMAX,Test,2025-03-01,18011.65,21634.948884147834
Marsa Dubai,HWES+SARIMAX,Test,2025-04-01,19100.835,22016.456549376806
Marsa Dubai,HWES+SARIMAX,Test,2025-05-01,19991.115,22776.381432598006
Marsa Dubai,HWES+SARIMAX,Test,2025-06-01,19544.0,21856.6205961442
Marsa Dubai,HWES+SARIMAX,Test,2025-07-01,18829.47,21176.511850615225
Marsa Dubai,HWES+SARIMAX,Test,2025-08-01,18176.37,23019.057141635294
Marsa Dubai,HWES+SARIMAX,Future,2025-09-01,,18455.57789919848
Marsa Dubai,HWES+SARIMAX,Future,2025-10-01,,18498.51136510238
Marsa Dubai,HWES+SARIMAX,Future,2025-11-01,,19170.667100045393
Marsa Dubai,HWES+SARIMAX,Future,2025-12-01,,21483.768001152283
Marsa Dubai,HWES+SARIMAX,Future,2026-01-01,,19174.526655231723
Marsa Dubai,HWES+SARIMAX,Future,2026-02-01,,19697.118292283874
Me'Aisem First,HWES+SARIMAX,Train,2022-09-01,8072.89,7329.485810447774
Me'Aisem First,HWES+SARIMAX,Train,2022-10-01,6970.75,7360.730082878955
Me'Aisem First,HWES+SARIMAX,Train,2022-11-01,7256.755,7538.720611834137
Me'Aisem First,HWES+SARIMAX,Train,2022-12-01,7970.3,7720.8675062314505
Me'Aisem First,HWES+SARIMAX,Train,2023-01-01,6631.3,7130.549504407149
Me'Aisem First,HWES+SARIMAX,Train,2023-02-01,7363.719999999999,7977.196719720876
Me'Aisem First,HWES+SARIMAX,Train,2023-03-01,10340.63,9207.059141183743
Me'Aisem First,HWES+SARIMAX,Train,2023-04-01,10995.8,9922.633709215414
Me'Aisem First,HWES+SARIMAX,Train,2023-05-01,9496.12,8870.754749782782
Me'Aisem First,HWES+SARIMAX,Train,2023-06-01,9145.495,8903.195151743892
Me'Aisem First,HWES+SARIMAX,Train,2023-07-01,10256.41,10634.463342017305
Me'Aisem First,HWES+SARIMAX,Train,2023-08-01,10160.82,10248.645824603545
Me'Aisem First,HWES+SARIMAX,Train,2023-09-01,8547.925,9038.724795238257
Me'Aisem First,HWES+SARIMAX,Train,2023-10-01,8147.89,9470.111109380554
Me'Aisem First,HWES+SARIMAX,Train,2023-11-01,10082.71,9670.849976237612
Me'Aisem First,HWES+SARIMAX,Train,2023-12-01,9592.855,9770.574226802944
Me'Aisem First,HWES+SARIMAX,Train,2024-01-01,9680.21,9421.520770673265
Me'Aisem First,HWES+SARIMAX,Train,2024-02-01,10371.445,10479.673183632112
Me'Aisem First,HWES+SARIMAX,Train,2024-03-01,10312.315,10833.5877078512
Me'Aisem First,HWES+SARIMAX,Train,2024-04-01,10707.105,11243.476888927702
Me'Aisem First,HWES+SARIMAX,Train,2024-05-01,10073.32,10386.53789396876
Me'Aisem First,HWES+SARIMAX,Train,2024-06-01,10588.675,10709.830742758637
Me'Aisem First,HWES+SARIMAX,Train,2024-07-01,13045.08,12848.74087754426
Me'Aisem First,HWES+SARIMAX,Train,2024-08-01,12587.12,12489.720856396028
Me'Aisem First,HWES+SARIMAX,Train,2024-09-01,11642.765,11642.921128808804
Me'Aisem First,HWES+SARIMAX,Train,2024-10-01,12993.43,12993.651345959315
Me'Aisem First,HWES+SARIMAX,Train,2024-11-01,11653.44,11653.335405832422
Me'Aisem First,HWES+SARIMAX,Train,2024-12-01,11982.1,11982.031349258012
Me'Aisem First,HWES+SARIMAX,Train,2025-01-01,11283.595,11283.411383477513
Me'Aisem First,HWES+SARIMAX,Train,2025-02-01,12627.21,12627.037855012379
Me'Aisem First,HWES+SARIMAX,Test,2025-03-01,14318.44,13464.276528897826
Me'Aisem First,HWES+SARIMAX,Test,2025-04-01,14318.44,13989.103017578916
Me'Aisem First,HWES+SARIMAX,Test,2025-05-01,14172.34,12922.385496474017
Me'Aisem First,HWES+SARIMAX,Test,2025-06-01,14236.06,13004.831098155302
Me'Aisem First,HWES+SARIMAX,Test,2025-07-01,14245.765,14788.416565934762
Me'Aisem First,HWES+SARIMAX,Test,2025-08-01,14515.265,14511.72059506784
Me'Aisem First,HWES+SARIMAX,Future,2025-09-01,,14667.266227768581
Me'Aisem First,HWES+SARIMAX,Future,2025-10-01,,13511.60449986738
Me'Aisem First,HWES+SARIMAX,Future,2025-11-01,,13847.819000845402
Me'Aisem First,HWES+SARIMAX,Future,2025-12-01,,14556.900323003532
Me'Aisem First,HWES+SARIMAX,Future,2026-01-01,,13219.117559076829
Me'Aisem First,HWES+SARIMAX,Future,2026-02-01,,13938.3085780402
Nadd Hessa,HWES+SARIMAX,Train,2022-09-01,6014.34,7347.678435321432
Nadd Hessa,HWES+SARIMAX,Train,2022-10-01,6667.514999999999,5562.939479349217
Nadd Hessa,HWES+SARIMAX,Train,2022-11-01,10496.86,5759.007174122959
Nadd Hessa,HWES+SARIMAX,Train,2022-12-01,8240.945,7163.459562935957
Nadd Hessa,HWES+SARIMAX,Train,2023-01-01,7935.68,8877.973713563093
Nadd Hessa,HWES+SARIMAX,Train,2023-02-01,6960.525,8433.40362447734
Nadd Hessa,HWES+SARIMAX,Train,2023-03-01,5180.84,5524.13924920248
Nadd Hessa,HWES+SARIMAX,Train,2023-04-01,6912.11,6521.764086178343
Nadd Hessa,HWES+SARIMAX,Train,2023-05-01,7837.6,7457.3154727394785
Nadd Hessa,HWES+SARIMAX,Train,2023-06-01,6941.195,7249.403758478659
Nadd Hessa,HWES+SARIMAX,Train,2023-07-01,6476.47,6811.3793125048605
Nadd Hessa,HWES+SARIMAX,Train,2023-08-01,6568.47,6739.337940800756
Nadd Hessa,HWES+SARIMAX,Train,2023-09-01,8287.25,8598.38353134908
Nadd Hessa,HWES+SARIMAX,Train,2023-10-01,7144.43,7109.591202645074
Nadd Hessa,HWES+SARIMAX,Train,2023-11-01,6659.42,5878.115175461972
Nadd Hessa,HWES+SARIMAX,Train,2023-12-01,7414.42,7275.254896976709
Nadd Hessa,HWES+SARIMAX,Train,2024-01-01,8291.955,9541.08376762505
Nadd Hessa,HWES+SARIMAX,Train,2024-02-01,9191.53,9449.715977585758
Nadd Hessa,HWES+SARIMAX,Train,2024-03-01,9005.05,6843.26118573726
Nadd Hessa,HWES+SARIMAX,Train,2024-04-01,8127.24,8822.053169036277
Nadd Hessa,HWES+SARIMAX,Train,2024-05-01,7932.9,9746.593897026023
Nadd Hessa,HWES+SARIMAX,Train,2024-06-01,9033.42,9277.177189574337
Nadd Hessa,HWES+SARIMAX,Train,2024-07-01,8672.45,9086.822134838389
Nadd Hessa,HWES+SARIMAX,Train,2024-08-01,8243.57,9139.224550508286
Nadd Hessa,HWES+SARIMAX,Train,2024-09-01,9449.56,10392.823703609754
Nadd Hessa,HWES+SARIMAX,Train,2024-10-01,10032.1,9524.49236649414
Nadd Hessa,HWES+SARIMAX,Train,2024-11-01,10670.32,9962.759639888076
Nadd Hessa,HWES+SARIMAX,Train,2024-12-01,10161.875,10814.008917335683
Nadd Hessa,HWES+SARIMAX,Train,2025-01-01,15757.135,13088.91217625243
Nadd Hessa,HWES+SARIMAX,Train,2025-02-01,12977.7,14097.687550654045
Nadd Hessa,HWES+SARIMAX,Test,2025-03-01,12529.36,10625.177438518129
Nadd Hessa,HWES+SARIMAX,Test,2025-04-01,15285.81,14068.189098912091
Nadd Hessa,HWES+SARIMAX,Test,2025-05-01,14217.025,16085.828263084206
Nadd Hessa,HWES+SARIMAX,Test,2025-06-01,17963.37,15250.495351220714
Nadd Hessa,HWES+SARIMAX,Test,2025-07-01,14036.43,15443.518337373926
Nadd Hessa,HWES+SARIMAX,Test,2025-08-01,12536.725,16189.464005357528
Nadd Hessa,HWES+SARIMAX,Future,2025-09-01,,16536.90436055749
Nadd Hessa,HWES+SARIMAX,Future,2025-10-01,,16742.884211802033
Nadd Hessa,HWES+SARIMAX,Future,2025-11-01,,18637.524418751258
Nadd Hessa,HWES+SARIMAX,Future,2025-12-01,,18015.987946462912
Nadd Hessa,HWES+SARIMAX,Future,2026-01-01,,19062.110678495475
Nadd Hessa,HWES+SARIMAX,Future,2026-02-01,,19632.516197900837
Palm Jumeirah,HWES+SARIMAX,Train,2022-09-01,18699.74,18914.883646944327
Palm Jumeirah,HWES+SARIMAX,Train,2022-10-01,28144.255,22626.552524043458
Palm Jumeirah,HWES+SARIMAX,Train,2022-11-01,29845.4,26276.850364010705
Palm Jumeirah,HWES+SARIMAX,Train,2022-12-01,19913.16,23441.84914115567
Palm Jumeirah,HWES+SARIMAX,Train,2023-01-01,17442.92,16136.839849303104
Palm Jumeirah,HWES+SARIMAX,Train,2023-02-01,19715.595,19775.159128912084
Palm Jumeirah,HWES+SARIMAX,Train,2023-03-01,16809.095,18967.548039260284
Palm Jumeirah,HWES+SARIMAX,Train,2023-04-01,18221.9,18624.499131333458
Palm Jumeirah,HWES+SARIMAX,Train,2023-05-01,18075.465,19422.218753104557
Palm Jumeirah,HWES+SARIMAX,Train,2023-06-01,17005.75,18335.88065403411
Palm Jumeirah,HWES+SARIMAX,Train,2023-07-01,18065.78,20831.458316275905
Palm Jumeirah,HWES+SARIMAX,Train,2023-08-01,18268.97,20053.44931302208
Palm Jumeirah,HWES+SARIMAX,Train,2023-09-01,16851.365,18434.19078472761
Palm Jumeirah,HWES+SARIMAX,Train,2023-10-01,19330.295,18483.641118049884
Palm Jumeirah,HWES+SARIMAX,Train,2023-11-01,18714.44,19217.72034406123
Palm Jumeirah,HWES+SARIMAX,Train,2023-12-01,21819.53,22980.12830851729
Palm Jumeirah,HWES+SARIMAX,Train,2024-01-01,20169.79,20986.741502671917
Palm Jumeirah,HWES+SARIMAX,Train,2024-02-01,19680.35,20042.378596414514
Palm Jumeirah,HWES+SARIMAX,Train,2024-03-01,19800.55,18817.597158929348
Palm Jumeirah,HWES+SARIMAX,Train,2024-04-01,19689.85,20747.94844235276
Palm Jumeirah,HWES+SARIMAX,Train,2024-05-01,21013.46,20188.86161054374
Palm Jumeirah,HWES+SARIMAX,Train,2024-06-01,19887.81,19976.435092945114
Palm Jumeirah,HWES+SARIMAX,Train,2024-07-01,22818.45,21350.288204665245
Palm Jumeirah,HWES+SARIMAX,Train,2024-08-01,19522.97,20737.832390893695
Palm Jumeirah,HWES+SARIMAX,Train,2024-09-01,19888.625,18467.034302446216
Palm Jumeirah,HWES+SARIMAX,Train,2024-10-01,20995.8,24563.075641015977
Palm Jumeirah,HWES+SARIMAX,Train,2024-11-01,21996.625,22914.17935411365
Palm Jumeirah,HWES+SARIMAX,Train,2024-12-01,22105.44,20562.434709701243
Palm Jumeirah,HWES+SARIMAX,Train,2025-01-01,22120.2,21483.32729362433
Palm Jumeirah,HWES+SARIMAX,Train,2025-02-01,21755.87,21070.47883728789
Palm Jumeirah,HWES+SARIMAX,Test,2025-03-01,23012.455,15732.784127020483
Palm Jumeirah,HWES+SARIMAX,Test,2025-04-01,22624.04,17091.191990139272
Palm Jumeirah,HWES+SARIMAX,Test,2025-05-01,21628.74,17623.236567591397
Palm Jumeirah,HWES+SARIMAX,Test,2025-06-01,22191.74,17380.808515767458
Palm Jumeirah,HWES+SARIMAX,Test,2025-07-01,22474.9,17880.41307863677
Palm Jumeirah,HWES+SARIMAX,Test,2025-08-01,23333.79,18594.025265390614
Palm Jumeirah,HWES+SARIMAX,Future,2025-09-01,,21517.849579980604
Palm Jumeirah,HWES+SARIMAX,Future,2025-10-01,,25782.207992954867
Palm Jumeirah,HWES+SARIMAX,Future,2025-11-01,,26297.32017992365
Palm Jumeirah,HWES+SARIMAX,Future,2025-12-01,,24046.455311663278
Palm Jumeirah,HWES+SARIMAX,Future,2026-01-01,,22465.64798829529
Palm Jumeirah,HWES+SARIMAX,Future,2026-02-01,,22989.590148677744
Wadi Al Safa 5,HWES+SARIMAX,Train,2022-09-01,7557.645,8589.37467411242
Wadi Al Safa 5,HWES+SARIMAX,Train,2022-10-01,7694.42,7750.7541486094005
Wadi Al Safa 5,HWES+SARIMAX,Train,2022-11-01,7776.92,7148.390554932404
Wadi Al Safa 5,HWES+SARIMAX,Train,2022-12-01,8234.38,7741.277168241393
Wadi Al Safa 5,HWES+SARIMAX,Train,2023-01-01,8417.455,6981.574410003156
Wadi Al Safa 5,HWES+SARIMAX,Train,2023-02-01,5792.04,8369.91074523302
Wadi Al Safa 5,HWES+SARIMAX,Train,2023-03-01,5831.645,6208.060879891583
Wadi Al Safa 5,HWES+SARIMAX,Train,2023-04-01,8169.84,8108.363862230669
Wadi Al Safa 5,HWES+SARIMAX,Train,2023-05-01,8548.21,9024.840884098936
Wadi Al Safa 5,HWES+SARIMAX,Train,2023-06-01,8629.675,9206.663801189841
Wadi Al Safa 5,HWES+SARIMAX,Train,2023-07-01,9978.875,9334.768425847178
Wadi Al Safa 5,HWES+SARIMAX,Train,2023-08-01,9471.78,10278.566104056323
Wadi Al Safa 5,HWES+SARIMAX,Train,2023-09-01,9149.32,8934.15062750644
Wadi Al Safa 5,HWES+SARIMAX,Train,2023-10-01,8500.0,8771.55143204988
Wadi Al Safa 5,HWES+SARIMAX,Train,2023-11-01,8533.38,7556.043070068739
Wadi Al Safa 5,HWES+SARIMAX,Train,2023-12-01,8127.8,8252.573940466276
Wadi Al Safa 5,HWES+SARIMAX,Train,2024-01-01,3714.53,6446.69487513702
Wadi Al Safa 5,HWES+SARIMAX,Train,2024-02-01,8117.42,6464.211354682913
Wadi Al Safa 5,HWES+SARIMAX,Train,2024-03-01,7632.2,7100.884701546916
Wadi Al Safa 5,HWES+SARIMAX,Train,2024-04-01,9068.18,9060.72932839232
Wadi Al Safa 5,HWES+SARIMAX,Train,2024-05-01,10586.29,10048.190316266446
Wadi Al Safa 5,HWES+SARIMAX,Train,2024-06-01,11939.69,11241.27251581817
Wadi Al Safa 5,HWES+SARIMAX,Train,2024-07-01,11413.13,11982.575729347358
Wadi Al Safa 5,HWES+SARIMAX,Train,2024-08-01,13339.03,12831.68883949015
Wadi Al Safa 5,HWES+SARIMAX,Train,2024-09-01,12582.61,12385.991152071252
Wadi Al Safa 5,HWES+SARIMAX,Train,2024-10-01,13279.68,12950.634695145141
Wadi Al Safa 5,HWES+SARIMAX,Train,2024-11-01,11568.29,11613.468469425536
Wadi Al Safa 5,HWES+SARIMAX,Train,2024-12-01,12335.535,12508.514924447725
Wadi Al Safa 5,HWES+SARIMAX,Train,2025-01-01,13993.08,13996.677248403115
Wadi Al Safa 5,HWES+SARIMAX,Train,2025-02-01,13834.89,13830.262257934712
Wadi Al Safa 5,HWES+SARIMAX,Test,2025-03-01,12695.09,13635.19300997221
Wadi Al Safa 5,HWES+SARIMAX,Test,2025-04-01,13193.02,16302.565041481132
Wadi Al Safa 5,HWES+SARIMAX,Test,2025-05-01,13133.96,17453.360456760063
Wadi Al Safa 5,HWES+SARIMAX,Test,2025-06-01,13823.605,18344.015562482095
Wadi Al Safa 5,HWES+SARIMAX,Test,2025-07-01,14280.14,19995.294905212002
Wadi Al Safa 5,HWES+SARIMAX,Test,2025-08-01,15249.03,20562.022862306414
Wadi Al Safa 5,HWES+SARIMAX,Future,2025-09-01,,14335.366201716188
Wadi Al Safa 5,HWES+SARIMAX,Future,2025-10-01,,14148.762100243164
Wadi Al Safa 5,HWES+SARIMAX,Future,2025-11-01,,14605.552730397128
Wadi Al Safa 5,HWES+SARIMAX,Future,2025-12-01,,14351.96908881396
Wadi Al Safa 5,HWES+SARIMAX,Future,2026-01-01,,12039.764903125588
Wadi Al Safa 5,HWES+SARIMAX,Future,2026-02-01,,13760.679615302612
