area_name_en,forecast_quarter,forecast_price,yhat_lower,yhat_upper,growth_factor,growth_factor_lower,growth_factor_upper,past_quarter,past_median_price,actual_median,predicted_median
Al Barsha South Fifth,2024Q3,12564.724501453647,8575.188069536815,16554.260933370482,0.9321626566004598,0.6361834746812968,1.228141838519623,2022Q1,9516.71,15209.4,13013.034255359444
Al Barsha South Fifth,2024Q4,12102.708838284849,7632.822892560072,16572.59478400962,0.8978862386877052,0.566270471275868,1.2295020060995423,2022Q1,9516.71,15209.4,13013.034255359444
Al Barsha South Fifth,2025Q1,11869.26452635562,7284.802469604838,16453.726583106403,0.8805672700186319,0.5404512309116535,1.2206833091256102,2022Q1,9516.71,15209.4,13013.034255359444
Al Barsha South Fifth,2025Q2,11751.311281224624,7138.053746678032,16364.568815771214,0.8718164525754611,0.5295641096380952,1.2140687955128269,2022Q1,9516.71,15209.4,13013.034255359444
Al Barsha South Fifth,2024Q3,12564.724501453647,8575.188069536815,16554.260933370482,0.9321626566004598,0.6361834746812968,1.228141838519623,2022Q2,10330.58,15209.4,13013.034255359444
Al Barsha South Fifth,2024Q4,12102.708838284849,7632.822892560072,16572.59478400962,0.8978862386877052,0.566270471275868,1.2295020060995423,2022Q2,10330.58,15209.4,13013.034255359444
Al Barsha South Fifth,2025Q1,11869.26452635562,7284.802469604838,16453.726583106403,0.8805672700186319,0.5404512309116535,1.2206833091256102,2022Q2,10330.58,15209.4,13013.034255359444
Al Barsha South Fifth,2025Q2,11751.311281224624,7138.053746678032,16364.568815771214,0.8718164525754611,0.5295641096380952,1.2140687955128269,2022Q2,10330.58,15209.4,13013.034255359444
Al Barsha South Fifth,2024Q3,12564.724501453647,8575.188069536815,16554.260933370482,0.9321626566004598,0.6361834746812968,1.228141838519623,2022Q3,7891.37,15209.4,13013.034255359444
Al Barsha South Fifth,2024Q4,12102.708838284849,7632.822892560072,16572.59478400962,0.8978862386877052,0.566270471275868,1.2295020060995423,2022Q3,7891.37,15209.4,13013.034255359444
Al Barsha South Fifth,2025Q1,11869.26452635562,7284.802469604838,16453.726583106403,0.8805672700186319,0.5404512309116535,1.2206833091256102,2022Q3,7891.37,15209.4,13013.034255359444
Al Barsha South Fifth,2025Q2,11751.311281224624,7138.053746678032,16364.568815771214,0.8718164525754611,0.5295641096380952,1.2140687955128269,2022Q3,7891.37,15209.4,13013.034255359444
Al Barsha South Fifth,2024Q3,12564.724501453647,8575.188069536815,16554.260933370482,0.9321626566004598,0.6361834746812968,1.228141838519623,2022Q4,11069.43,15209.4,13013.034255359444
Al Barsha South Fifth,2024Q4,12102.708838284849,7632.822892560072,16572.59478400962,0.8978862386877052,0.566270471275868,1.2295020060995423,2022Q4,11069.43,15209.4,13013.034255359444
Al Barsha South Fifth,2025Q1,11869.26452635562,7284.802469604838,16453.726583106403,0.8805672700186319,0.5404512309116535,1.2206833091256102,2022Q4,11069.43,15209.4,13013.034255359444
Al Barsha South Fifth,2025Q2,11751.311281224624,7138.053746678032,16364.568815771214,0.8718164525754611,0.5295641096380952,1.2140687955128269,2022Q4,11069.43,15209.4,13013.034255359444
Al Barsha South Fifth,2024Q3,12564.724501453647,8575.188069536815,16554.260933370482,0.9321626566004598,0.6361834746812968,1.228141838519623,2023Q1,11494.24,15209.4,13013.034255359444
Al Barsha South Fifth,2024Q4,12102.708838284849,7632.822892560072,16572.59478400962,0.8978862386877052,0.566270471275868,1.2295020060995423,2023Q1,11494.24,15209.4,13013.034255359444
Al Barsha South Fifth,2025Q1,11869.26452635562,7284.802469604838,16453.726583106403,0.8805672700186319,0.5404512309116535,1.2206833091256102,2023Q1,11494.24,15209.4,13013.034255359444
Al Barsha South Fifth,2025Q2,11751.311281224624,7138.053746678032,16364.568815771214,0.8718164525754611,0.5295641096380952,1.2140687955128269,2023Q1,11494.24,15209.4,13013.034255359444
Al Barsha South Fifth,2024Q3,12564.724501453647,8575.188069536815,16554.260933370482,0.9321626566004598,0.6361834746812968,1.228141838519623,2023Q2,11290.8,15209.4,13013.034255359444
Al Barsha South Fifth,2024Q4,12102.708838284849,7632.822892560072,16572.59478400962,0.8978862386877052,0.566270471275868,1.2295020060995423,2023Q2,11290.8,15209.4,13013.034255359444
Al Barsha South Fifth,2025Q1,11869.26452635562,7284.802469604838,16453.726583106403,0.8805672700186319,0.5404512309116535,1.2206833091256102,2023Q2,11290.8,15209.4,13013.034255359444
Al Barsha South Fifth,2025Q2,11751.311281224624,7138.053746678032,16364.568815771214,0.8718164525754611,0.5295641096380952,1.2140687955128269,2023Q2,11290.8,15209.4,13013.034255359444
Al Barsha South Fifth,2024Q3,12564.724501453647,8575.188069536815,16554.260933370482,0.9321626566004598,0.6361834746812968,1.228141838519623,2023Q3,18272.47,15209.4,13013.034255359444
Al Barsha South Fifth,2024Q4,12102.708838284849,7632.822892560072,16572.59478400962,0.8978862386877052,0.566270471275868,1.2295020060995423,2023Q3,18272.47,15209.4,13013.034255359444
Al Barsha South Fifth,2025Q1,11869.26452635562,7284.802469604838,16453.726583106403,0.8805672700186319,0.5404512309116535,1.2206833091256102,2023Q3,18272.47,15209.4,13013.034255359444
Al Barsha South Fifth,2025Q2,11751.311281224624,7138.053746678032,16364.568815771214,0.8718164525754611,0.5295641096380952,1.2140687955128269,2023Q3,18272.47,15209.4,13013.034255359444
Al Barsha South Fifth,2024Q3,12564.724501453647,8575.188069536815,16554.260933370482,0.9321626566004598,0.6361834746812968,1.228141838519623,2023Q4,14444.07,15209.4,13013.034255359444
Al Barsha South Fifth,2024Q4,12102.708838284849,7632.822892560072,16572.59478400962,0.8978862386877052,0.566270471275868,1.2295020060995423,2023Q4,14444.07,15209.4,13013.034255359444
Al Barsha South Fifth,2025Q1,11869.26452635562,7284.802469604838,16453.726583106403,0.8805672700186319,0.5404512309116535,1.2206833091256102,2023Q4,14444.07,15209.4,13013.034255359444
Al Barsha South Fifth,2025Q2,11751.311281224624,7138.053746678032,16364.568815771214,0.8718164525754611,0.5295641096380952,1.2140687955128269,2023Q4,14444.07,15209.4,13013.034255359444
Al Barsha South Fifth,2024Q3,12564.724501453647,8575.188069536815,16554.260933370482,0.9321626566004598,0.6361834746812968,1.228141838519623,2024Q1,13663.154999999999,15209.4,13013.034255359444
Al Barsha South Fifth,2024Q4,12102.708838284849,7632.822892560072,16572.59478400962,0.8978862386877052,0.566270471275868,1.2295020060995423,2024Q1,13663.154999999999,15209.4,13013.034255359444
Al Barsha South Fifth,2025Q1,11869.26452635562,7284.802469604838,16453.726583106403,0.8805672700186319,0.5404512309116535,1.2206833091256102,2024Q1,13663.154999999999,15209.4,13013.034255359444
Al Barsha South Fifth,2025Q2,11751.311281224624,7138.053746678032,16364.568815771214,0.8718164525754611,0.5295641096380952,1.2140687955128269,2024Q1,13663.154999999999,15209.4,13013.034255359444
Al Barsha South Fifth,2024Q3,12564.724501453647,8575.188069536815,16554.260933370482,0.9321626566004598,0.6361834746812968,1.228141838519623,2024Q2,14170.54,15209.4,13013.034255359444
Al Barsha South Fifth,2024Q4,12102.708838284849,7632.822892560072,16572.59478400962,0.8978862386877052,0.566270471275868,1.2295020060995423,2024Q2,14170.54,15209.4,13013.034255359444
Al Barsha South Fifth,2025Q1,11869.26452635562,7284.802469604838,16453.726583106403,0.8805672700186319,0.5404512309116535,1.2206833091256102,2024Q2,14170.54,15209.4,13013.034255359444
Al Barsha South Fifth,2025Q2,11751.311281224624,7138.053746678032,16364.568815771214,0.8718164525754611,0.5295641096380952,1.2140687955128269,2024Q2,14170.54,15209.4,13013.034255359444
Al Barsha South Fourth,2024Q3,13613.330744335031,12785.888337489712,14440.77315118035,1.0325474699259194,0.9697874018909104,1.0953075379609285,2022Q1,9450.38,13530.95,11711.691061774673
Al Barsha South Fourth,2024Q4,13961.383995414106,12965.602369752352,14957.16562107586,1.058946703923135,0.9834183988018018,1.1344750090444682,2022Q1,9450.38,13530.95,11711.691061774673
Al Barsha South Fourth,2025Q1,14336.224432681503,13150.143814534642,15522.305050828363,1.0873776994227071,0.9974155465597612,1.1773398522856533,2022Q1,9450.38,13530.95,11711.691061774673
Al Barsha South Fourth,2025Q2,14702.212709055108,13366.397477678183,16038.02794043203,1.1151372739081336,1.0138180109481325,1.2164565368681346,2022Q1,9450.38,13530.95,11711.691061774673
Al Barsha South Fourth,2024Q3,13613.330744335031,12785.888337489712,14440.77315118035,1.0325474699259194,0.9697874018909104,1.0953075379609285,2022Q2,10107.82,13530.95,11711.691061774673
Al Barsha South Fourth,2024Q4,13961.383995414106,12965.602369752352,14957.16562107586,1.058946703923135,0.9834183988018018,1.1344750090444682,2022Q2,10107.82,13530.95,11711.691061774673
Al Barsha South Fourth,2025Q1,14336.224432681503,13150.143814534642,15522.305050828363,1.0873776994227071,0.9974155465597612,1.1773398522856533,2022Q2,10107.82,13530.95,11711.691061774673
Al Barsha South Fourth,2025Q2,14702.212709055108,13366.397477678183,16038.02794043203,1.1151372739081336,1.0138180109481325,1.2164565368681346,2022Q2,10107.82,13530.95,11711.691061774673
Al Barsha South Fourth,2024Q3,13613.330744335031,12785.888337489712,14440.77315118035,1.0325474699259194,0.9697874018909104,1.0953075379609285,2022Q3,10149.265,13530.95,11711.691061774673
Al Barsha South Fourth,2024Q4,13961.383995414106,12965.602369752352,14957.16562107586,1.058946703923135,0.9834183988018018,1.1344750090444682,2022Q3,10149.265,13530.95,11711.691061774673
Al Barsha South Fourth,2025Q1,14336.224432681503,13150.143814534642,15522.305050828363,1.0873776994227071,0.9974155465597612,1.1773398522856533,2022Q3,10149.265,13530.95,11711.691061774673
Al Barsha South Fourth,2025Q2,14702.212709055108,13366.397477678183,16038.02794043203,1.1151372739081336,1.0138180109481325,1.2164565368681346,2022Q3,10149.265,13530.95,11711.691061774673
Al Barsha South Fourth,2024Q3,13613.330744335031,12785.888337489712,14440.77315118035,1.0325474699259194,0.9697874018909104,1.0953075379609285,2022Q4,9633.275000000001,13530.95,11711.691061774673
Al Barsha South Fourth,2024Q4,13961.383995414106,12965.602369752352,14957.16562107586,1.058946703923135,0.9834183988018018,1.1344750090444682,2022Q4,9633.275000000001,13530.95,11711.691061774673
Al Barsha South Fourth,2025Q1,14336.224432681503,13150.143814534642,15522.305050828363,1.0873776994227071,0.9974155465597612,1.1773398522856533,2022Q4,9633.275000000001,13530.95,11711.691061774673
Al Barsha South Fourth,2025Q2,14702.212709055108,13366.397477678183,16038.02794043203,1.1151372739081336,1.0138180109481325,1.2164565368681346,2022Q4,9633.275000000001,13530.95,11711.691061774673
Al Barsha South Fourth,2024Q3,13613.330744335031,12785.888337489712,14440.77315118035,1.0325474699259194,0.9697874018909104,1.0953075379609285,2023Q1,11273.81,13530.95,11711.691061774673
Al Barsha South Fourth,2024Q4,13961.383995414106,12965.602369752352,14957.16562107586,1.058946703923135,0.9834183988018018,1.1344750090444682,2023Q1,11273.81,13530.95,11711.691061774673
Al Barsha South Fourth,2025Q1,14336.224432681503,13150.143814534642,15522.305050828363,1.0873776994227071,0.9974155465597612,1.1773398522856533,2023Q1,11273.81,13530.95,11711.691061774673
Al Barsha South Fourth,2025Q2,14702.212709055108,13366.397477678183,16038.02794043203,1.1151372739081336,1.0138180109481325,1.2164565368681346,2023Q1,11273.81,13530.95,11711.691061774673
Al Barsha South Fourth,2024Q3,13613.330744335031,12785.888337489712,14440.77315118035,1.0325474699259194,0.9697874018909104,1.0953075379609285,2023Q2,11381.724999999999,13530.95,11711.691061774673
Al Barsha South Fourth,2024Q4,13961.383995414106,12965.602369752352,14957.16562107586,1.058946703923135,0.9834183988018018,1.1344750090444682,2023Q2,11381.724999999999,13530.95,11711.691061774673
Al Barsha South Fourth,2025Q1,14336.224432681503,13150.143814534642,15522.305050828363,1.0873776994227071,0.9974155465597612,1.1773398522856533,2023Q2,11381.724999999999,13530.95,11711.691061774673
Al Barsha South Fourth,2025Q2,14702.212709055108,13366.397477678183,16038.02794043203,1.1151372739081336,1.0138180109481325,1.2164565368681346,2023Q2,11381.724999999999,13530.95,11711.691061774673
Al Barsha South Fourth,2024Q3,13613.330744335031,12785.888337489712,14440.77315118035,1.0325474699259194,0.9697874018909104,1.0953075379609285,2023Q3,12497.815,13530.95,11711.691061774673
Al Barsha South Fourth,2024Q4,13961.383995414106,12965.602369752352,14957.16562107586,1.058946703923135,0.9834183988018018,1.1344750090444682,2023Q3,12497.815,13530.95,11711.691061774673
Al Barsha South Fourth,2025Q1,14336.224432681503,13150.143814534642,15522.305050828363,1.0873776994227071,0.9974155465597612,1.1773398522856533,2023Q3,12497.815,13530.95,11711.691061774673
Al Barsha South Fourth,2025Q2,14702.212709055108,13366.397477678183,16038.02794043203,1.1151372739081336,1.0138180109481325,1.2164565368681346,2023Q3,12497.815,13530.95,11711.691061774673
Al Barsha South Fourth,2024Q3,13613.330744335031,12785.888337489712,14440.77315118035,1.0325474699259194,0.9697874018909104,1.0953075379609285,2023Q4,12999.49,13530.95,11711.691061774673
Al Barsha South Fourth,2024Q4,13961.383995414106,12965.602369752352,14957.16562107586,1.058946703923135,0.9834183988018018,1.1344750090444682,2023Q4,12999.49,13530.95,11711.691061774673
Al Barsha South Fourth,2025Q1,14336.224432681503,13150.143814534642,15522.305050828363,1.0873776994227071,0.9974155465597612,1.1773398522856533,2023Q4,12999.49,13530.95,11711.691061774673
Al Barsha South Fourth,2025Q2,14702.212709055108,13366.397477678183,16038.02794043203,1.1151372739081336,1.0138180109481325,1.2164565368681346,2023Q4,12999.49,13530.95,11711.691061774673
Al Barsha South Fourth,2024Q3,13613.330744335031,12785.888337489712,14440.77315118035,1.0325474699259194,0.9697874018909104,1.0953075379609285,2024Q1,13230.3,13530.95,11711.691061774673
Al Barsha South Fourth,2024Q4,13961.383995414106,12965.602369752352,14957.16562107586,1.058946703923135,0.9834183988018018,1.1344750090444682,2024Q1,13230.3,13530.95,11711.691061774673
Al Barsha South Fourth,2025Q1,14336.224432681503,13150.143814534642,15522.305050828363,1.0873776994227071,0.9974155465597612,1.1773398522856533,2024Q1,13230.3,13530.95,11711.691061774673
Al Barsha South Fourth,2025Q2,14702.212709055108,13366.397477678183,16038.02794043203,1.1151372739081336,1.0138180109481325,1.2164565368681346,2024Q1,13230.3,13530.95,11711.691061774673
Al Barsha South Fourth,2024Q3,13613.330744335031,12785.888337489712,14440.77315118035,1.0325474699259194,0.9697874018909104,1.0953075379609285,2024Q2,13297.2,13530.95,11711.691061774673
Al Barsha South Fourth,2024Q4,13961.383995414106,12965.602369752352,14957.16562107586,1.058946703923135,0.9834183988018018,1.1344750090444682,2024Q2,13297.2,13530.95,11711.691061774673
Al Barsha South Fourth,2025Q1,14336.224432681503,13150.143814534642,15522.305050828363,1.0873776994227071,0.9974155465597612,1.1773398522856533,2024Q2,13297.2,13530.95,11711.691061774673
Al Barsha South Fourth,2025Q2,14702.212709055108,13366.397477678183,16038.02794043203,1.1151372739081336,1.0138180109481325,1.2164565368681346,2024Q2,13297.2,13530.95,11711.691061774673
Al Barshaa South Third,2024Q3,13430.09043859649,11424.28468077054,15435.89619642244,1.0,0.8506483804411694,1.1493516195588305,2022Q1,12275.86,14020.41,12183.746465557588
Al Barshaa South Third,2024Q4,13430.09043859649,10593.452732392989,16266.728144799992,1.0,0.788784914057515,1.2112150859424848,2022Q1,12275.86,14020.41,12183.746465557588
Al Barshaa South Third,2025Q1,13430.09043859649,9955.932955927748,16904.247921265232,1.0,0.7413154067314077,1.2586845932685922,2022Q1,12275.86,14020.41,12183.746465557588
Al Barshaa South Third,2025Q2,13430.09043859649,9418.478922944589,17441.70195424839,1.0,0.7012967608823389,1.2987032391176612,2022Q1,12275.86,14020.41,12183.746465557588
Al Barshaa South Third,2024Q3,13430.09043859649,11424.28468077054,15435.89619642244,1.0,0.8506483804411694,1.1493516195588305,2022Q2,12285.76,14020.41,12183.746465557588
Al Barshaa South Third,2024Q4,13430.09043859649,10593.452732392989,16266.728144799992,1.0,0.788784914057515,1.2112150859424848,2022Q2,12285.76,14020.41,12183.746465557588
Al Barshaa South Third,2025Q1,13430.09043859649,9955.932955927748,16904.247921265232,1.0,0.7413154067314077,1.2586845932685922,2022Q2,12285.76,14020.41,12183.746465557588
Al Barshaa South Third,2025Q2,13430.09043859649,9418.478922944589,17441.70195424839,1.0,0.7012967608823389,1.2987032391176612,2022Q2,12285.76,14020.41,12183.746465557588
Al Barshaa South Third,2024Q3,13430.09043859649,11424.28468077054,15435.89619642244,1.0,0.8506483804411694,1.1493516195588305,2022Q3,12115.69,14020.41,12183.746465557588
Al Barshaa South Third,2024Q4,13430.09043859649,10593.452732392989,16266.728144799992,1.0,0.788784914057515,1.2112150859424848,2022Q3,12115.69,14020.41,12183.746465557588
Al Barshaa South Third,2025Q1,13430.09043859649,9955.932955927748,16904.247921265232,1.0,0.7413154067314077,1.2586845932685922,2022Q3,12115.69,14020.41,12183.746465557588
Al Barshaa South Third,2025Q2,13430.09043859649,9418.478922944589,17441.70195424839,1.0,0.7012967608823389,1.2987032391176612,2022Q3,12115.69,14020.41,12183.746465557588
Al Barshaa South Third,2024Q3,13430.09043859649,11424.28468077054,15435.89619642244,1.0,0.8506483804411694,1.1493516195588305,2022Q4,10598.779999999999,14020.41,12183.746465557588
Al Barshaa South Third,2024Q4,13430.09043859649,10593.452732392989,16266.728144799992,1.0,0.788784914057515,1.2112150859424848,2022Q4,10598.779999999999,14020.41,12183.746465557588
Al Barshaa South Third,2025Q1,13430.09043859649,9955.932955927748,16904.247921265232,1.0,0.7413154067314077,1.2586845932685922,2022Q4,10598.779999999999,14020.41,12183.746465557588
Al Barshaa South Third,2025Q2,13430.09043859649,9418.478922944589,17441.70195424839,1.0,0.7012967608823389,1.2987032391176612,2022Q4,10598.779999999999,14020.41,12183.746465557588
Al Barshaa South Third,2024Q3,13430.09043859649,11424.28468077054,15435.89619642244,1.0,0.8506483804411694,1.1493516195588305,2023Q1,11071.150000000001,14020.41,12183.746465557588
Al Barshaa South Third,2024Q4,13430.09043859649,10593.452732392989,16266.728144799992,1.0,0.788784914057515,1.2112150859424848,2023Q1,11071.150000000001,14020.41,12183.746465557588
Al Barshaa South Third,2025Q1,13430.09043859649,9955.932955927748,16904.247921265232,1.0,0.7413154067314077,1.2586845932685922,2023Q1,11071.150000000001,14020.41,12183.746465557588
Al Barshaa South Third,2025Q2,13430.09043859649,9418.478922944589,17441.70195424839,1.0,0.7012967608823389,1.2987032391176612,2023Q1,11071.150000000001,14020.41,12183.746465557588
Al Barshaa South Third,2024Q3,13430.09043859649,11424.28468077054,15435.89619642244,1.0,0.8506483804411694,1.1493516195588305,2023Q2,13828.98,14020.41,12183.746465557588
Al Barshaa South Third,2024Q4,13430.09043859649,10593.452732392989,16266.728144799992,1.0,0.788784914057515,1.2112150859424848,2023Q2,13828.98,14020.41,12183.746465557588
Al Barshaa South Third,2025Q1,13430.09043859649,9955.932955927748,16904.247921265232,1.0,0.7413154067314077,1.2586845932685922,2023Q2,13828.98,14020.41,12183.746465557588
Al Barshaa South Third,2025Q2,13430.09043859649,9418.478922944589,17441.70195424839,1.0,0.7012967608823389,1.2987032391176612,2023Q2,13828.98,14020.41,12183.746465557588
Al Barshaa South Third,2024Q3,13430.09043859649,11424.28468077054,15435.89619642244,1.0,0.8506483804411694,1.1493516195588305,2023Q3,14505.77,14020.41,12183.746465557588
Al Barshaa South Third,2024Q4,13430.09043859649,10593.452732392989,16266.728144799992,1.0,0.788784914057515,1.2112150859424848,2023Q3,14505.77,14020.41,12183.746465557588
Al Barshaa South Third,2025Q1,13430.09043859649,9955.932955927748,16904.247921265232,1.0,0.7413154067314077,1.2586845932685922,2023Q3,14505.77,14020.41,12183.746465557588
Al Barshaa South Third,2025Q2,13430.09043859649,9418.478922944589,17441.70195424839,1.0,0.7012967608823389,1.2987032391176612,2023Q3,14505.77,14020.41,12183.746465557588
Al Barshaa South Third,2024Q3,13430.09043859649,11424.28468077054,15435.89619642244,1.0,0.8506483804411694,1.1493516195588305,2023Q4,12263.34,14020.41,12183.746465557588
Al Barshaa South Third,2024Q4,13430.09043859649,10593.452732392989,16266.728144799992,1.0,0.788784914057515,1.2112150859424848,2023Q4,12263.34,14020.41,12183.746465557588
Al Barshaa South Third,2025Q1,13430.09043859649,9955.932955927748,16904.247921265232,1.0,0.7413154067314077,1.2586845932685922,2023Q4,12263.34,14020.41,12183.746465557588
Al Barshaa South Third,2025Q2,13430.09043859649,9418.478922944589,17441.70195424839,1.0,0.7012967608823389,1.2987032391176612,2023Q4,12263.34,14020.41,12183.746465557588
Al Barshaa South Third,2024Q3,13430.09043859649,11424.28468077054,15435.89619642244,1.0,0.8506483804411694,1.1493516195588305,2024Q1,13332.97,14020.41,12183.746465557588
Al Barshaa South Third,2024Q4,13430.09043859649,10593.452732392989,16266.728144799992,1.0,0.788784914057515,1.2112150859424848,2024Q1,13332.97,14020.41,12183.746465557588
Al Barshaa South Third,2025Q1,13430.09043859649,9955.932955927748,16904.247921265232,1.0,0.7413154067314077,1.2586845932685922,2024Q1,13332.97,14020.41,12183.746465557588
Al Barshaa South Third,2025Q2,13430.09043859649,9418.478922944589,17441.70195424839,1.0,0.7012967608823389,1.2987032391176612,2024Q1,13332.97,14020.41,12183.746465557588
Al Barshaa South Third,2024Q3,13430.09043859649,11424.28468077054,15435.89619642244,1.0,0.8506483804411694,1.1493516195588305,2024Q2,13928.91,14020.41,12183.746465557588
Al Barshaa South Third,2024Q4,13430.09043859649,10593.452732392989,16266.728144799992,1.0,0.788784914057515,1.2112150859424848,2024Q2,13928.91,14020.41,12183.746465557588
Al Barshaa South Third,2025Q1,13430.09043859649,9955.932955927748,16904.247921265232,1.0,0.7413154067314077,1.2586845932685922,2024Q2,13928.91,14020.41,12183.746465557588
Al Barshaa South Third,2025Q2,13430.09043859649,9418.478922944589,17441.70195424839,1.0,0.7012967608823389,1.2987032391176612,2024Q2,13928.91,14020.41,12183.746465557588
Al Hebiah Fourth,2024Q3,11766.22222564353,9504.19068796378,14028.253763323282,0.9569667029515172,0.7729918619980651,1.1409415439049695,2022Q1,6572.094999999999,9684.61,9030.025685010682
Al Hebiah Fourth,2024Q4,11505.732427341944,7208.730108420086,15802.734746263804,0.9357806282154914,0.5862981806758119,1.2852630757551708,2022Q1,6572.094999999999,9684.61,9030.025685010682
Al Hebiah Fourth,2025Q1,11251.009555222608,5662.877403652075,16839.14170679314,0.9150635873145364,0.4605713723799045,1.369555802249168,2022Q1,6572.094999999999,9684.61,9030.025685010682
Al Hebiah Fourth,2025Q2,11001.925936578917,4411.679029445384,17592.172843712448,0.8948051964120433,0.358809297863469,1.4308010949606178,2022Q1,6572.094999999999,9684.61,9030.025685010682
Al Hebiah Fourth,2024Q3,11766.22222564353,9504.19068796378,14028.253763323282,0.9569667029515172,0.7729918619980651,1.1409415439049695,2022Q2,5993.725,9684.61,9030.025685010682
Al Hebiah Fourth,2024Q4,11505.732427341944,7208.730108420086,15802.734746263804,0.9357806282154914,0.5862981806758119,1.2852630757551708,2022Q2,5993.725,9684.61,9030.025685010682
Al Hebiah Fourth,2025Q1,11251.009555222608,5662.877403652075,16839.14170679314,0.9150635873145364,0.4605713723799045,1.369555802249168,2022Q2,5993.725,9684.61,9030.025685010682
Al Hebiah Fourth,2025Q2,11001.925936578917,4411.679029445384,17592.172843712448,0.8948051964120433,0.358809297863469,1.4308010949606178,2022Q2,5993.725,9684.61,9030.025685010682
Al Hebiah Fourth,2024Q3,11766.22222564353,9504.19068796378,14028.253763323282,0.9569667029515172,0.7729918619980651,1.1409415439049695,2022Q3,6286.56,9684.61,9030.025685010682
Al Hebiah Fourth,2024Q4,11505.732427341944,7208.730108420086,15802.734746263804,0.9357806282154914,0.5862981806758119,1.2852630757551708,2022Q3,6286.56,9684.61,9030.025685010682
Al Hebiah Fourth,2025Q1,11251.009555222608,5662.877403652075,16839.14170679314,0.9150635873145364,0.4605713723799045,1.369555802249168,2022Q3,6286.56,9684.61,9030.025685010682
Al Hebiah Fourth,2025Q2,11001.925936578917,4411.679029445384,17592.172843712448,0.8948051964120433,0.358809297863469,1.4308010949606178,2022Q3,6286.56,9684.61,9030.025685010682
Al Hebiah Fourth,2024Q3,11766.22222564353,9504.19068796378,14028.253763323282,0.9569667029515172,0.7729918619980651,1.1409415439049695,2022Q4,6312.005,9684.61,9030.025685010682
Al Hebiah Fourth,2024Q4,11505.732427341944,7208.730108420086,15802.734746263804,0.9357806282154914,0.5862981806758119,1.2852630757551708,2022Q4,6312.005,9684.61,9030.025685010682
Al Hebiah Fourth,2025Q1,11251.009555222608,5662.877403652075,16839.14170679314,0.9150635873145364,0.4605713723799045,1.369555802249168,2022Q4,6312.005,9684.61,9030.025685010682
Al Hebiah Fourth,2025Q2,11001.925936578917,4411.679029445384,17592.172843712448,0.8948051964120433,0.358809297863469,1.4308010949606178,2022Q4,6312.005,9684.61,9030.025685010682
Al Hebiah Fourth,2024Q3,11766.22222564353,9504.19068796378,14028.253763323282,0.9569667029515172,0.7729918619980651,1.1409415439049695,2023Q1,6472.49,9684.61,9030.025685010682
Al Hebiah Fourth,2024Q4,11505.732427341944,7208.730108420086,15802.734746263804,0.9357806282154914,0.5862981806758119,1.2852630757551708,2023Q1,6472.49,9684.61,9030.025685010682
Al Hebiah Fourth,2025Q1,11251.009555222608,5662.877403652075,16839.14170679314,0.9150635873145364,0.4605713723799045,1.369555802249168,2023Q1,6472.49,9684.61,9030.025685010682
Al Hebiah Fourth,2025Q2,11001.925936578917,4411.679029445384,17592.172843712448,0.8948051964120433,0.358809297863469,1.4308010949606178,2023Q1,6472.49,9684.61,9030.025685010682
Al Hebiah Fourth,2024Q3,11766.22222564353,9504.19068796378,14028.253763323282,0.9569667029515172,0.7729918619980651,1.1409415439049695,2023Q2,6873.18,9684.61,9030.025685010682
Al Hebiah Fourth,2024Q4,11505.732427341944,7208.730108420086,15802.734746263804,0.9357806282154914,0.5862981806758119,1.2852630757551708,2023Q2,6873.18,9684.61,9030.025685010682
Al Hebiah Fourth,2025Q1,11251.009555222608,5662.877403652075,16839.14170679314,0.9150635873145364,0.4605713723799045,1.369555802249168,2023Q2,6873.18,9684.61,9030.025685010682
Al Hebiah Fourth,2025Q2,11001.925936578917,4411.679029445384,17592.172843712448,0.8948051964120433,0.358809297863469,1.4308010949606178,2023Q2,6873.18,9684.61,9030.025685010682
Al Hebiah Fourth,2024Q3,11766.22222564353,9504.19068796378,14028.253763323282,0.9569667029515172,0.7729918619980651,1.1409415439049695,2023Q3,7963.73,9684.61,9030.025685010682
Al Hebiah Fourth,2024Q4,11505.732427341944,7208.730108420086,15802.734746263804,0.9357806282154914,0.5862981806758119,1.2852630757551708,2023Q3,7963.73,9684.61,9030.025685010682
Al Hebiah Fourth,2025Q1,11251.009555222608,5662.877403652075,16839.14170679314,0.9150635873145364,0.4605713723799045,1.369555802249168,2023Q3,7963.73,9684.61,9030.025685010682
Al Hebiah Fourth,2025Q2,11001.925936578917,4411.679029445384,17592.172843712448,0.8948051964120433,0.358809297863469,1.4308010949606178,2023Q3,7963.73,9684.61,9030.025685010682
Al Hebiah Fourth,2024Q3,11766.22222564353,9504.19068796378,14028.253763323282,0.9569667029515172,0.7729918619980651,1.1409415439049695,2023Q4,8433.61,9684.61,9030.025685010682
Al Hebiah Fourth,2024Q4,11505.732427341944,7208.730108420086,15802.734746263804,0.9357806282154914,0.5862981806758119,1.2852630757551708,2023Q4,8433.61,9684.61,9030.025685010682
Al Hebiah Fourth,2025Q1,11251.009555222608,5662.877403652075,16839.14170679314,0.9150635873145364,0.4605713723799045,1.369555802249168,2023Q4,8433.61,9684.61,9030.025685010682
Al Hebiah Fourth,2025Q2,11001.925936578917,4411.679029445384,17592.172843712448,0.8948051964120433,0.358809297863469,1.4308010949606178,2023Q4,8433.61,9684.61,9030.025685010682
Al Hebiah Fourth,2024Q3,11766.22222564353,9504.19068796378,14028.253763323282,0.9569667029515172,0.7729918619980651,1.1409415439049695,2024Q1,10345.689999999999,9684.61,9030.025685010682
Al Hebiah Fourth,2024Q4,11505.732427341944,7208.730108420086,15802.734746263804,0.9357806282154914,0.5862981806758119,1.2852630757551708,2024Q1,10345.689999999999,9684.61,9030.025685010682
Al Hebiah Fourth,2025Q1,11251.009555222608,5662.877403652075,16839.14170679314,0.9150635873145364,0.4605713723799045,1.369555802249168,2024Q1,10345.689999999999,9684.61,9030.025685010682
Al Hebiah Fourth,2025Q2,11001.925936578917,4411.679029445384,17592.172843712448,0.8948051964120433,0.358809297863469,1.4308010949606178,2024Q1,10345.689999999999,9684.61,9030.025685010682
Al Hebiah Fourth,2024Q3,11766.22222564353,9504.19068796378,14028.253763323282,0.9569667029515172,0.7729918619980651,1.1409415439049695,2024Q2,12275.36,9684.61,9030.025685010682
Al Hebiah Fourth,2024Q4,11505.732427341944,7208.730108420086,15802.734746263804,0.9357806282154914,0.5862981806758119,1.2852630757551708,2024Q2,12275.36,9684.61,9030.025685010682
Al Hebiah Fourth,2025Q1,11251.009555222608,5662.877403652075,16839.14170679314,0.9150635873145364,0.4605713723799045,1.369555802249168,2024Q2,12275.36,9684.61,9030.025685010682
Al Hebiah Fourth,2025Q2,11001.925936578917,4411.679029445384,17592.172843712448,0.8948051964120433,0.358809297863469,1.4308010949606178,2024Q2,12275.36,9684.61,9030.025685010682
Al Khairan First,2024Q3,23682.106301141022,22438.102639875426,24926.10996240662,1.023413597046487,0.9696544319821244,1.0771727621108498,2022Q1,18641.535,25605.0,21802.737023622278
Al Khairan First,2024Q4,23929.25326341109,22596.498997738032,25262.00752908416,1.0340939629919663,0.9764994728876042,1.0916884530963284,2022Q1,18641.535,25605.0,21802.737023622278
Al Khairan First,2025Q1,24422.74157448108,23085.358175479854,25760.124973482307,1.0554198805902757,0.9976253441754064,1.1132144170051448,2022Q1,18641.535,25605.0,21802.737023622278
Al Khairan First,2025Q2,25291.38339419582,23864.12775595099,26718.63903244065,1.0929579204062876,1.0312795879105567,1.1546362529020184,2022Q1,18641.535,25605.0,21802.737023622278
Al Khairan First,2024Q3,23682.106301141022,22438.102639875426,24926.10996240662,1.023413597046487,0.9696544319821244,1.0771727621108498,2022Q2,19133.13,25605.0,21802.737023622278
Al Khairan First,2024Q4,23929.25326341109,22596.498997738032,25262.00752908416,1.0340939629919663,0.9764994728876042,1.0916884530963284,2022Q2,19133.13,25605.0,21802.737023622278
Al Khairan First,2025Q1,24422.74157448108,23085.358175479854,25760.124973482307,1.0554198805902757,0.9976253441754064,1.1132144170051448,2022Q2,19133.13,25605.0,21802.737023622278
Al Khairan First,2025Q2,25291.38339419582,23864.12775595099,26718.63903244065,1.0929579204062876,1.0312795879105567,1.1546362529020184,2022Q2,19133.13,25605.0,21802.737023622278
Al Khairan First,2024Q3,23682.106301141022,22438.102639875426,24926.10996240662,1.023413597046487,0.9696544319821244,1.0771727621108498,2022Q3,18590.295,25605.0,21802.737023622278
Al Khairan First,2024Q4,23929.25326341109,22596.498997738032,25262.00752908416,1.0340939629919663,0.9764994728876042,1.0916884530963284,2022Q3,18590.295,25605.0,21802.737023622278
Al Khairan First,2025Q1,24422.74157448108,23085.358175479854,25760.124973482307,1.0554198805902757,0.9976253441754064,1.1132144170051448,2022Q3,18590.295,25605.0,21802.737023622278
Al Khairan First,2025Q2,25291.38339419582,23864.12775595099,26718.63903244065,1.0929579204062876,1.0312795879105567,1.1546362529020184,2022Q3,18590.295,25605.0,21802.737023622278
Al Khairan First,2024Q3,23682.106301141022,22438.102639875426,24926.10996240662,1.023413597046487,0.9696544319821244,1.0771727621108498,2022Q4,19220.68,25605.0,21802.737023622278
Al Khairan First,2024Q4,23929.25326341109,22596.498997738032,25262.00752908416,1.0340939629919663,0.9764994728876042,1.0916884530963284,2022Q4,19220.68,25605.0,21802.737023622278
Al Khairan First,2025Q1,24422.74157448108,23085.358175479854,25760.124973482307,1.0554198805902757,0.9976253441754064,1.1132144170051448,2022Q4,19220.68,25605.0,21802.737023622278
Al Khairan First,2025Q2,25291.38339419582,23864.12775595099,26718.63903244065,1.0929579204062876,1.0312795879105567,1.1546362529020184,2022Q4,19220.68,25605.0,21802.737023622278
Al Khairan First,2024Q3,23682.106301141022,22438.102639875426,24926.10996240662,1.023413597046487,0.9696544319821244,1.0771727621108498,2023Q1,21576.28,25605.0,21802.737023622278
Al Khairan First,2024Q4,23929.25326341109,22596.498997738032,25262.00752908416,1.0340939629919663,0.9764994728876042,1.0916884530963284,2023Q1,21576.28,25605.0,21802.737023622278
Al Khairan First,2025Q1,24422.74157448108,23085.358175479854,25760.124973482307,1.0554198805902757,0.9976253441754064,1.1132144170051448,2023Q1,21576.28,25605.0,21802.737023622278
Al Khairan First,2025Q2,25291.38339419582,23864.12775595099,26718.63903244065,1.0929579204062876,1.0312795879105567,1.1546362529020184,2023Q1,21576.28,25605.0,21802.737023622278
Al Khairan First,2024Q3,23682.106301141022,22438.102639875426,24926.10996240662,1.023413597046487,0.9696544319821244,1.0771727621108498,2023Q2,21813.89,25605.0,21802.737023622278
Al Khairan First,2024Q4,23929.25326341109,22596.498997738032,25262.00752908416,1.0340939629919663,0.9764994728876042,1.0916884530963284,2023Q2,21813.89,25605.0,21802.737023622278
Al Khairan First,2025Q1,24422.74157448108,23085.358175479854,25760.124973482307,1.0554198805902757,0.9976253441754064,1.1132144170051448,2023Q2,21813.89,25605.0,21802.737023622278
Al Khairan First,2025Q2,25291.38339419582,23864.12775595099,26718.63903244065,1.0929579204062876,1.0312795879105567,1.1546362529020184,2023Q2,21813.89,25605.0,21802.737023622278
Al Khairan First,2024Q3,23682.106301141022,22438.102639875426,24926.10996240662,1.023413597046487,0.9696544319821244,1.0771727621108498,2023Q3,22599.55,25605.0,21802.737023622278
Al Khairan First,2024Q4,23929.25326341109,22596.498997738032,25262.00752908416,1.0340939629919663,0.9764994728876042,1.0916884530963284,2023Q3,22599.55,25605.0,21802.737023622278
Al Khairan First,2025Q1,24422.74157448108,23085.358175479854,25760.124973482307,1.0554198805902757,0.9976253441754064,1.1132144170051448,2023Q3,22599.55,25605.0,21802.737023622278
Al Khairan First,2025Q2,25291.38339419582,23864.12775595099,26718.63903244065,1.0929579204062876,1.0312795879105567,1.1546362529020184,2023Q3,22599.55,25605.0,21802.737023622278
Al Khairan First,2024Q3,23682.106301141022,22438.102639875426,24926.10996240662,1.023413597046487,0.9696544319821244,1.0771727621108498,2023Q4,21206.35,25605.0,21802.737023622278
Al Khairan First,2024Q4,23929.25326341109,22596.498997738032,25262.00752908416,1.0340939629919663,0.9764994728876042,1.0916884530963284,2023Q4,21206.35,25605.0,21802.737023622278
Al Khairan First,2025Q1,24422.74157448108,23085.358175479854,25760.124973482307,1.0554198805902757,0.9976253441754064,1.1132144170051448,2023Q4,21206.35,25605.0,21802.737023622278
Al Khairan First,2025Q2,25291.38339419582,23864.12775595099,26718.63903244065,1.0929579204062876,1.0312795879105567,1.1546362529020184,2023Q4,21206.35,25605.0,21802.737023622278
Al Khairan First,2024Q3,23682.106301141022,22438.102639875426,24926.10996240662,1.023413597046487,0.9696544319821244,1.0771727621108498,2024Q1,23369.245000000003,25605.0,21802.737023622278
Al Khairan First,2024Q4,23929.25326341109,22596.498997738032,25262.00752908416,1.0340939629919663,0.9764994728876042,1.0916884530963284,2024Q1,23369.245000000003,25605.0,21802.737023622278
Al Khairan First,2025Q1,24422.74157448108,23085.358175479854,25760.124973482307,1.0554198805902757,0.9976253441754064,1.1132144170051448,2024Q1,23369.245000000003,25605.0,21802.737023622278
Al Khairan First,2025Q2,25291.38339419582,23864.12775595099,26718.63903244065,1.0929579204062876,1.0312795879105567,1.1546362529020184,2024Q1,23369.245000000003,25605.0,21802.737023622278
Al Khairan First,2024Q3,23682.106301141022,22438.102639875426,24926.10996240662,1.023413597046487,0.9696544319821244,1.0771727621108498,2024Q2,24169.18,25605.0,21802.737023622278
Al Khairan First,2024Q4,23929.25326341109,22596.498997738032,25262.00752908416,1.0340939629919663,0.9764994728876042,1.0916884530963284,2024Q2,24169.18,25605.0,21802.737023622278
Al Khairan First,2025Q1,24422.74157448108,23085.358175479854,25760.124973482307,1.0554198805902757,0.9976253441754064,1.1132144170051448,2024Q2,24169.18,25605.0,21802.737023622278
Al Khairan First,2025Q2,25291.38339419582,23864.12775595099,26718.63903244065,1.0929579204062876,1.0312795879105567,1.1546362529020184,2024Q2,24169.18,25605.0,21802.737023622278
Al Merkadh,2024Q3,19020.482132752997,17280.303182606698,20760.66108289929,1.0,0.9085102607809434,1.0914897392190566,2022Q1,16625.89,19946.445,18285.862996456184
Al Merkadh,2024Q4,19020.482132752997,16559.497460499926,21481.46680500606,1.0,0.8706139699784324,1.1293860300215677,2022Q1,16625.89,19946.445,18285.862996456184
Al Merkadh,2025Q1,19020.482132752997,16006.403776837738,22034.56048866825,1.0,0.841535123301367,1.158464876698633,2022Q1,16625.89,19946.445,18285.862996456184
Al Merkadh,2025Q2,19020.482132752997,15540.1242324604,22500.840033045588,1.0,0.8170205215618868,1.1829794784381131,2022Q1,16625.89,19946.445,18285.862996456184
Al Merkadh,2024Q3,19020.482132752997,17280.303182606698,20760.66108289929,1.0,0.9085102607809434,1.0914897392190566,2022Q2,18298.56,19946.445,18285.862996456184
Al Merkadh,2024Q4,19020.482132752997,16559.497460499926,21481.46680500606,1.0,0.8706139699784324,1.1293860300215677,2022Q2,18298.56,19946.445,18285.862996456184
Al Merkadh,2025Q1,19020.482132752997,16006.403776837738,22034.56048866825,1.0,0.841535123301367,1.158464876698633,2022Q2,18298.56,19946.445,18285.862996456184
Al Merkadh,2025Q2,19020.482132752997,15540.1242324604,22500.840033045588,1.0,0.8170205215618868,1.1829794784381131,2022Q2,18298.56,19946.445,18285.862996456184
Al Merkadh,2024Q3,19020.482132752997,17280.303182606698,20760.66108289929,1.0,0.9085102607809434,1.0914897392190566,2022Q3,16481.85,19946.445,18285.862996456184
Al Merkadh,2024Q4,19020.482132752997,16559.497460499926,21481.46680500606,1.0,0.8706139699784324,1.1293860300215677,2022Q3,16481.85,19946.445,18285.862996456184
Al Merkadh,2025Q1,19020.482132752997,16006.403776837738,22034.56048866825,1.0,0.841535123301367,1.158464876698633,2022Q3,16481.85,19946.445,18285.862996456184
Al Merkadh,2025Q2,19020.482132752997,15540.1242324604,22500.840033045588,1.0,0.8170205215618868,1.1829794784381131,2022Q3,16481.85,19946.445,18285.862996456184
Al Merkadh,2024Q3,19020.482132752997,17280.303182606698,20760.66108289929,1.0,0.9085102607809434,1.0914897392190566,2022Q4,19985.265,19946.445,18285.862996456184
Al Merkadh,2024Q4,19020.482132752997,16559.497460499926,21481.46680500606,1.0,0.8706139699784324,1.1293860300215677,2022Q4,19985.265,19946.445,18285.862996456184
Al Merkadh,2025Q1,19020.482132752997,16006.403776837738,22034.56048866825,1.0,0.841535123301367,1.158464876698633,2022Q4,19985.265,19946.445,18285.862996456184
Al Merkadh,2025Q2,19020.482132752997,15540.1242324604,22500.840033045588,1.0,0.8170205215618868,1.1829794784381131,2022Q4,19985.265,19946.445,18285.862996456184
Al Merkadh,2024Q3,19020.482132752997,17280.303182606698,20760.66108289929,1.0,0.9085102607809434,1.0914897392190566,2023Q1,19374.92,19946.445,18285.862996456184
Al Merkadh,2024Q4,19020.482132752997,16559.497460499926,21481.46680500606,1.0,0.8706139699784324,1.1293860300215677,2023Q1,19374.92,19946.445,18285.862996456184
Al Merkadh,2025Q1,19020.482132752997,16006.403776837738,22034.56048866825,1.0,0.841535123301367,1.158464876698633,2023Q1,19374.92,19946.445,18285.862996456184
Al Merkadh,2025Q2,19020.482132752997,15540.1242324604,22500.840033045588,1.0,0.8170205215618868,1.1829794784381131,2023Q1,19374.92,19946.445,18285.862996456184
Al Merkadh,2024Q3,19020.482132752997,17280.303182606698,20760.66108289929,1.0,0.9085102607809434,1.0914897392190566,2023Q2,18034.545,19946.445,18285.862996456184
Al Merkadh,2024Q4,19020.482132752997,16559.497460499926,21481.46680500606,1.0,0.8706139699784324,1.1293860300215677,2023Q2,18034.545,19946.445,18285.862996456184
Al Merkadh,2025Q1,19020.482132752997,16006.403776837738,22034.56048866825,1.0,0.841535123301367,1.158464876698633,2023Q2,18034.545,19946.445,18285.862996456184
Al Merkadh,2025Q2,19020.482132752997,15540.1242324604,22500.840033045588,1.0,0.8170205215618868,1.1829794784381131,2023Q2,18034.545,19946.445,18285.862996456184
Al Merkadh,2024Q3,19020.482132752997,17280.303182606698,20760.66108289929,1.0,0.9085102607809434,1.0914897392190566,2023Q3,19913.16,19946.445,18285.862996456184
Al Merkadh,2024Q4,19020.482132752997,16559.497460499926,21481.46680500606,1.0,0.8706139699784324,1.1293860300215677,2023Q3,19913.16,19946.445,18285.862996456184
Al Merkadh,2025Q1,19020.482132752997,16006.403776837738,22034.56048866825,1.0,0.841535123301367,1.158464876698633,2023Q3,19913.16,19946.445,18285.862996456184
Al Merkadh,2025Q2,19020.482132752997,15540.1242324604,22500.840033045588,1.0,0.8170205215618868,1.1829794784381131,2023Q3,19913.16,19946.445,18285.862996456184
Al Merkadh,2024Q3,19020.482132752997,17280.303182606698,20760.66108289929,1.0,0.9085102607809434,1.0914897392190566,2023Q4,18875.385000000002,19946.445,18285.862996456184
Al Merkadh,2024Q4,19020.482132752997,16559.497460499926,21481.46680500606,1.0,0.8706139699784324,1.1293860300215677,2023Q4,18875.385000000002,19946.445,18285.862996456184
Al Merkadh,2025Q1,19020.482132752997,16006.403776837738,22034.56048866825,1.0,0.841535123301367,1.158464876698633,2023Q4,18875.385000000002,19946.445,18285.862996456184
Al Merkadh,2025Q2,19020.482132752997,15540.1242324604,22500.840033045588,1.0,0.8170205215618868,1.1829794784381131,2023Q4,18875.385000000002,19946.445,18285.862996456184
Al Merkadh,2024Q3,19020.482132752997,17280.303182606698,20760.66108289929,1.0,0.9085102607809434,1.0914897392190566,2024Q1,18314.375,19946.445,18285.862996456184
Al Merkadh,2024Q4,19020.482132752997,16559.497460499926,21481.46680500606,1.0,0.8706139699784324,1.1293860300215677,2024Q1,18314.375,19946.445,18285.862996456184
Al Merkadh,2025Q1,19020.482132752997,16006.403776837738,22034.56048866825,1.0,0.841535123301367,1.158464876698633,2024Q1,18314.375,19946.445,18285.862996456184
Al Merkadh,2025Q2,19020.482132752997,15540.1242324604,22500.840033045588,1.0,0.8170205215618868,1.1829794784381131,2024Q1,18314.375,19946.445,18285.862996456184
Al Merkadh,2024Q3,19020.482132752997,17280.303182606698,20760.66108289929,1.0,0.9085102607809434,1.0914897392190566,2024Q2,18961.135000000002,19946.445,18285.862996456184
Al Merkadh,2024Q4,19020.482132752997,16559.497460499926,21481.46680500606,1.0,0.8706139699784324,1.1293860300215677,2024Q2,18961.135000000002,19946.445,18285.862996456184
Al Merkadh,2025Q1,19020.482132752997,16006.403776837738,22034.56048866825,1.0,0.841535123301367,1.158464876698633,2024Q2,18961.135000000002,19946.445,18285.862996456184
Al Merkadh,2025Q2,19020.482132752997,15540.1242324604,22500.840033045588,1.0,0.8170205215618868,1.1829794784381131,2024Q2,18961.135000000002,19946.445,18285.862996456184
Al Thanyah Fifth,2024Q3,15553.805135135137,12381.207764404431,18726.40250586584,1.0,0.7960243591091424,1.2039756408908575,2022Q1,10138.689999999999,20167.245000000003,15575.349826815926
Al Thanyah Fifth,2024Q4,15553.805135135137,11067.074905498554,20040.53536477172,1.0,0.711534882258405,1.288465117741595,2022Q1,10138.689999999999,20167.245000000003,15575.349826815926
Al Thanyah Fifth,2025Q1,15553.805135135137,10058.705297070126,21048.904973200144,1.0,0.6467038264706108,1.3532961735293894,2022Q1,10138.689999999999,20167.245000000003,15575.349826815926
Al Thanyah Fifth,2025Q2,15553.805135135137,9208.61039367373,21898.99987659654,1.0,0.5920487182182846,1.4079512817817152,2022Q1,10138.689999999999,20167.245000000003,15575.349826815926
Al Thanyah Fifth,2024Q3,15553.805135135137,12381.207764404431,18726.40250586584,1.0,0.7960243591091424,1.2039756408908575,2022Q2,10359.05,20167.245000000003,15575.349826815926
Al Thanyah Fifth,2024Q4,15553.805135135137,11067.074905498554,20040.53536477172,1.0,0.711534882258405,1.288465117741595,2022Q2,10359.05,20167.245000000003,15575.349826815926
Al Thanyah Fifth,2025Q1,15553.805135135137,10058.705297070126,21048.904973200144,1.0,0.6467038264706108,1.3532961735293894,2022Q2,10359.05,20167.245000000003,15575.349826815926
Al Thanyah Fifth,2025Q2,15553.805135135137,9208.61039367373,21898.99987659654,1.0,0.5920487182182846,1.4079512817817152,2022Q2,10359.05,20167.245000000003,15575.349826815926
Al Thanyah Fifth,2024Q3,15553.805135135137,12381.207764404431,18726.40250586584,1.0,0.7960243591091424,1.2039756408908575,2022Q3,9931.5,20167.245000000003,15575.349826815926
Al Thanyah Fifth,2024Q4,15553.805135135137,11067.074905498554,20040.53536477172,1.0,0.711534882258405,1.288465117741595,2022Q3,9931.5,20167.245000000003,15575.349826815926
Al Thanyah Fifth,2025Q1,15553.805135135137,10058.705297070126,21048.904973200144,1.0,0.6467038264706108,1.3532961735293894,2022Q3,9931.5,20167.245000000003,15575.349826815926
Al Thanyah Fifth,2025Q2,15553.805135135137,9208.61039367373,21898.99987659654,1.0,0.5920487182182846,1.4079512817817152,2022Q3,9931.5,20167.245000000003,15575.349826815926
Al Thanyah Fifth,2024Q3,15553.805135135137,12381.207764404431,18726.40250586584,1.0,0.7960243591091424,1.2039756408908575,2022Q4,10928.8,20167.245000000003,15575.349826815926
Al Thanyah Fifth,2024Q4,15553.805135135137,11067.074905498554,20040.53536477172,1.0,0.711534882258405,1.288465117741595,2022Q4,10928.8,20167.245000000003,15575.349826815926
Al Thanyah Fifth,2025Q1,15553.805135135137,10058.705297070126,21048.904973200144,1.0,0.6467038264706108,1.3532961735293894,2022Q4,10928.8,20167.245000000003,15575.349826815926
Al Thanyah Fifth,2025Q2,15553.805135135137,9208.61039367373,21898.99987659654,1.0,0.5920487182182846,1.4079512817817152,2022Q4,10928.8,20167.245000000003,15575.349826815926
Al Thanyah Fifth,2024Q3,15553.805135135137,12381.207764404431,18726.40250586584,1.0,0.7960243591091424,1.2039756408908575,2023Q1,11487.83,20167.245000000003,15575.349826815926
Al Thanyah Fifth,2024Q4,15553.805135135137,11067.074905498554,20040.53536477172,1.0,0.711534882258405,1.288465117741595,2023Q1,11487.83,20167.245000000003,15575.349826815926
Al Thanyah Fifth,2025Q1,15553.805135135137,10058.705297070126,21048.904973200144,1.0,0.6467038264706108,1.3532961735293894,2023Q1,11487.83,20167.245000000003,15575.349826815926
Al Thanyah Fifth,2025Q2,15553.805135135137,9208.61039367373,21898.99987659654,1.0,0.5920487182182846,1.4079512817817152,2023Q1,11487.83,20167.245000000003,15575.349826815926
Al Thanyah Fifth,2024Q3,15553.805135135137,12381.207764404431,18726.40250586584,1.0,0.7960243591091424,1.2039756408908575,2023Q2,15328.44,20167.245000000003,15575.349826815926
Al Thanyah Fifth,2024Q4,15553.805135135137,11067.074905498554,20040.53536477172,1.0,0.711534882258405,1.288465117741595,2023Q2,15328.44,20167.245000000003,15575.349826815926
Al Thanyah Fifth,2025Q1,15553.805135135137,10058.705297070126,21048.904973200144,1.0,0.6467038264706108,1.3532961735293894,2023Q2,15328.44,20167.245000000003,15575.349826815926
Al Thanyah Fifth,2025Q2,15553.805135135137,9208.61039367373,21898.99987659654,1.0,0.5920487182182846,1.4079512817817152,2023Q2,15328.44,20167.245000000003,15575.349826815926
Al Thanyah Fifth,2024Q3,15553.805135135137,12381.207764404431,18726.40250586584,1.0,0.7960243591091424,1.2039756408908575,2023Q3,21129.614999999998,20167.245000000003,15575.349826815926
Al Thanyah Fifth,2024Q4,15553.805135135137,11067.074905498554,20040.53536477172,1.0,0.711534882258405,1.288465117741595,2023Q3,21129.614999999998,20167.245000000003,15575.349826815926
Al Thanyah Fifth,2025Q1,15553.805135135137,10058.705297070126,21048.904973200144,1.0,0.6467038264706108,1.3532961735293894,2023Q3,21129.614999999998,20167.245000000003,15575.349826815926
Al Thanyah Fifth,2025Q2,15553.805135135137,9208.61039367373,21898.99987659654,1.0,0.5920487182182846,1.4079512817817152,2023Q3,21129.614999999998,20167.245000000003,15575.349826815926
Al Thanyah Fifth,2024Q3,15553.805135135137,12381.207764404431,18726.40250586584,1.0,0.7960243591091424,1.2039756408908575,2023Q4,13963.83,20167.245000000003,15575.349826815926
Al Thanyah Fifth,2024Q4,15553.805135135137,11067.074905498554,20040.53536477172,1.0,0.711534882258405,1.288465117741595,2023Q4,13963.83,20167.245000000003,15575.349826815926
Al Thanyah Fifth,2025Q1,15553.805135135137,10058.705297070126,21048.904973200144,1.0,0.6467038264706108,1.3532961735293894,2023Q4,13963.83,20167.245000000003,15575.349826815926
Al Thanyah Fifth,2025Q2,15553.805135135137,9208.61039367373,21898.99987659654,1.0,0.5920487182182846,1.4079512817817152,2023Q4,13963.83,20167.245000000003,15575.349826815926
Al Thanyah Fifth,2024Q3,15553.805135135137,12381.207764404431,18726.40250586584,1.0,0.7960243591091424,1.2039756408908575,2024Q1,15940.9,20167.245000000003,15575.349826815926
Al Thanyah Fifth,2024Q4,15553.805135135137,11067.074905498554,20040.53536477172,1.0,0.711534882258405,1.288465117741595,2024Q1,15940.9,20167.245000000003,15575.349826815926
Al Thanyah Fifth,2025Q1,15553.805135135137,10058.705297070126,21048.904973200144,1.0,0.6467038264706108,1.3532961735293894,2024Q1,15940.9,20167.245000000003,15575.349826815926
Al Thanyah Fifth,2025Q2,15553.805135135137,9208.61039367373,21898.99987659654,1.0,0.5920487182182846,1.4079512817817152,2024Q1,15940.9,20167.245000000003,15575.349826815926
Al Thanyah Fifth,2024Q3,15553.805135135137,12381.207764404431,18726.40250586584,1.0,0.7960243591091424,1.2039756408908575,2024Q2,14551.15,20167.245000000003,15575.349826815926
Al Thanyah Fifth,2024Q4,15553.805135135137,11067.074905498554,20040.53536477172,1.0,0.711534882258405,1.288465117741595,2024Q2,14551.15,20167.245000000003,15575.349826815926
Al Thanyah Fifth,2025Q1,15553.805135135137,10058.705297070126,21048.904973200144,1.0,0.6467038264706108,1.3532961735293894,2024Q2,14551.15,20167.245000000003,15575.349826815926
Al Thanyah Fifth,2025Q2,15553.805135135137,9208.61039367373,21898.99987659654,1.0,0.5920487182182846,1.4079512817817152,2024Q2,14551.15,20167.245000000003,15575.349826815926
Al Warsan First,2024Q3,6547.779748628724,5783.315153903886,7312.244343353561,0.999740492418375,0.8830190632153418,1.1164619216214082,,,,
Al Warsan First,2024Q4,6310.497380792557,5219.394654586022,7401.600106999092,0.9635112971232208,0.7969174869075977,1.1301051073388435,,,,
Al Warsan First,2025Q1,6069.49453002643,4867.823730857886,7271.165329194973,0.9267140440162236,0.7432382701499542,1.1101898178824932,,,,
Al Warsan First,2025Q2,5913.869615950431,4692.56907996958,7135.170151931281,0.902952626527572,0.7164797080565395,1.089425544998604,,,,
Al Yelayiss 2,2024Q3,11920.41341740227,10052.69874774232,13788.128087062218,1.0,0.8433179618641979,1.156682038135802,2022Q1,7366.475,12633.21,10827.409247047603
Al Yelayiss 2,2024Q4,11920.41341740227,9279.066000925986,14561.760833878552,1.0,0.7784181366880903,1.2215818633119095,2022Q1,7366.475,12633.21,10827.409247047603
Al Yelayiss 2,2025Q1,11920.41341740227,8685.436715509517,15155.390119295022,1.0,0.7286187493153465,1.2713812506846536,2022Q1,7366.475,12633.21,10827.409247047603
Al Yelayiss 2,2025Q2,11920.41341740227,8184.984078082374,15655.842756722164,1.0,0.6866359237283961,1.313364076271604,2022Q1,7366.475,12633.21,10827.409247047603
Al Yelayiss 2,2024Q3,11920.41341740227,10052.69874774232,13788.128087062218,1.0,0.8433179618641979,1.156682038135802,2022Q2,7968.915,12633.21,10827.409247047603
Al Yelayiss 2,2024Q4,11920.41341740227,9279.066000925986,14561.760833878552,1.0,0.7784181366880903,1.2215818633119095,2022Q2,7968.915,12633.21,10827.409247047603
Al Yelayiss 2,2025Q1,11920.41341740227,8685.436715509517,15155.390119295022,1.0,0.7286187493153465,1.2713812506846536,2022Q2,7968.915,12633.21,10827.409247047603
Al Yelayiss 2,2025Q2,11920.41341740227,8184.984078082374,15655.842756722164,1.0,0.6866359237283961,1.313364076271604,2022Q2,7968.915,12633.21,10827.409247047603
Al Yelayiss 2,2024Q3,11920.41341740227,10052.69874774232,13788.128087062218,1.0,0.8433179618641979,1.156682038135802,2022Q3,8315.86,12633.21,10827.409247047603
Al Yelayiss 2,2024Q4,11920.41341740227,9279.066000925986,14561.760833878552,1.0,0.7784181366880903,1.2215818633119095,2022Q3,8315.86,12633.21,10827.409247047603
Al Yelayiss 2,2025Q1,11920.41341740227,8685.436715509517,15155.390119295022,1.0,0.7286187493153465,1.2713812506846536,2022Q3,8315.86,12633.21,10827.409247047603
Al Yelayiss 2,2025Q2,11920.41341740227,8184.984078082374,15655.842756722164,1.0,0.6866359237283961,1.313364076271604,2022Q3,8315.86,12633.21,10827.409247047603
Al Yelayiss 2,2024Q3,11920.41341740227,10052.69874774232,13788.128087062218,1.0,0.8433179618641979,1.156682038135802,2022Q4,8512.01,12633.21,10827.409247047603
Al Yelayiss 2,2024Q4,11920.41341740227,9279.066000925986,14561.760833878552,1.0,0.7784181366880903,1.2215818633119095,2022Q4,8512.01,12633.21,10827.409247047603
Al Yelayiss 2,2025Q1,11920.41341740227,8685.436715509517,15155.390119295022,1.0,0.7286187493153465,1.2713812506846536,2022Q4,8512.01,12633.21,10827.409247047603
Al Yelayiss 2,2025Q2,11920.41341740227,8184.984078082374,15655.842756722164,1.0,0.6866359237283961,1.313364076271604,2022Q4,8512.01,12633.21,10827.409247047603
Al Yelayiss 2,2024Q3,11920.41341740227,10052.69874774232,13788.128087062218,1.0,0.8433179618641979,1.156682038135802,2023Q1,12483.6,12633.21,10827.409247047603
Al Yelayiss 2,2024Q4,11920.41341740227,9279.066000925986,14561.760833878552,1.0,0.7784181366880903,1.2215818633119095,2023Q1,12483.6,12633.21,10827.409247047603
Al Yelayiss 2,2025Q1,11920.41341740227,8685.436715509517,15155.390119295022,1.0,0.7286187493153465,1.2713812506846536,2023Q1,12483.6,12633.21,10827.409247047603
Al Yelayiss 2,2025Q2,11920.41341740227,8184.984078082374,15655.842756722164,1.0,0.6866359237283961,1.313364076271604,2023Q1,12483.6,12633.21,10827.409247047603
Al Yelayiss 2,2024Q3,11920.41341740227,10052.69874774232,13788.128087062218,1.0,0.8433179618641979,1.156682038135802,2023Q2,10667.825,12633.21,10827.409247047603
Al Yelayiss 2,2024Q4,11920.41341740227,9279.066000925986,14561.760833878552,1.0,0.7784181366880903,1.2215818633119095,2023Q2,10667.825,12633.21,10827.409247047603
Al Yelayiss 2,2025Q1,11920.41341740227,8685.436715509517,15155.390119295022,1.0,0.7286187493153465,1.2713812506846536,2023Q2,10667.825,12633.21,10827.409247047603
Al Yelayiss 2,2025Q2,11920.41341740227,8184.984078082374,15655.842756722164,1.0,0.6866359237283961,1.313364076271604,2023Q2,10667.825,12633.21,10827.409247047603
Al Yelayiss 2,2024Q3,11920.41341740227,10052.69874774232,13788.128087062218,1.0,0.8433179618641979,1.156682038135802,2023Q3,11101.71,12633.21,10827.409247047603
Al Yelayiss 2,2024Q4,11920.41341740227,9279.066000925986,14561.760833878552,1.0,0.7784181366880903,1.2215818633119095,2023Q3,11101.71,12633.21,10827.409247047603
Al Yelayiss 2,2025Q1,11920.41341740227,8685.436715509517,15155.390119295022,1.0,0.7286187493153465,1.2713812506846536,2023Q3,11101.71,12633.21,10827.409247047603
Al Yelayiss 2,2025Q2,11920.41341740227,8184.984078082374,15655.842756722164,1.0,0.6866359237283961,1.313364076271604,2023Q3,11101.71,12633.21,10827.409247047603
Al Yelayiss 2,2024Q3,11920.41341740227,10052.69874774232,13788.128087062218,1.0,0.8433179618641979,1.156682038135802,2023Q4,11457.24,12633.21,10827.409247047603
Al Yelayiss 2,2024Q4,11920.41341740227,9279.066000925986,14561.760833878552,1.0,0.7784181366880903,1.2215818633119095,2023Q4,11457.24,12633.21,10827.409247047603
Al Yelayiss 2,2025Q1,11920.41341740227,8685.436715509517,15155.390119295022,1.0,0.7286187493153465,1.2713812506846536,2023Q4,11457.24,12633.21,10827.409247047603
Al Yelayiss 2,2025Q2,11920.41341740227,8184.984078082374,15655.842756722164,1.0,0.6866359237283961,1.313364076271604,2023Q4,11457.24,12633.21,10827.409247047603
Al Yelayiss 2,2024Q3,11920.41341740227,10052.69874774232,13788.128087062218,1.0,0.8433179618641979,1.156682038135802,2024Q1,12394.325,12633.21,10827.409247047603
Al Yelayiss 2,2024Q4,11920.41341740227,9279.066000925986,14561.760833878552,1.0,0.7784181366880903,1.2215818633119095,2024Q1,12394.325,12633.21,10827.409247047603
Al Yelayiss 2,2025Q1,11920.41341740227,8685.436715509517,15155.390119295022,1.0,0.7286187493153465,1.2713812506846536,2024Q1,12394.325,12633.21,10827.409247047603
Al Yelayiss 2,2025Q2,11920.41341740227,8184.984078082374,15655.842756722164,1.0,0.6866359237283961,1.313364076271604,2024Q1,12394.325,12633.21,10827.409247047603
Al Yelayiss 2,2024Q3,11920.41341740227,10052.69874774232,13788.128087062218,1.0,0.8433179618641979,1.156682038135802,2024Q2,12307.165,12633.21,10827.409247047603
Al Yelayiss 2,2024Q4,11920.41341740227,9279.066000925986,14561.760833878552,1.0,0.7784181366880903,1.2215818633119095,2024Q2,12307.165,12633.21,10827.409247047603
Al Yelayiss 2,2025Q1,11920.41341740227,8685.436715509517,15155.390119295022,1.0,0.7286187493153465,1.2713812506846536,2024Q2,12307.165,12633.21,10827.409247047603
Al Yelayiss 2,2025Q2,11920.41341740227,8184.984078082374,15655.842756722164,1.0,0.6866359237283961,1.313364076271604,2024Q2,12307.165,12633.21,10827.409247047603
Burj Khalifa,2024Q3,21240.12989327641,18250.040083606003,24230.219702946823,1.0,0.8592245045254207,1.1407754954745792,2022Q1,17574.39,22670.795,19772.578517562735
Burj Khalifa,2024Q4,21240.12989327641,17011.504331726934,25468.755454825896,1.0,0.8009133850500577,1.1990866149499424,2022Q1,17574.39,22670.795,19772.578517562735
Burj Khalifa,2025Q1,21240.12989327641,16061.14242373331,26419.11736281952,1.0,0.7561696893773461,1.2438303106226538,2022Q1,17574.39,22670.795,19772.578517562735
Burj Khalifa,2025Q2,21240.12989327641,15259.950273935596,27220.309512617237,1.0,0.7184490090508415,1.2815509909491585,2022Q1,17574.39,22670.795,19772.578517562735
Burj Khalifa,2024Q3,21240.12989327641,18250.040083606003,24230.219702946823,1.0,0.8592245045254207,1.1407754954745792,2022Q2,23097.7,22670.795,19772.578517562735
Burj Khalifa,2024Q4,21240.12989327641,17011.504331726934,25468.755454825896,1.0,0.8009133850500577,1.1990866149499424,2022Q2,23097.7,22670.795,19772.578517562735
Burj Khalifa,2025Q1,21240.12989327641,16061.14242373331,26419.11736281952,1.0,0.7561696893773461,1.2438303106226538,2022Q2,23097.7,22670.795,19772.578517562735
Burj Khalifa,2025Q2,21240.12989327641,15259.950273935596,27220.309512617237,1.0,0.7184490090508415,1.2815509909491585,2022Q2,23097.7,22670.795,19772.578517562735
Burj Khalifa,2024Q3,21240.12989327641,18250.040083606003,24230.219702946823,1.0,0.8592245045254207,1.1407754954745792,2022Q3,23480.96,22670.795,19772.578517562735
Burj Khalifa,2024Q4,21240.12989327641,17011.504331726934,25468.755454825896,1.0,0.8009133850500577,1.1990866149499424,2022Q3,23480.96,22670.795,19772.578517562735
Burj Khalifa,2025Q1,21240.12989327641,16061.14242373331,26419.11736281952,1.0,0.7561696893773461,1.2438303106226538,2022Q3,23480.96,22670.795,19772.578517562735
Burj Khalifa,2025Q2,21240.12989327641,15259.950273935596,27220.309512617237,1.0,0.7184490090508415,1.2815509909491585,2022Q3,23480.96,22670.795,19772.578517562735
Burj Khalifa,2024Q3,21240.12989327641,18250.040083606003,24230.219702946823,1.0,0.8592245045254207,1.1407754954745792,2022Q4,20460.81,22670.795,19772.578517562735
Burj Khalifa,2024Q4,21240.12989327641,17011.504331726934,25468.755454825896,1.0,0.8009133850500577,1.1990866149499424,2022Q4,20460.81,22670.795,19772.578517562735
Burj Khalifa,2025Q1,21240.12989327641,16061.14242373331,26419.11736281952,1.0,0.7561696893773461,1.2438303106226538,2022Q4,20460.81,22670.795,19772.578517562735
Burj Khalifa,2025Q2,21240.12989327641,15259.950273935596,27220.309512617237,1.0,0.7184490090508415,1.2815509909491585,2022Q4,20460.81,22670.795,19772.578517562735
Burj Khalifa,2024Q3,21240.12989327641,18250.040083606003,24230.219702946823,1.0,0.8592245045254207,1.1407754954745792,2023Q1,23803.23,22670.795,19772.578517562735
Burj Khalifa,2024Q4,21240.12989327641,17011.504331726934,25468.755454825896,1.0,0.8009133850500577,1.1990866149499424,2023Q1,23803.23,22670.795,19772.578517562735
Burj Khalifa,2025Q1,21240.12989327641,16061.14242373331,26419.11736281952,1.0,0.7561696893773461,1.2438303106226538,2023Q1,23803.23,22670.795,19772.578517562735
Burj Khalifa,2025Q2,21240.12989327641,15259.950273935596,27220.309512617237,1.0,0.7184490090508415,1.2815509909491585,2023Q1,23803.23,22670.795,19772.578517562735
Burj Khalifa,2024Q3,21240.12989327641,18250.040083606003,24230.219702946823,1.0,0.8592245045254207,1.1407754954745792,2023Q2,20968.91,22670.795,19772.578517562735
Burj Khalifa,2024Q4,21240.12989327641,17011.504331726934,25468.755454825896,1.0,0.8009133850500577,1.1990866149499424,2023Q2,20968.91,22670.795,19772.578517562735
Burj Khalifa,2025Q1,21240.12989327641,16061.14242373331,26419.11736281952,1.0,0.7561696893773461,1.2438303106226538,2023Q2,20968.91,22670.795,19772.578517562735
Burj Khalifa,2025Q2,21240.12989327641,15259.950273935596,27220.309512617237,1.0,0.7184490090508415,1.2815509909491585,2023Q2,20968.91,22670.795,19772.578517562735
Burj Khalifa,2024Q3,21240.12989327641,18250.040083606003,24230.219702946823,1.0,0.8592245045254207,1.1407754954745792,2023Q3,20667.765,22670.795,19772.578517562735
Burj Khalifa,2024Q4,21240.12989327641,17011.504331726934,25468.755454825896,1.0,0.8009133850500577,1.1990866149499424,2023Q3,20667.765,22670.795,19772.578517562735
Burj Khalifa,2025Q1,21240.12989327641,16061.14242373331,26419.11736281952,1.0,0.7561696893773461,1.2438303106226538,2023Q3,20667.765,22670.795,19772.578517562735
Burj Khalifa,2025Q2,21240.12989327641,15259.950273935596,27220.309512617237,1.0,0.7184490090508415,1.2815509909491585,2023Q3,20667.765,22670.795,19772.578517562735
Burj Khalifa,2024Q3,21240.12989327641,18250.040083606003,24230.219702946823,1.0,0.8592245045254207,1.1407754954745792,2023Q4,23906.755,22670.795,19772.578517562735
Burj Khalifa,2024Q4,21240.12989327641,17011.504331726934,25468.755454825896,1.0,0.8009133850500577,1.1990866149499424,2023Q4,23906.755,22670.795,19772.578517562735
Burj Khalifa,2025Q1,21240.12989327641,16061.14242373331,26419.11736281952,1.0,0.7561696893773461,1.2438303106226538,2023Q4,23906.755,22670.795,19772.578517562735
Burj Khalifa,2025Q2,21240.12989327641,15259.950273935596,27220.309512617237,1.0,0.7184490090508415,1.2815509909491585,2023Q4,23906.755,22670.795,19772.578517562735
Burj Khalifa,2024Q3,21240.12989327641,18250.040083606003,24230.219702946823,1.0,0.8592245045254207,1.1407754954745792,2024Q1,21999.51,22670.795,19772.578517562735
Burj Khalifa,2024Q4,21240.12989327641,17011.504331726934,25468.755454825896,1.0,0.8009133850500577,1.1990866149499424,2024Q1,21999.51,22670.795,19772.578517562735
Burj Khalifa,2025Q1,21240.12989327641,16061.14242373331,26419.11736281952,1.0,0.7561696893773461,1.2438303106226538,2024Q1,21999.51,22670.795,19772.578517562735
Burj Khalifa,2025Q2,21240.12989327641,15259.950273935596,27220.309512617237,1.0,0.7184490090508415,1.2815509909491585,2024Q1,21999.51,22670.795,19772.578517562735
Burj Khalifa,2024Q3,21240.12989327641,18250.040083606003,24230.219702946823,1.0,0.8592245045254207,1.1407754954745792,2024Q2,21101.27,22670.795,19772.578517562735
Burj Khalifa,2024Q4,21240.12989327641,17011.504331726934,25468.755454825896,1.0,0.8009133850500577,1.1990866149499424,2024Q2,21101.27,22670.795,19772.578517562735
Burj Khalifa,2025Q1,21240.12989327641,16061.14242373331,26419.11736281952,1.0,0.7561696893773461,1.2438303106226538,2024Q2,21101.27,22670.795,19772.578517562735
Burj Khalifa,2025Q2,21240.12989327641,15259.950273935596,27220.309512617237,1.0,0.7184490090508415,1.2815509909491585,2024Q2,21101.27,22670.795,19772.578517562735
Business Bay,2024Q3,24016.507804714605,21353.077846923028,26679.937762506182,1.036478366260858,0.9215329481447356,1.1514237843769806,2022Q1,16924.114999999998,23819.7,20605.743437533834
Business Bay,2024Q4,24808.842743256457,21557.31110051948,28060.374385993437,1.0706730972062972,0.9303470251431506,1.2109991692694435,2022Q1,16924.114999999998,23819.7,20605.743437533834
Business Bay,2025Q1,25601.177681798312,21852.70373799425,29349.65162560237,1.1048678281517366,0.9430952598484156,1.2666403964550572,2022Q1,16924.114999999998,23819.7,20605.743437533834
Business Bay,2025Q2,26393.512620340167,22206.6694430721,30580.355797608237,1.139062559097176,0.9583713274055584,1.3197537907887933,2022Q1,16924.114999999998,23819.7,20605.743437533834
Business Bay,2024Q3,24016.507804714605,21353.077846923028,26679.937762506182,1.036478366260858,0.9215329481447356,1.1514237843769806,2022Q2,18099.55,23819.7,20605.743437533834
Business Bay,2024Q4,24808.842743256457,21557.31110051948,28060.374385993437,1.0706730972062972,0.9303470251431506,1.2109991692694435,2022Q2,18099.55,23819.7,20605.743437533834
Business Bay,2025Q1,25601.177681798312,21852.70373799425,29349.65162560237,1.1048678281517366,0.9430952598484156,1.2666403964550572,2022Q2,18099.55,23819.7,20605.743437533834
Business Bay,2025Q2,26393.512620340167,22206.6694430721,30580.355797608237,1.139062559097176,0.9583713274055584,1.3197537907887933,2022Q2,18099.55,23819.7,20605.743437533834
Business Bay,2024Q3,24016.507804714605,21353.077846923028,26679.937762506182,1.036478366260858,0.9215329481447356,1.1514237843769806,2022Q3,19458.875,23819.7,20605.743437533834
Business Bay,2024Q4,24808.842743256457,21557.31110051948,28060.374385993437,1.0706730972062972,0.9303470251431506,1.2109991692694435,2022Q3,19458.875,23819.7,20605.743437533834
Business Bay,2025Q1,25601.177681798312,21852.70373799425,29349.65162560237,1.1048678281517366,0.9430952598484156,1.2666403964550572,2022Q3,19458.875,23819.7,20605.743437533834
Business Bay,2025Q2,26393.512620340167,22206.6694430721,30580.355797608237,1.139062559097176,0.9583713274055584,1.3197537907887933,2022Q3,19458.875,23819.7,20605.743437533834
Business Bay,2024Q3,24016.507804714605,21353.077846923028,26679.937762506182,1.036478366260858,0.9215329481447356,1.1514237843769806,2022Q4,21474.25,23819.7,20605.743437533834
Business Bay,2024Q4,24808.842743256457,21557.31110051948,28060.374385993437,1.0706730972062972,0.9303470251431506,1.2109991692694435,2022Q4,21474.25,23819.7,20605.743437533834
Business Bay,2025Q1,25601.177681798312,21852.70373799425,29349.65162560237,1.1048678281517366,0.9430952598484156,1.2666403964550572,2022Q4,21474.25,23819.7,20605.743437533834
Business Bay,2025Q2,26393.512620340167,22206.6694430721,30580.355797608237,1.139062559097176,0.9583713274055584,1.3197537907887933,2022Q4,21474.25,23819.7,20605.743437533834
Business Bay,2024Q3,24016.507804714605,21353.077846923028,26679.937762506182,1.036478366260858,0.9215329481447356,1.1514237843769806,2023Q1,22335.12,23819.7,20605.743437533834
Business Bay,2024Q4,24808.842743256457,21557.31110051948,28060.374385993437,1.0706730972062972,0.9303470251431506,1.2109991692694435,2023Q1,22335.12,23819.7,20605.743437533834
Business Bay,2025Q1,25601.177681798312,21852.70373799425,29349.65162560237,1.1048678281517366,0.9430952598484156,1.2666403964550572,2023Q1,22335.12,23819.7,20605.743437533834
Business Bay,2025Q2,26393.512620340167,22206.6694430721,30580.355797608237,1.139062559097176,0.9583713274055584,1.3197537907887933,2023Q1,22335.12,23819.7,20605.743437533834
Business Bay,2024Q3,24016.507804714605,21353.077846923028,26679.937762506182,1.036478366260858,0.9215329481447356,1.1514237843769806,2023Q2,18296.55,23819.7,20605.743437533834
Business Bay,2024Q4,24808.842743256457,21557.31110051948,28060.374385993437,1.0706730972062972,0.9303470251431506,1.2109991692694435,2023Q2,18296.55,23819.7,20605.743437533834
Business Bay,2025Q1,25601.177681798312,21852.70373799425,29349.65162560237,1.1048678281517366,0.9430952598484156,1.2666403964550572,2023Q2,18296.55,23819.7,20605.743437533834
Business Bay,2025Q2,26393.512620340167,22206.6694430721,30580.355797608237,1.139062559097176,0.9583713274055584,1.3197537907887933,2023Q2,18296.55,23819.7,20605.743437533834
Business Bay,2024Q3,24016.507804714605,21353.077846923028,26679.937762506182,1.036478366260858,0.9215329481447356,1.1514237843769806,2023Q3,24445.71,23819.7,20605.743437533834
Business Bay,2024Q4,24808.842743256457,21557.31110051948,28060.374385993437,1.0706730972062972,0.9303470251431506,1.2109991692694435,2023Q3,24445.71,23819.7,20605.743437533834
Business Bay,2025Q1,25601.177681798312,21852.70373799425,29349.65162560237,1.1048678281517366,0.9430952598484156,1.2666403964550572,2023Q3,24445.71,23819.7,20605.743437533834
Business Bay,2025Q2,26393.512620340167,22206.6694430721,30580.355797608237,1.139062559097176,0.9583713274055584,1.3197537907887933,2023Q3,24445.71,23819.7,20605.743437533834
Business Bay,2024Q3,24016.507804714605,21353.077846923028,26679.937762506182,1.036478366260858,0.9215329481447356,1.1514237843769806,2023Q4,22338.82,23819.7,20605.743437533834
Business Bay,2024Q4,24808.842743256457,21557.31110051948,28060.374385993437,1.0706730972062972,0.9303470251431506,1.2109991692694435,2023Q4,22338.82,23819.7,20605.743437533834
Business Bay,2025Q1,25601.177681798312,21852.70373799425,29349.65162560237,1.1048678281517366,0.9430952598484156,1.2666403964550572,2023Q4,22338.82,23819.7,20605.743437533834
Business Bay,2025Q2,26393.512620340167,22206.6694430721,30580.355797608237,1.139062559097176,0.9583713274055584,1.3197537907887933,2023Q4,22338.82,23819.7,20605.743437533834
Business Bay,2024Q3,24016.507804714605,21353.077846923028,26679.937762506182,1.036478366260858,0.9215329481447356,1.1514237843769806,2024Q1,23283.07,23819.7,20605.743437533834
Business Bay,2024Q4,24808.842743256457,21557.31110051948,28060.374385993437,1.0706730972062972,0.9303470251431506,1.2109991692694435,2024Q1,23283.07,23819.7,20605.743437533834
Business Bay,2025Q1,25601.177681798312,21852.70373799425,29349.65162560237,1.1048678281517366,0.9430952598484156,1.2666403964550572,2024Q1,23283.07,23819.7,20605.743437533834
Business Bay,2025Q2,26393.512620340167,22206.6694430721,30580.355797608237,1.139062559097176,0.9583713274055584,1.3197537907887933,2024Q1,23283.07,23819.7,20605.743437533834
Business Bay,2024Q3,24016.507804714605,21353.077846923028,26679.937762506182,1.036478366260858,0.9215329481447356,1.1514237843769806,2024Q2,23738.125,23819.7,20605.743437533834
Business Bay,2024Q4,24808.842743256457,21557.31110051948,28060.374385993437,1.0706730972062972,0.9303470251431506,1.2109991692694435,2024Q2,23738.125,23819.7,20605.743437533834
Business Bay,2025Q1,25601.177681798312,21852.70373799425,29349.65162560237,1.1048678281517366,0.9430952598484156,1.2666403964550572,2024Q2,23738.125,23819.7,20605.743437533834
Business Bay,2025Q2,26393.512620340167,22206.6694430721,30580.355797608237,1.139062559097176,0.9583713274055584,1.3197537907887933,2024Q2,23738.125,23819.7,20605.743437533834
Hadaeq Sheikh Mohammed Bin Rashid,2024Q3,24325.06218673033,23392.63431881363,25257.49005464704,1.053653705244773,1.013265069427025,1.0940423410625206,2022Q1,16433.675,24350.89,22806.467143952883
Hadaeq Sheikh Mohammed Bin Rashid,2024Q4,25332.11800794798,24378.40314106945,26285.832874826505,1.0972748926961713,1.0559641985849035,1.1385855868074393,2022Q1,16433.675,24350.89,22806.467143952883
Hadaeq Sheikh Mohammed Bin Rashid,2025Q1,26302.016193301217,25345.858144082034,27258.1742425204,1.1392865763195374,1.0978700543955364,1.1807030982435385,2022Q1,16433.675,24350.89,22806.467143952883
Hadaeq Sheikh Mohammed Bin Rashid,2025Q2,27265.95322728686,26309.01931623357,28222.887138340146,1.1810400493295956,1.1395899205153024,1.2224901781438888,2022Q1,16433.675,24350.89,22806.467143952883
Hadaeq Sheikh Mohammed Bin Rashid,2024Q3,24325.06218673033,23392.63431881363,25257.49005464704,1.053653705244773,1.013265069427025,1.0940423410625206,2022Q2,15936.64,24350.89,22806.467143952883
Hadaeq Sheikh Mohammed Bin Rashid,2024Q4,25332.11800794798,24378.40314106945,26285.832874826505,1.0972748926961713,1.0559641985849035,1.1385855868074393,2022Q2,15936.64,24350.89,22806.467143952883
Hadaeq Sheikh Mohammed Bin Rashid,2025Q1,26302.016193301217,25345.858144082034,27258.1742425204,1.1392865763195374,1.0978700543955364,1.1807030982435385,2022Q2,15936.64,24350.89,22806.467143952883
Hadaeq Sheikh Mohammed Bin Rashid,2025Q2,27265.95322728686,26309.01931623357,28222.887138340146,1.1810400493295956,1.1395899205153024,1.2224901781438888,2022Q2,15936.64,24350.89,22806.467143952883
Hadaeq Sheikh Mohammed Bin Rashid,2024Q3,24325.06218673033,23392.63431881363,25257.49005464704,1.053653705244773,1.013265069427025,1.0940423410625206,2022Q3,18457.95,24350.89,22806.467143952883
Hadaeq Sheikh Mohammed Bin Rashid,2024Q4,25332.11800794798,24378.40314106945,26285.832874826505,1.0972748926961713,1.0559641985849035,1.1385855868074393,2022Q3,18457.95,24350.89,22806.467143952883
Hadaeq Sheikh Mohammed Bin Rashid,2025Q1,26302.016193301217,25345.858144082034,27258.1742425204,1.1392865763195374,1.0978700543955364,1.1807030982435385,2022Q3,18457.95,24350.89,22806.467143952883
Hadaeq Sheikh Mohammed Bin Rashid,2025Q2,27265.95322728686,26309.01931623357,28222.887138340146,1.1810400493295956,1.1395899205153024,1.2224901781438888,2022Q3,18457.95,24350.89,22806.467143952883
Hadaeq Sheikh Mohammed Bin Rashid,2024Q3,24325.06218673033,23392.63431881363,25257.49005464704,1.053653705244773,1.013265069427025,1.0940423410625206,2022Q4,18857.54,24350.89,22806.467143952883
Hadaeq Sheikh Mohammed Bin Rashid,2024Q4,25332.11800794798,24378.40314106945,26285.832874826505,1.0972748926961713,1.0559641985849035,1.1385855868074393,2022Q4,18857.54,24350.89,22806.467143952883
Hadaeq Sheikh Mohammed Bin Rashid,2025Q1,26302.016193301217,25345.858144082034,27258.1742425204,1.1392865763195374,1.0978700543955364,1.1807030982435385,2022Q4,18857.54,24350.89,22806.467143952883
Hadaeq Sheikh Mohammed Bin Rashid,2025Q2,27265.95322728686,26309.01931623357,28222.887138340146,1.1810400493295956,1.1395899205153024,1.2224901781438888,2022Q4,18857.54,24350.89,22806.467143952883
Hadaeq Sheikh Mohammed Bin Rashid,2024Q3,24325.06218673033,23392.63431881363,25257.49005464704,1.053653705244773,1.013265069427025,1.0940423410625206,2023Q1,20331.3,24350.89,22806.467143952883
Hadaeq Sheikh Mohammed Bin Rashid,2024Q4,25332.11800794798,24378.40314106945,26285.832874826505,1.0972748926961713,1.0559641985849035,1.1385855868074393,2023Q1,20331.3,24350.89,22806.467143952883
Hadaeq Sheikh Mohammed Bin Rashid,2025Q1,26302.016193301217,25345.858144082034,27258.1742425204,1.1392865763195374,1.0978700543955364,1.1807030982435385,2023Q1,20331.3,24350.89,22806.467143952883
Hadaeq Sheikh Mohammed Bin Rashid,2025Q2,27265.95322728686,26309.01931623357,28222.887138340146,1.1810400493295956,1.1395899205153024,1.2224901781438888,2023Q1,20331.3,24350.89,22806.467143952883
Hadaeq Sheikh Mohammed Bin Rashid,2024Q3,24325.06218673033,23392.63431881363,25257.49005464704,1.053653705244773,1.013265069427025,1.0940423410625206,2023Q2,20989.63,24350.89,22806.467143952883
Hadaeq Sheikh Mohammed Bin Rashid,2024Q4,25332.11800794798,24378.40314106945,26285.832874826505,1.0972748926961713,1.0559641985849035,1.1385855868074393,2023Q2,20989.63,24350.89,22806.467143952883
Hadaeq Sheikh Mohammed Bin Rashid,2025Q1,26302.016193301217,25345.858144082034,27258.1742425204,1.1392865763195374,1.0978700543955364,1.1807030982435385,2023Q2,20989.63,24350.89,22806.467143952883
Hadaeq Sheikh Mohammed Bin Rashid,2025Q2,27265.95322728686,26309.01931623357,28222.887138340146,1.1810400493295956,1.1395899205153024,1.2224901781438888,2023Q2,20989.63,24350.89,22806.467143952883
Hadaeq Sheikh Mohammed Bin Rashid,2024Q3,24325.06218673033,23392.63431881363,25257.49005464704,1.053653705244773,1.013265069427025,1.0940423410625206,2023Q3,20643.255,24350.89,22806.467143952883
Hadaeq Sheikh Mohammed Bin Rashid,2024Q4,25332.11800794798,24378.40314106945,26285.832874826505,1.0972748926961713,1.0559641985849035,1.1385855868074393,2023Q3,20643.255,24350.89,22806.467143952883
Hadaeq Sheikh Mohammed Bin Rashid,2025Q1,26302.016193301217,25345.858144082034,27258.1742425204,1.1392865763195374,1.0978700543955364,1.1807030982435385,2023Q3,20643.255,24350.89,22806.467143952883
Hadaeq Sheikh Mohammed Bin Rashid,2025Q2,27265.95322728686,26309.01931623357,28222.887138340146,1.1810400493295956,1.1395899205153024,1.2224901781438888,2023Q3,20643.255,24350.89,22806.467143952883
Hadaeq Sheikh Mohammed Bin Rashid,2024Q3,24325.06218673033,23392.63431881363,25257.49005464704,1.053653705244773,1.013265069427025,1.0940423410625206,2023Q4,22411.26,24350.89,22806.467143952883
Hadaeq Sheikh Mohammed Bin Rashid,2024Q4,25332.11800794798,24378.40314106945,26285.832874826505,1.0972748926961713,1.0559641985849035,1.1385855868074393,2023Q4,22411.26,24350.89,22806.467143952883
Hadaeq Sheikh Mohammed Bin Rashid,2025Q1,26302.016193301217,25345.858144082034,27258.1742425204,1.1392865763195374,1.0978700543955364,1.1807030982435385,2023Q4,22411.26,24350.89,22806.467143952883
Hadaeq Sheikh Mohammed Bin Rashid,2025Q2,27265.95322728686,26309.01931623357,28222.887138340146,1.1810400493295956,1.1395899205153024,1.2224901781438888,2023Q4,22411.26,24350.89,22806.467143952883
Hadaeq Sheikh Mohammed Bin Rashid,2024Q3,24325.06218673033,23392.63431881363,25257.49005464704,1.053653705244773,1.013265069427025,1.0940423410625206,2024Q1,22611.67,24350.89,22806.467143952883
Hadaeq Sheikh Mohammed Bin Rashid,2024Q4,25332.11800794798,24378.40314106945,26285.832874826505,1.0972748926961713,1.0559641985849035,1.1385855868074393,2024Q1,22611.67,24350.89,22806.467143952883
Hadaeq Sheikh Mohammed Bin Rashid,2025Q1,26302.016193301217,25345.858144082034,27258.1742425204,1.1392865763195374,1.0978700543955364,1.1807030982435385,2024Q1,22611.67,24350.89,22806.467143952883
Hadaeq Sheikh Mohammed Bin Rashid,2025Q2,27265.95322728686,26309.01931623357,28222.887138340146,1.1810400493295956,1.1395899205153024,1.2224901781438888,2024Q1,22611.67,24350.89,22806.467143952883
Hadaeq Sheikh Mohammed Bin Rashid,2024Q3,24325.06218673033,23392.63431881363,25257.49005464704,1.053653705244773,1.013265069427025,1.0940423410625206,2024Q2,23841.59,24350.89,22806.467143952883
Hadaeq Sheikh Mohammed Bin Rashid,2024Q4,25332.11800794798,24378.40314106945,26285.832874826505,1.0972748926961713,1.0559641985849035,1.1385855868074393,2024Q2,23841.59,24350.89,22806.467143952883
Hadaeq Sheikh Mohammed Bin Rashid,2025Q1,26302.016193301217,25345.858144082034,27258.1742425204,1.1392865763195374,1.0978700543955364,1.1807030982435385,2024Q2,23841.59,24350.89,22806.467143952883
Hadaeq Sheikh Mohammed Bin Rashid,2025Q2,27265.95322728686,26309.01931623357,28222.887138340146,1.1810400493295956,1.1395899205153024,1.2224901781438888,2024Q2,23841.59,24350.89,22806.467143952883
Jabal Ali First,2024Q3,12762.720916428138,11569.214311295616,13956.22752156066,1.0332943720610852,0.9366657874374305,1.1299229566847402,2022Q1,10391.555,12821.185,10834.329419571854
Jabal Ali First,2024Q4,13157.80780172833,11707.358503461568,14608.257099995091,1.0652813643121142,0.9478502062798312,1.1827125223443973,2022Q1,10391.555,12821.185,10834.329419571854
Jabal Ali First,2025Q1,13552.894687028522,11884.617636538966,15221.171737518078,1.0972683565631431,0.9622014457846878,1.2323352673415986,2022Q1,10391.555,12821.185,10834.329419571854
Jabal Ali First,2025Q2,13947.981572328714,12087.203921039414,15808.759223618012,1.129255348814172,0.978603220061647,1.2799074775666974,2022Q1,10391.555,12821.185,10834.329419571854
Jabal Ali First,2024Q3,12762.720916428138,11569.214311295616,13956.22752156066,1.0332943720610852,0.9366657874374305,1.1299229566847402,2022Q2,9687.51,12821.185,10834.329419571854
Jabal Ali First,2024Q4,13157.80780172833,11707.358503461568,14608.257099995091,1.0652813643121142,0.9478502062798312,1.1827125223443973,2022Q2,9687.51,12821.185,10834.329419571854
Jabal Ali First,2025Q1,13552.894687028522,11884.617636538966,15221.171737518078,1.0972683565631431,0.9622014457846878,1.2323352673415986,2022Q2,9687.51,12821.185,10834.329419571854
Jabal Ali First,2025Q2,13947.981572328714,12087.203921039414,15808.759223618012,1.129255348814172,0.978603220061647,1.2799074775666974,2022Q2,9687.51,12821.185,10834.329419571854
Jabal Ali First,2024Q3,12762.720916428138,11569.214311295616,13956.22752156066,1.0332943720610852,0.9366657874374305,1.1299229566847402,2022Q3,11167.95,12821.185,10834.329419571854
Jabal Ali First,2024Q4,13157.80780172833,11707.358503461568,14608.257099995091,1.0652813643121142,0.9478502062798312,1.1827125223443973,2022Q3,11167.95,12821.185,10834.329419571854
Jabal Ali First,2025Q1,13552.894687028522,11884.617636538966,15221.171737518078,1.0972683565631431,0.9622014457846878,1.2323352673415986,2022Q3,11167.95,12821.185,10834.329419571854
Jabal Ali First,2025Q2,13947.981572328714,12087.203921039414,15808.759223618012,1.129255348814172,0.978603220061647,1.2799074775666974,2022Q3,11167.95,12821.185,10834.329419571854
Jabal Ali First,2024Q3,12762.720916428138,11569.214311295616,13956.22752156066,1.0332943720610852,0.9366657874374305,1.1299229566847402,2022Q4,11169.27,12821.185,10834.329419571854
Jabal Ali First,2024Q4,13157.80780172833,11707.358503461568,14608.257099995091,1.0652813643121142,0.9478502062798312,1.1827125223443973,2022Q4,11169.27,12821.185,10834.329419571854
Jabal Ali First,2025Q1,13552.894687028522,11884.617636538966,15221.171737518078,1.0972683565631431,0.9622014457846878,1.2323352673415986,2022Q4,11169.27,12821.185,10834.329419571854
Jabal Ali First,2025Q2,13947.981572328714,12087.203921039414,15808.759223618012,1.129255348814172,0.978603220061647,1.2799074775666974,2022Q4,11169.27,12821.185,10834.329419571854
Jabal Ali First,2024Q3,12762.720916428138,11569.214311295616,13956.22752156066,1.0332943720610852,0.9366657874374305,1.1299229566847402,2023Q1,9737.94,12821.185,10834.329419571854
Jabal Ali First,2024Q4,13157.80780172833,11707.358503461568,14608.257099995091,1.0652813643121142,0.9478502062798312,1.1827125223443973,2023Q1,9737.94,12821.185,10834.329419571854
Jabal Ali First,2025Q1,13552.894687028522,11884.617636538966,15221.171737518078,1.0972683565631431,0.9622014457846878,1.2323352673415986,2023Q1,9737.94,12821.185,10834.329419571854
Jabal Ali First,2025Q2,13947.981572328714,12087.203921039414,15808.759223618012,1.129255348814172,0.978603220061647,1.2799074775666974,2023Q1,9737.94,12821.185,10834.329419571854
Jabal Ali First,2024Q3,12762.720916428138,11569.214311295616,13956.22752156066,1.0332943720610852,0.9366657874374305,1.1299229566847402,2023Q2,10580.65,12821.185,10834.329419571854
Jabal Ali First,2024Q4,13157.80780172833,11707.358503461568,14608.257099995091,1.0652813643121142,0.9478502062798312,1.1827125223443973,2023Q2,10580.65,12821.185,10834.329419571854
Jabal Ali First,2025Q1,13552.894687028522,11884.617636538966,15221.171737518078,1.0972683565631431,0.9622014457846878,1.2323352673415986,2023Q2,10580.65,12821.185,10834.329419571854
Jabal Ali First,2025Q2,13947.981572328714,12087.203921039414,15808.759223618012,1.129255348814172,0.978603220061647,1.2799074775666974,2023Q2,10580.65,12821.185,10834.329419571854
Jabal Ali First,2024Q3,12762.720916428138,11569.214311295616,13956.22752156066,1.0332943720610852,0.9366657874374305,1.1299229566847402,2023Q3,10393.87,12821.185,10834.329419571854
Jabal Ali First,2024Q4,13157.80780172833,11707.358503461568,14608.257099995091,1.0652813643121142,0.9478502062798312,1.1827125223443973,2023Q3,10393.87,12821.185,10834.329419571854
Jabal Ali First,2025Q1,13552.894687028522,11884.617636538966,15221.171737518078,1.0972683565631431,0.9622014457846878,1.2323352673415986,2023Q3,10393.87,12821.185,10834.329419571854
Jabal Ali First,2025Q2,13947.981572328714,12087.203921039414,15808.759223618012,1.129255348814172,0.978603220061647,1.2799074775666974,2023Q3,10393.87,12821.185,10834.329419571854
Jabal Ali First,2024Q3,12762.720916428138,11569.214311295616,13956.22752156066,1.0332943720610852,0.9366657874374305,1.1299229566847402,2023Q4,12066.630000000001,12821.185,10834.329419571854
Jabal Ali First,2024Q4,13157.80780172833,11707.358503461568,14608.257099995091,1.0652813643121142,0.9478502062798312,1.1827125223443973,2023Q4,12066.630000000001,12821.185,10834.329419571854
Jabal Ali First,2025Q1,13552.894687028522,11884.617636538966,15221.171737518078,1.0972683565631431,0.9622014457846878,1.2323352673415986,2023Q4,12066.630000000001,12821.185,10834.329419571854
Jabal Ali First,2025Q2,13947.981572328714,12087.203921039414,15808.759223618012,1.129255348814172,0.978603220061647,1.2799074775666974,2023Q4,12066.630000000001,12821.185,10834.329419571854
Jabal Ali First,2024Q3,12762.720916428138,11569.214311295616,13956.22752156066,1.0332943720610852,0.9366657874374305,1.1299229566847402,2024Q1,11685.3,12821.185,10834.329419571854
Jabal Ali First,2024Q4,13157.80780172833,11707.358503461568,14608.257099995091,1.0652813643121142,0.9478502062798312,1.1827125223443973,2024Q1,11685.3,12821.185,10834.329419571854
Jabal Ali First,2025Q1,13552.894687028522,11884.617636538966,15221.171737518078,1.0972683565631431,0.9622014457846878,1.2323352673415986,2024Q1,11685.3,12821.185,10834.329419571854
Jabal Ali First,2025Q2,13947.981572328714,12087.203921039414,15808.759223618012,1.129255348814172,0.978603220061647,1.2799074775666974,2024Q1,11685.3,12821.185,10834.329419571854
Jabal Ali First,2024Q3,12762.720916428138,11569.214311295616,13956.22752156066,1.0332943720610852,0.9366657874374305,1.1299229566847402,2024Q2,12625.08,12821.185,10834.329419571854
Jabal Ali First,2024Q4,13157.80780172833,11707.358503461568,14608.257099995091,1.0652813643121142,0.9478502062798312,1.1827125223443973,2024Q2,12625.08,12821.185,10834.329419571854
Jabal Ali First,2025Q1,13552.894687028522,11884.617636538966,15221.171737518078,1.0972683565631431,0.9622014457846878,1.2323352673415986,2024Q2,12625.08,12821.185,10834.329419571854
Jabal Ali First,2025Q2,13947.981572328714,12087.203921039414,15808.759223618012,1.129255348814172,0.978603220061647,1.2799074775666974,2024Q2,12625.08,12821.185,10834.329419571854
Madinat Al Mataar,2024Q3,13022.779025270758,10562.513347519847,15483.044703021667,1.0,0.8110798261279906,1.1889201738720094,2022Q1,7534.82,16313.21,13988.480417573472
Madinat Al Mataar,2024Q4,13022.779025270758,9543.437936754388,16502.12011378713,1.0,0.732826527904321,1.2671734720956789,2022Q1,7534.82,16313.21,13988.480417573472
Madinat Al Mataar,2025Q1,13022.779025270758,8761.473871288305,17284.084179253212,1.0,0.6727806602789334,1.3272193397210668,2022Q1,7534.82,16313.21,13988.480417573472
Madinat Al Mataar,2025Q2,13022.779025270758,8102.247669768939,17943.31038077258,1.0,0.622159652255981,1.377840347744019,2022Q1,7534.82,16313.21,13988.480417573472
Madinat Al Mataar,2024Q3,13022.779025270758,10562.513347519847,15483.044703021667,1.0,0.8110798261279906,1.1889201738720094,2022Q2,6413.545,16313.21,13988.480417573472
Madinat Al Mataar,2024Q4,13022.779025270758,9543.437936754388,16502.12011378713,1.0,0.732826527904321,1.2671734720956789,2022Q2,6413.545,16313.21,13988.480417573472
Madinat Al Mataar,2025Q1,13022.779025270758,8761.473871288305,17284.084179253212,1.0,0.6727806602789334,1.3272193397210668,2022Q2,6413.545,16313.21,13988.480417573472
Madinat Al Mataar,2025Q2,13022.779025270758,8102.247669768939,17943.31038077258,1.0,0.622159652255981,1.377840347744019,2022Q2,6413.545,16313.21,13988.480417573472
Madinat Al Mataar,2024Q3,13022.779025270758,10562.513347519847,15483.044703021667,1.0,0.8110798261279906,1.1889201738720094,2022Q3,7068.26,16313.21,13988.480417573472
Madinat Al Mataar,2024Q4,13022.779025270758,9543.437936754388,16502.12011378713,1.0,0.732826527904321,1.2671734720956789,2022Q3,7068.26,16313.21,13988.480417573472
Madinat Al Mataar,2025Q1,13022.779025270758,8761.473871288305,17284.084179253212,1.0,0.6727806602789334,1.3272193397210668,2022Q3,7068.26,16313.21,13988.480417573472
Madinat Al Mataar,2025Q2,13022.779025270758,8102.247669768939,17943.31038077258,1.0,0.622159652255981,1.377840347744019,2022Q3,7068.26,16313.21,13988.480417573472
Madinat Al Mataar,2024Q3,13022.779025270758,10562.513347519847,15483.044703021667,1.0,0.8110798261279906,1.1889201738720094,2022Q4,7384.33,16313.21,13988.480417573472
Madinat Al Mataar,2024Q4,13022.779025270758,9543.437936754388,16502.12011378713,1.0,0.732826527904321,1.2671734720956789,2022Q4,7384.33,16313.21,13988.480417573472
Madinat Al Mataar,2025Q1,13022.779025270758,8761.473871288305,17284.084179253212,1.0,0.6727806602789334,1.3272193397210668,2022Q4,7384.33,16313.21,13988.480417573472
Madinat Al Mataar,2025Q2,13022.779025270758,8102.247669768939,17943.31038077258,1.0,0.622159652255981,1.377840347744019,2022Q4,7384.33,16313.21,13988.480417573472
Madinat Al Mataar,2024Q3,13022.779025270758,10562.513347519847,15483.044703021667,1.0,0.8110798261279906,1.1889201738720094,2023Q1,7289.57,16313.21,13988.480417573472
Madinat Al Mataar,2024Q4,13022.779025270758,9543.437936754388,16502.12011378713,1.0,0.732826527904321,1.2671734720956789,2023Q1,7289.57,16313.21,13988.480417573472
Madinat Al Mataar,2025Q1,13022.779025270758,8761.473871288305,17284.084179253212,1.0,0.6727806602789334,1.3272193397210668,2023Q1,7289.57,16313.21,13988.480417573472
Madinat Al Mataar,2025Q2,13022.779025270758,8102.247669768939,17943.31038077258,1.0,0.622159652255981,1.377840347744019,2023Q1,7289.57,16313.21,13988.480417573472
Madinat Al Mataar,2024Q3,13022.779025270758,10562.513347519847,15483.044703021667,1.0,0.8110798261279906,1.1889201738720094,2023Q2,7651.52,16313.21,13988.480417573472
Madinat Al Mataar,2024Q4,13022.779025270758,9543.437936754388,16502.12011378713,1.0,0.732826527904321,1.2671734720956789,2023Q2,7651.52,16313.21,13988.480417573472
Madinat Al Mataar,2025Q1,13022.779025270758,8761.473871288305,17284.084179253212,1.0,0.6727806602789334,1.3272193397210668,2023Q2,7651.52,16313.21,13988.480417573472
Madinat Al Mataar,2025Q2,13022.779025270758,8102.247669768939,17943.31038077258,1.0,0.622159652255981,1.377840347744019,2023Q2,7651.52,16313.21,13988.480417573472
Madinat Al Mataar,2024Q3,13022.779025270758,10562.513347519847,15483.044703021667,1.0,0.8110798261279906,1.1889201738720094,2023Q3,12373.045,16313.21,13988.480417573472
Madinat Al Mataar,2024Q4,13022.779025270758,9543.437936754388,16502.12011378713,1.0,0.732826527904321,1.2671734720956789,2023Q3,12373.045,16313.21,13988.480417573472
Madinat Al Mataar,2025Q1,13022.779025270758,8761.473871288305,17284.084179253212,1.0,0.6727806602789334,1.3272193397210668,2023Q3,12373.045,16313.21,13988.480417573472
Madinat Al Mataar,2025Q2,13022.779025270758,8102.247669768939,17943.31038077258,1.0,0.622159652255981,1.377840347744019,2023Q3,12373.045,16313.21,13988.480417573472
Madinat Al Mataar,2024Q3,13022.779025270758,10562.513347519847,15483.044703021667,1.0,0.8110798261279906,1.1889201738720094,2023Q4,10469.915,16313.21,13988.480417573472
Madinat Al Mataar,2024Q4,13022.779025270758,9543.437936754388,16502.12011378713,1.0,0.732826527904321,1.2671734720956789,2023Q4,10469.915,16313.21,13988.480417573472
Madinat Al Mataar,2025Q1,13022.779025270758,8761.473871288305,17284.084179253212,1.0,0.6727806602789334,1.3272193397210668,2023Q4,10469.915,16313.21,13988.480417573472
Madinat Al Mataar,2025Q2,13022.779025270758,8102.247669768939,17943.31038077258,1.0,0.622159652255981,1.377840347744019,2023Q4,10469.915,16313.21,13988.480417573472
Madinat Al Mataar,2024Q3,13022.779025270758,10562.513347519847,15483.044703021667,1.0,0.8110798261279906,1.1889201738720094,2024Q1,15913.23,16313.21,13988.480417573472
Madinat Al Mataar,2024Q4,13022.779025270758,9543.437936754388,16502.12011378713,1.0,0.732826527904321,1.2671734720956789,2024Q1,15913.23,16313.21,13988.480417573472
Madinat Al Mataar,2025Q1,13022.779025270758,8761.473871288305,17284.084179253212,1.0,0.6727806602789334,1.3272193397210668,2024Q1,15913.23,16313.21,13988.480417573472
Madinat Al Mataar,2025Q2,13022.779025270758,8102.247669768939,17943.31038077258,1.0,0.622159652255981,1.377840347744019,2024Q1,15913.23,16313.21,13988.480417573472
Madinat Al Mataar,2024Q3,13022.779025270758,10562.513347519847,15483.044703021667,1.0,0.8110798261279906,1.1889201738720094,2024Q2,10312.145,16313.21,13988.480417573472
Madinat Al Mataar,2024Q4,13022.779025270758,9543.437936754388,16502.12011378713,1.0,0.732826527904321,1.2671734720956789,2024Q2,10312.145,16313.21,13988.480417573472
Madinat Al Mataar,2025Q1,13022.779025270758,8761.473871288305,17284.084179253212,1.0,0.6727806602789334,1.3272193397210668,2024Q2,10312.145,16313.21,13988.480417573472
Madinat Al Mataar,2025Q2,13022.779025270758,8102.247669768939,17943.31038077258,1.0,0.622159652255981,1.377840347744019,2024Q2,10312.145,16313.21,13988.480417573472
Madinat Dubai Almelaheyah,2024Q3,24691.759671994107,19990.32473919609,29393.194604792123,0.9916541288307382,0.802838207062871,1.1804700505986054,2022Q1,19843.48,25743.585,22132.13070600971
Madinat Dubai Almelaheyah,2024Q4,24606.17515553384,18703.149803156743,30509.200507910937,0.9882169400584828,0.751143538201396,1.2252903419155698,2022Q1,19843.48,25743.585,22132.13070600971
Madinat Dubai Almelaheyah,2025Q1,24520.88728498116,17628.881245035653,31412.893324926667,0.9847916649830626,0.7079994745426964,1.2615838554234289,2022Q1,19843.48,25743.585,22132.13070600971
Madinat Dubai Almelaheyah,2025Q2,24435.895032126777,16685.65519864858,32186.13486560497,0.981378262310216,0.6701182536112724,1.2926382710091593,2022Q1,19843.48,25743.585,22132.13070600971
Madinat Dubai Almelaheyah,2024Q3,24691.759671994107,19990.32473919609,29393.194604792123,0.9916541288307382,0.802838207062871,1.1804700505986054,2022Q2,16263.96,25743.585,22132.13070600971
Madinat Dubai Almelaheyah,2024Q4,24606.17515553384,18703.149803156743,30509.200507910937,0.9882169400584828,0.751143538201396,1.2252903419155698,2022Q2,16263.96,25743.585,22132.13070600971
Madinat Dubai Almelaheyah,2025Q1,24520.88728498116,17628.881245035653,31412.893324926667,0.9847916649830626,0.7079994745426964,1.2615838554234289,2022Q2,16263.96,25743.585,22132.13070600971
Madinat Dubai Almelaheyah,2025Q2,24435.895032126777,16685.65519864858,32186.13486560497,0.981378262310216,0.6701182536112724,1.2926382710091593,2022Q2,16263.96,25743.585,22132.13070600971
Madinat Dubai Almelaheyah,2024Q3,24691.759671994107,19990.32473919609,29393.194604792123,0.9916541288307382,0.802838207062871,1.1804700505986054,2022Q3,18213.85,25743.585,22132.13070600971
Madinat Dubai Almelaheyah,2024Q4,24606.17515553384,18703.149803156743,30509.200507910937,0.9882169400584828,0.751143538201396,1.2252903419155698,2022Q3,18213.85,25743.585,22132.13070600971
Madinat Dubai Almelaheyah,2025Q1,24520.88728498116,17628.881245035653,31412.893324926667,0.9847916649830626,0.7079994745426964,1.2615838554234289,2022Q3,18213.85,25743.585,22132.13070600971
Madinat Dubai Almelaheyah,2025Q2,24435.895032126777,16685.65519864858,32186.13486560497,0.981378262310216,0.6701182536112724,1.2926382710091593,2022Q3,18213.85,25743.585,22132.13070600971
Madinat Dubai Almelaheyah,2024Q3,24691.759671994107,19990.32473919609,29393.194604792123,0.9916541288307382,0.802838207062871,1.1804700505986054,2022Q4,17332.82,25743.585,22132.13070600971
Madinat Dubai Almelaheyah,2024Q4,24606.17515553384,18703.149803156743,30509.200507910937,0.9882169400584828,0.751143538201396,1.2252903419155698,2022Q4,17332.82,25743.585,22132.13070600971
Madinat Dubai Almelaheyah,2025Q1,24520.88728498116,17628.881245035653,31412.893324926667,0.9847916649830626,0.7079994745426964,1.2615838554234289,2022Q4,17332.82,25743.585,22132.13070600971
Madinat Dubai Almelaheyah,2025Q2,24435.895032126777,16685.65519864858,32186.13486560497,0.981378262310216,0.6701182536112724,1.2926382710091593,2022Q4,17332.82,25743.585,22132.13070600971
Madinat Dubai Almelaheyah,2024Q3,24691.759671994107,19990.32473919609,29393.194604792123,0.9916541288307382,0.802838207062871,1.1804700505986054,2023Q1,19506.53,25743.585,22132.13070600971
Madinat Dubai Almelaheyah,2024Q4,24606.17515553384,18703.149803156743,30509.200507910937,0.9882169400584828,0.751143538201396,1.2252903419155698,2023Q1,19506.53,25743.585,22132.13070600971
Madinat Dubai Almelaheyah,2025Q1,24520.88728498116,17628.881245035653,31412.893324926667,0.9847916649830626,0.7079994745426964,1.2615838554234289,2023Q1,19506.53,25743.585,22132.13070600971
Madinat Dubai Almelaheyah,2025Q2,24435.895032126777,16685.65519864858,32186.13486560497,0.981378262310216,0.6701182536112724,1.2926382710091593,2023Q1,19506.53,25743.585,22132.13070600971
Madinat Dubai Almelaheyah,2024Q3,24691.759671994107,19990.32473919609,29393.194604792123,0.9916541288307382,0.802838207062871,1.1804700505986054,2023Q2,19163.239999999998,25743.585,22132.13070600971
Madinat Dubai Almelaheyah,2024Q4,24606.17515553384,18703.149803156743,30509.200507910937,0.9882169400584828,0.751143538201396,1.2252903419155698,2023Q2,19163.239999999998,25743.585,22132.13070600971
Madinat Dubai Almelaheyah,2025Q1,24520.88728498116,17628.881245035653,31412.893324926667,0.9847916649830626,0.7079994745426964,1.2615838554234289,2023Q2,19163.239999999998,25743.585,22132.13070600971
Madinat Dubai Almelaheyah,2025Q2,24435.895032126777,16685.65519864858,32186.13486560497,0.981378262310216,0.6701182536112724,1.2926382710091593,2023Q2,19163.239999999998,25743.585,22132.13070600971
Madinat Dubai Almelaheyah,2024Q3,24691.759671994107,19990.32473919609,29393.194604792123,0.9916541288307382,0.802838207062871,1.1804700505986054,2023Q3,20819.574999999997,25743.585,22132.13070600971
Madinat Dubai Almelaheyah,2024Q4,24606.17515553384,18703.149803156743,30509.200507910937,0.9882169400584828,0.751143538201396,1.2252903419155698,2023Q3,20819.574999999997,25743.585,22132.13070600971
Madinat Dubai Almelaheyah,2025Q1,24520.88728498116,17628.881245035653,31412.893324926667,0.9847916649830626,0.7079994745426964,1.2615838554234289,2023Q3,20819.574999999997,25743.585,22132.13070600971
Madinat Dubai Almelaheyah,2025Q2,24435.895032126777,16685.65519864858,32186.13486560497,0.981378262310216,0.6701182536112724,1.2926382710091593,2023Q3,20819.574999999997,25743.585,22132.13070600971
Madinat Dubai Almelaheyah,2024Q3,24691.759671994107,19990.32473919609,29393.194604792123,0.9916541288307382,0.802838207062871,1.1804700505986054,2023Q4,20764.55,25743.585,22132.13070600971
Madinat Dubai Almelaheyah,2024Q4,24606.17515553384,18703.149803156743,30509.200507910937,0.9882169400584828,0.751143538201396,1.2252903419155698,2023Q4,20764.55,25743.585,22132.13070600971
Madinat Dubai Almelaheyah,2025Q1,24520.88728498116,17628.881245035653,31412.893324926667,0.9847916649830626,0.7079994745426964,1.2615838554234289,2023Q4,20764.55,25743.585,22132.13070600971
Madinat Dubai Almelaheyah,2025Q2,24435.895032126777,16685.65519864858,32186.13486560497,0.981378262310216,0.6701182536112724,1.2926382710091593,2023Q4,20764.55,25743.585,22132.13070600971
Madinat Dubai Almelaheyah,2024Q3,24691.759671994107,19990.32473919609,29393.194604792123,0.9916541288307382,0.802838207062871,1.1804700505986054,2024Q1,25306.045,25743.585,22132.13070600971
Madinat Dubai Almelaheyah,2024Q4,24606.17515553384,18703.149803156743,30509.200507910937,0.9882169400584828,0.751143538201396,1.2252903419155698,2024Q1,25306.045,25743.585,22132.13070600971
Madinat Dubai Almelaheyah,2025Q1,24520.88728498116,17628.881245035653,31412.893324926667,0.9847916649830626,0.7079994745426964,1.2615838554234289,2024Q1,25306.045,25743.585,22132.13070600971
Madinat Dubai Almelaheyah,2025Q2,24435.895032126777,16685.65519864858,32186.13486560497,0.981378262310216,0.6701182536112724,1.2926382710091593,2024Q1,25306.045,25743.585,22132.13070600971
Madinat Dubai Almelaheyah,2024Q3,24691.759671994107,19990.32473919609,29393.194604792123,0.9916541288307382,0.802838207062871,1.1804700505986054,2024Q2,24290.39,25743.585,22132.13070600971
Madinat Dubai Almelaheyah,2024Q4,24606.17515553384,18703.149803156743,30509.200507910937,0.9882169400584828,0.751143538201396,1.2252903419155698,2024Q2,24290.39,25743.585,22132.13070600971
Madinat Dubai Almelaheyah,2025Q1,24520.88728498116,17628.881245035653,31412.893324926667,0.9847916649830626,0.7079994745426964,1.2615838554234289,2024Q2,24290.39,25743.585,22132.13070600971
Madinat Dubai Almelaheyah,2025Q2,24435.895032126777,16685.65519864858,32186.13486560497,0.981378262310216,0.6701182536112724,1.2926382710091593,2024Q2,24290.39,25743.585,22132.13070600971
Marsa Dubai,2024Q3,18839.17754361031,16910.45327122917,20767.90181599145,0.9980470974882664,0.8958686633475437,1.1002255316289888,2022Q1,17178.2,18507.33,16750.82999348258
Marsa Dubai,2024Q4,18057.767686526327,14763.01702890552,21352.51834414713,0.9566501820440512,0.7821034788679723,1.1311968852201304,2022Q1,17178.2,18507.33,16750.82999348258
Marsa Dubai,2025Q1,17004.18530342527,13041.965500644586,20966.405106205955,0.900834325062788,0.6909269676624096,1.1107416824631664,2022Q1,17178.2,18507.33,16750.82999348258
Marsa Dubai,2025Q2,16152.190404953904,12072.369332009315,20232.011477898493,0.8556980109362424,0.63956046614704,1.071835555725445,2022Q1,17178.2,18507.33,16750.82999348258
Marsa Dubai,2024Q3,18839.17754361031,16910.45327122917,20767.90181599145,0.9980470974882664,0.8958686633475437,1.1002255316289888,2022Q2,15527.17,18507.33,16750.82999348258
Marsa Dubai,2024Q4,18057.767686526327,14763.01702890552,21352.51834414713,0.9566501820440512,0.7821034788679723,1.1311968852201304,2022Q2,15527.17,18507.33,16750.82999348258
Marsa Dubai,2025Q1,17004.18530342527,13041.965500644586,20966.405106205955,0.900834325062788,0.6909269676624096,1.1107416824631664,2022Q2,15527.17,18507.33,16750.82999348258
Marsa Dubai,2025Q2,16152.190404953904,12072.369332009315,20232.011477898493,0.8556980109362424,0.63956046614704,1.071835555725445,2022Q2,15527.17,18507.33,16750.82999348258
Marsa Dubai,2024Q3,18839.17754361031,16910.45327122917,20767.90181599145,0.9980470974882664,0.8958686633475437,1.1002255316289888,2022Q3,15048.99,18507.33,16750.82999348258
Marsa Dubai,2024Q4,18057.767686526327,14763.01702890552,21352.51834414713,0.9566501820440512,0.7821034788679723,1.1311968852201304,2022Q3,15048.99,18507.33,16750.82999348258
Marsa Dubai,2025Q1,17004.18530342527,13041.965500644586,20966.405106205955,0.900834325062788,0.6909269676624096,1.1107416824631664,2022Q3,15048.99,18507.33,16750.82999348258
Marsa Dubai,2025Q2,16152.190404953904,12072.369332009315,20232.011477898493,0.8556980109362424,0.63956046614704,1.071835555725445,2022Q3,15048.99,18507.33,16750.82999348258
Marsa Dubai,2024Q3,18839.17754361031,16910.45327122917,20767.90181599145,0.9980470974882664,0.8958686633475437,1.1002255316289888,2022Q4,16731.73,18507.33,16750.82999348258
Marsa Dubai,2024Q4,18057.767686526327,14763.01702890552,21352.51834414713,0.9566501820440512,0.7821034788679723,1.1311968852201304,2022Q4,16731.73,18507.33,16750.82999348258
Marsa Dubai,2025Q1,17004.18530342527,13041.965500644586,20966.405106205955,0.900834325062788,0.6909269676624096,1.1107416824631664,2022Q4,16731.73,18507.33,16750.82999348258
Marsa Dubai,2025Q2,16152.190404953904,12072.369332009315,20232.011477898493,0.8556980109362424,0.63956046614704,1.071835555725445,2022Q4,16731.73,18507.33,16750.82999348258
Marsa Dubai,2024Q3,18839.17754361031,16910.45327122917,20767.90181599145,0.9980470974882664,0.8958686633475437,1.1002255316289888,2023Q1,16092.03,18507.33,16750.82999348258
Marsa Dubai,2024Q4,18057.767686526327,14763.01702890552,21352.51834414713,0.9566501820440512,0.7821034788679723,1.1311968852201304,2023Q1,16092.03,18507.33,16750.82999348258
Marsa Dubai,2025Q1,17004.18530342527,13041.965500644586,20966.405106205955,0.900834325062788,0.6909269676624096,1.1107416824631664,2023Q1,16092.03,18507.33,16750.82999348258
Marsa Dubai,2025Q2,16152.190404953904,12072.369332009315,20232.011477898493,0.8556980109362424,0.63956046614704,1.071835555725445,2023Q1,16092.03,18507.33,16750.82999348258
Marsa Dubai,2024Q3,18839.17754361031,16910.45327122917,20767.90181599145,0.9980470974882664,0.8958686633475437,1.1002255316289888,2023Q2,15008.77,18507.33,16750.82999348258
Marsa Dubai,2024Q4,18057.767686526327,14763.01702890552,21352.51834414713,0.9566501820440512,0.7821034788679723,1.1311968852201304,2023Q2,15008.77,18507.33,16750.82999348258
Marsa Dubai,2025Q1,17004.18530342527,13041.965500644586,20966.405106205955,0.900834325062788,0.6909269676624096,1.1107416824631664,2023Q2,15008.77,18507.33,16750.82999348258
Marsa Dubai,2025Q2,16152.190404953904,12072.369332009315,20232.011477898493,0.8556980109362424,0.63956046614704,1.071835555725445,2023Q2,15008.77,18507.33,16750.82999348258
Marsa Dubai,2024Q3,18839.17754361031,16910.45327122917,20767.90181599145,0.9980470974882664,0.8958686633475437,1.1002255316289888,2023Q3,14815.92,18507.33,16750.82999348258
Marsa Dubai,2024Q4,18057.767686526327,14763.01702890552,21352.51834414713,0.9566501820440512,0.7821034788679723,1.1311968852201304,2023Q3,14815.92,18507.33,16750.82999348258
Marsa Dubai,2025Q1,17004.18530342527,13041.965500644586,20966.405106205955,0.900834325062788,0.6909269676624096,1.1107416824631664,2023Q3,14815.92,18507.33,16750.82999348258
Marsa Dubai,2025Q2,16152.190404953904,12072.369332009315,20232.011477898493,0.8556980109362424,0.63956046614704,1.071835555725445,2023Q3,14815.92,18507.33,16750.82999348258
Marsa Dubai,2024Q3,18839.17754361031,16910.45327122917,20767.90181599145,0.9980470974882664,0.8958686633475437,1.1002255316289888,2023Q4,14853.22,18507.33,16750.82999348258
Marsa Dubai,2024Q4,18057.767686526327,14763.01702890552,21352.51834414713,0.9566501820440512,0.7821034788679723,1.1311968852201304,2023Q4,14853.22,18507.33,16750.82999348258
Marsa Dubai,2025Q1,17004.18530342527,13041.965500644586,20966.405106205955,0.900834325062788,0.6909269676624096,1.1107416824631664,2023Q4,14853.22,18507.33,16750.82999348258
Marsa Dubai,2025Q2,16152.190404953904,12072.369332009315,20232.011477898493,0.8556980109362424,0.63956046614704,1.071835555725445,2023Q4,14853.22,18507.33,16750.82999348258
Marsa Dubai,2024Q3,18839.17754361031,16910.45327122917,20767.90181599145,0.9980470974882664,0.8958686633475437,1.1002255316289888,2024Q1,16572.894999999997,18507.33,16750.82999348258
Marsa Dubai,2024Q4,18057.767686526327,14763.01702890552,21352.51834414713,0.9566501820440512,0.7821034788679723,1.1311968852201304,2024Q1,16572.894999999997,18507.33,16750.82999348258
Marsa Dubai,2025Q1,17004.18530342527,13041.965500644586,20966.405106205955,0.900834325062788,0.6909269676624096,1.1107416824631664,2024Q1,16572.894999999997,18507.33,16750.82999348258
Marsa Dubai,2025Q2,16152.190404953904,12072.369332009315,20232.011477898493,0.8556980109362424,0.63956046614704,1.071835555725445,2024Q1,16572.894999999997,18507.33,16750.82999348258
Marsa Dubai,2024Q3,18839.17754361031,16910.45327122917,20767.90181599145,0.9980470974882664,0.8958686633475437,1.1002255316289888,2024Q2,19011.16,18507.33,16750.82999348258
Marsa Dubai,2024Q4,18057.767686526327,14763.01702890552,21352.51834414713,0.9566501820440512,0.7821034788679723,1.1311968852201304,2024Q2,19011.16,18507.33,16750.82999348258
Marsa Dubai,2025Q1,17004.18530342527,13041.965500644586,20966.405106205955,0.900834325062788,0.6909269676624096,1.1107416824631664,2024Q2,19011.16,18507.33,16750.82999348258
Marsa Dubai,2025Q2,16152.190404953904,12072.369332009315,20232.011477898493,0.8556980109362424,0.63956046614704,1.071835555725445,2024Q2,19011.16,18507.33,16750.82999348258
Me'Aisem First,2024Q3,10120.79443134855,8933.83568406423,11307.75317863287,0.9467373898933104,0.8357047793667812,1.0577700004198398,2022Q1,8344.285,12177.35,10774.622929086254
Me'Aisem First,2024Q4,9388.67490937902,7488.163523478414,11289.186295279622,0.8782521607918815,0.7004711376562985,1.0560331839274644,2022Q1,8344.285,12177.35,10774.622929086254
Me'Aisem First,2025Q1,9184.75354581019,7205.464325424147,11164.042766196231,0.8591765851739591,0.6740263854477343,1.0443267849001838,2022Q1,8344.285,12177.35,10774.622929086254
Me'Aisem First,2025Q2,9184.75354581019,7205.464325424147,11164.042766196231,0.8591765851739591,0.6740263854477343,1.0443267849001838,2022Q1,8344.285,12177.35,10774.622929086254
Me'Aisem First,2024Q3,10120.79443134855,8933.83568406423,11307.75317863287,0.9467373898933104,0.8357047793667812,1.0577700004198398,2022Q2,10330.654999999999,12177.35,10774.622929086254
Me'Aisem First,2024Q4,9388.67490937902,7488.163523478414,11289.186295279622,0.8782521607918815,0.7004711376562985,1.0560331839274644,2022Q2,10330.654999999999,12177.35,10774.622929086254
Me'Aisem First,2025Q1,9184.75354581019,7205.464325424147,11164.042766196231,0.8591765851739591,0.6740263854477343,1.0443267849001838,2022Q2,10330.654999999999,12177.35,10774.622929086254
Me'Aisem First,2025Q2,9184.75354581019,7205.464325424147,11164.042766196231,0.8591765851739591,0.6740263854477343,1.0443267849001838,2022Q2,10330.654999999999,12177.35,10774.622929086254
Me'Aisem First,2024Q3,10120.79443134855,8933.83568406423,11307.75317863287,0.9467373898933104,0.8357047793667812,1.0577700004198398,2022Q3,9037.33,12177.35,10774.622929086254
Me'Aisem First,2024Q4,9388.67490937902,7488.163523478414,11289.186295279622,0.8782521607918815,0.7004711376562985,1.0560331839274644,2022Q3,9037.33,12177.35,10774.622929086254
Me'Aisem First,2025Q1,9184.75354581019,7205.464325424147,11164.042766196231,0.8591765851739591,0.6740263854477343,1.0443267849001838,2022Q3,9037.33,12177.35,10774.622929086254
Me'Aisem First,2025Q2,9184.75354581019,7205.464325424147,11164.042766196231,0.8591765851739591,0.6740263854477343,1.0443267849001838,2022Q3,9037.33,12177.35,10774.622929086254
Me'Aisem First,2024Q3,10120.79443134855,8933.83568406423,11307.75317863287,0.9467373898933104,0.8357047793667812,1.0577700004198398,2022Q4,7367.17,12177.35,10774.622929086254
Me'Aisem First,2024Q4,9388.67490937902,7488.163523478414,11289.186295279622,0.8782521607918815,0.7004711376562985,1.0560331839274644,2022Q4,7367.17,12177.35,10774.622929086254
Me'Aisem First,2025Q1,9184.75354581019,7205.464325424147,11164.042766196231,0.8591765851739591,0.6740263854477343,1.0443267849001838,2022Q4,7367.17,12177.35,10774.622929086254
Me'Aisem First,2025Q2,9184.75354581019,7205.464325424147,11164.042766196231,0.8591765851739591,0.6740263854477343,1.0443267849001838,2022Q4,7367.17,12177.35,10774.622929086254
Me'Aisem First,2024Q3,10120.79443134855,8933.83568406423,11307.75317863287,0.9467373898933104,0.8357047793667812,1.0577700004198398,2023Q1,8071.22,12177.35,10774.622929086254
Me'Aisem First,2024Q4,9388.67490937902,7488.163523478414,11289.186295279622,0.8782521607918815,0.7004711376562985,1.0560331839274644,2023Q1,8071.22,12177.35,10774.622929086254
Me'Aisem First,2025Q1,9184.75354581019,7205.464325424147,11164.042766196231,0.8591765851739591,0.6740263854477343,1.0443267849001838,2023Q1,8071.22,12177.35,10774.622929086254
Me'Aisem First,2025Q2,9184.75354581019,7205.464325424147,11164.042766196231,0.8591765851739591,0.6740263854477343,1.0443267849001838,2023Q1,8071.22,12177.35,10774.622929086254
Me'Aisem First,2024Q3,10120.79443134855,8933.83568406423,11307.75317863287,0.9467373898933104,0.8357047793667812,1.0577700004198398,2023Q2,10261.495,12177.35,10774.622929086254
Me'Aisem First,2024Q4,9388.67490937902,7488.163523478414,11289.186295279622,0.8782521607918815,0.7004711376562985,1.0560331839274644,2023Q2,10261.495,12177.35,10774.622929086254
Me'Aisem First,2025Q1,9184.75354581019,7205.464325424147,11164.042766196231,0.8591765851739591,0.6740263854477343,1.0443267849001838,2023Q2,10261.495,12177.35,10774.622929086254
Me'Aisem First,2025Q2,9184.75354581019,7205.464325424147,11164.042766196231,0.8591765851739591,0.6740263854477343,1.0443267849001838,2023Q2,10261.495,12177.35,10774.622929086254
Me'Aisem First,2024Q3,10120.79443134855,8933.83568406423,11307.75317863287,0.9467373898933104,0.8357047793667812,1.0577700004198398,2023Q3,9113.44,12177.35,10774.622929086254
Me'Aisem First,2024Q4,9388.67490937902,7488.163523478414,11289.186295279622,0.8782521607918815,0.7004711376562985,1.0560331839274644,2023Q3,9113.44,12177.35,10774.622929086254
Me'Aisem First,2025Q1,9184.75354581019,7205.464325424147,11164.042766196231,0.8591765851739591,0.6740263854477343,1.0443267849001838,2023Q3,9113.44,12177.35,10774.622929086254
Me'Aisem First,2025Q2,9184.75354581019,7205.464325424147,11164.042766196231,0.8591765851739591,0.6740263854477343,1.0443267849001838,2023Q3,9113.44,12177.35,10774.622929086254
Me'Aisem First,2024Q3,10120.79443134855,8933.83568406423,11307.75317863287,0.9467373898933104,0.8357047793667812,1.0577700004198398,2023Q4,9337.82,12177.35,10774.622929086254
Me'Aisem First,2024Q4,9388.67490937902,7488.163523478414,11289.186295279622,0.8782521607918815,0.7004711376562985,1.0560331839274644,2023Q4,9337.82,12177.35,10774.622929086254
Me'Aisem First,2025Q1,9184.75354581019,7205.464325424147,11164.042766196231,0.8591765851739591,0.6740263854477343,1.0443267849001838,2023Q4,9337.82,12177.35,10774.622929086254
Me'Aisem First,2025Q2,9184.75354581019,7205.464325424147,11164.042766196231,0.8591765851739591,0.6740263854477343,1.0443267849001838,2023Q4,9337.82,12177.35,10774.622929086254
Me'Aisem First,2024Q3,10120.79443134855,8933.83568406423,11307.75317863287,0.9467373898933104,0.8357047793667812,1.0577700004198398,2024Q1,9979.21,12177.35,10774.622929086254
Me'Aisem First,2024Q4,9388.67490937902,7488.163523478414,11289.186295279622,0.8782521607918815,0.7004711376562985,1.0560331839274644,2024Q1,9979.21,12177.35,10774.622929086254
Me'Aisem First,2025Q1,9184.75354581019,7205.464325424147,11164.042766196231,0.8591765851739591,0.6740263854477343,1.0443267849001838,2024Q1,9979.21,12177.35,10774.622929086254
Me'Aisem First,2025Q2,9184.75354581019,7205.464325424147,11164.042766196231,0.8591765851739591,0.6740263854477343,1.0443267849001838,2024Q1,9979.21,12177.35,10774.622929086254
Me'Aisem First,2024Q3,10120.79443134855,8933.83568406423,11307.75317863287,0.9467373898933104,0.8357047793667812,1.0577700004198398,2024Q2,10538.28,12177.35,10774.622929086254
Me'Aisem First,2024Q4,9388.67490937902,7488.163523478414,11289.186295279622,0.8782521607918815,0.7004711376562985,1.0560331839274644,2024Q2,10538.28,12177.35,10774.622929086254
Me'Aisem First,2025Q1,9184.75354581019,7205.464325424147,11164.042766196231,0.8591765851739591,0.6740263854477343,1.0443267849001838,2024Q2,10538.28,12177.35,10774.622929086254
Me'Aisem First,2025Q2,9184.75354581019,7205.464325424147,11164.042766196231,0.8591765851739591,0.6740263854477343,1.0443267849001838,2024Q2,10538.28,12177.35,10774.622929086254
Nadd Hessa,2024Q3,8579.785711009174,6967.122529329167,10192.44889268918,1.0,0.8120392238222555,1.1879607761777446,2022Q1,6101.72,9676.55,7427.251770420318
Nadd Hessa,2024Q4,8579.785711009174,6299.135567937561,10860.435854080786,1.0,0.7341833211352597,1.2658166788647405,2022Q1,6101.72,9676.55,7427.251770420318
Nadd Hessa,2025Q1,8579.785711009174,5786.571144843723,11373.000277174624,1.0,0.6744423858300644,1.3255576141699354,2022Q1,6101.72,9676.55,7427.251770420318
Nadd Hessa,2025Q2,8579.785711009174,5354.459347649161,11805.112074369186,1.0,0.6240784476445108,1.375921552355489,2022Q1,6101.72,9676.55,7427.251770420318
Nadd Hessa,2024Q3,8579.785711009174,6967.122529329167,10192.44889268918,1.0,0.8120392238222555,1.1879607761777446,2022Q2,5780.0650000000005,9676.55,7427.251770420318
Nadd Hessa,2024Q4,8579.785711009174,6299.135567937561,10860.435854080786,1.0,0.7341833211352597,1.2658166788647405,2022Q2,5780.0650000000005,9676.55,7427.251770420318
Nadd Hessa,2025Q1,8579.785711009174,5786.571144843723,11373.000277174624,1.0,0.6744423858300644,1.3255576141699354,2022Q2,5780.0650000000005,9676.55,7427.251770420318
Nadd Hessa,2025Q2,8579.785711009174,5354.459347649161,11805.112074369186,1.0,0.6240784476445108,1.375921552355489,2022Q2,5780.0650000000005,9676.55,7427.251770420318
Nadd Hessa,2024Q3,8579.785711009174,6967.122529329167,10192.44889268918,1.0,0.8120392238222555,1.1879607761777446,2022Q3,6223.05,9676.55,7427.251770420318
Nadd Hessa,2024Q4,8579.785711009174,6299.135567937561,10860.435854080786,1.0,0.7341833211352597,1.2658166788647405,2022Q3,6223.05,9676.55,7427.251770420318
Nadd Hessa,2025Q1,8579.785711009174,5786.571144843723,11373.000277174624,1.0,0.6744423858300644,1.3255576141699354,2022Q3,6223.05,9676.55,7427.251770420318
Nadd Hessa,2025Q2,8579.785711009174,5354.459347649161,11805.112074369186,1.0,0.6240784476445108,1.375921552355489,2022Q3,6223.05,9676.55,7427.251770420318
Nadd Hessa,2024Q3,8579.785711009174,6967.122529329167,10192.44889268918,1.0,0.8120392238222555,1.1879607761777446,2022Q4,7687.27,9676.55,7427.251770420318
Nadd Hessa,2024Q4,8579.785711009174,6299.135567937561,10860.435854080786,1.0,0.7341833211352597,1.2658166788647405,2022Q4,7687.27,9676.55,7427.251770420318
Nadd Hessa,2025Q1,8579.785711009174,5786.571144843723,11373.000277174624,1.0,0.6744423858300644,1.3255576141699354,2022Q4,7687.27,9676.55,7427.251770420318
Nadd Hessa,2025Q2,8579.785711009174,5354.459347649161,11805.112074369186,1.0,0.6240784476445108,1.375921552355489,2022Q4,7687.27,9676.55,7427.251770420318
Nadd Hessa,2024Q3,8579.785711009174,6967.122529329167,10192.44889268918,1.0,0.8120392238222555,1.1879607761777446,2023Q1,7306.74,9676.55,7427.251770420318
Nadd Hessa,2024Q4,8579.785711009174,6299.135567937561,10860.435854080786,1.0,0.7341833211352597,1.2658166788647405,2023Q1,7306.74,9676.55,7427.251770420318
Nadd Hessa,2025Q1,8579.785711009174,5786.571144843723,11373.000277174624,1.0,0.6744423858300644,1.3255576141699354,2023Q1,7306.74,9676.55,7427.251770420318
Nadd Hessa,2025Q2,8579.785711009174,5354.459347649161,11805.112074369186,1.0,0.6240784476445108,1.375921552355489,2023Q1,7306.74,9676.55,7427.251770420318
Nadd Hessa,2024Q3,8579.785711009174,6967.122529329167,10192.44889268918,1.0,0.8120392238222555,1.1879607761777446,2023Q2,7205.385,9676.55,7427.251770420318
Nadd Hessa,2024Q4,8579.785711009174,6299.135567937561,10860.435854080786,1.0,0.7341833211352597,1.2658166788647405,2023Q2,7205.385,9676.55,7427.251770420318
Nadd Hessa,2025Q1,8579.785711009174,5786.571144843723,11373.000277174624,1.0,0.6744423858300644,1.3255576141699354,2023Q2,7205.385,9676.55,7427.251770420318
Nadd Hessa,2025Q2,8579.785711009174,5354.459347649161,11805.112074369186,1.0,0.6240784476445108,1.375921552355489,2023Q2,7205.385,9676.55,7427.251770420318
Nadd Hessa,2024Q3,8579.785711009174,6967.122529329167,10192.44889268918,1.0,0.8120392238222555,1.1879607761777446,2023Q3,7194.24,9676.55,7427.251770420318
Nadd Hessa,2024Q4,8579.785711009174,6299.135567937561,10860.435854080786,1.0,0.7341833211352597,1.2658166788647405,2023Q3,7194.24,9676.55,7427.251770420318
Nadd Hessa,2025Q1,8579.785711009174,5786.571144843723,11373.000277174624,1.0,0.6744423858300644,1.3255576141699354,2023Q3,7194.24,9676.55,7427.251770420318
Nadd Hessa,2025Q2,8579.785711009174,5354.459347649161,11805.112074369186,1.0,0.6240784476445108,1.375921552355489,2023Q3,7194.24,9676.55,7427.251770420318
Nadd Hessa,2024Q3,8579.785711009174,6967.122529329167,10192.44889268918,1.0,0.8120392238222555,1.1879607761777446,2023Q4,7152.05,9676.55,7427.251770420318
Nadd Hessa,2024Q4,8579.785711009174,6299.135567937561,10860.435854080786,1.0,0.7341833211352597,1.2658166788647405,2023Q4,7152.05,9676.55,7427.251770420318
Nadd Hessa,2025Q1,8579.785711009174,5786.571144843723,11373.000277174624,1.0,0.6744423858300644,1.3255576141699354,2023Q4,7152.05,9676.55,7427.251770420318
Nadd Hessa,2025Q2,8579.785711009174,5354.459347649161,11805.112074369186,1.0,0.6240784476445108,1.375921552355489,2023Q4,7152.05,9676.55,7427.251770420318
Nadd Hessa,2024Q3,8579.785711009174,6967.122529329167,10192.44889268918,1.0,0.8120392238222555,1.1879607761777446,2024Q1,8683.66,9676.55,7427.251770420318
Nadd Hessa,2024Q4,8579.785711009174,6299.135567937561,10860.435854080786,1.0,0.7341833211352597,1.2658166788647405,2024Q1,8683.66,9676.55,7427.251770420318
Nadd Hessa,2025Q1,8579.785711009174,5786.571144843723,11373.000277174624,1.0,0.6744423858300644,1.3255576141699354,2024Q1,8683.66,9676.55,7427.251770420318
Nadd Hessa,2025Q2,8579.785711009174,5354.459347649161,11805.112074369186,1.0,0.6240784476445108,1.375921552355489,2024Q1,8683.66,9676.55,7427.251770420318
Nadd Hessa,2024Q3,8579.785711009174,6967.122529329167,10192.44889268918,1.0,0.8120392238222555,1.1879607761777446,2024Q2,8422.18,9676.55,7427.251770420318
Nadd Hessa,2024Q4,8579.785711009174,6299.135567937561,10860.435854080786,1.0,0.7341833211352597,1.2658166788647405,2024Q2,8422.18,9676.55,7427.251770420318
Nadd Hessa,2025Q1,8579.785711009174,5786.571144843723,11373.000277174624,1.0,0.6744423858300644,1.3255576141699354,2024Q2,8422.18,9676.55,7427.251770420318
Nadd Hessa,2025Q2,8579.785711009174,5354.459347649161,11805.112074369186,1.0,0.6240784476445108,1.375921552355489,2024Q2,8422.18,9676.55,7427.251770420318
Palm Jumeirah,2022Q1,17232.396704248258,16039.587574102614,18425.205834393902,1.0414800376788742,0.9693898392503798,1.1135702361073687,,,,
Palm Jumeirah,2022Q2,17262.344732363566,14576.757867718146,19947.931597008985,1.0432900165219363,0.8809803182841242,1.205599714759748,,,,
Palm Jumeirah,2022Q3,17203.775510361967,13481.929618265518,20925.62140245841,1.0397502491533026,0.814811822626714,1.264688675679891,,,,
Palm Jumeirah,2022Q4,17145.405007237732,12623.57823292258,21667.231781552884,1.036222491822938,0.762935357124484,1.309509626521392,,,,
Wadi Al Safa 5,2024Q3,9720.643181866131,7285.95286977182,12155.333493960448,0.9186855176825228,0.6885860594557688,1.1487849759092768,2022Q1,6280.125,12782.47,8202.546983280412
Wadi Al Safa 5,2024Q4,8125.35447080008,5219.45883872478,11031.25010287538,0.7679168280023151,0.4932843594363844,1.0425492965682457,2022Q1,6280.125,12782.47,8202.546983280412
Wadi Al Safa 5,2025Q1,8125.17087931244,5217.357326450743,11032.984432174137,0.7678994770063254,0.4930857482071407,1.0427132058055102,2022Q1,6280.125,12782.47,8202.546983280412
Wadi Al Safa 5,2025Q2,8124.98729197303,5215.2571690875575,11034.717414858502,0.7678821264023797,0.4928872650287835,1.042876987775976,2022Q1,6280.125,12782.47,8202.546983280412
Wadi Al Safa 5,2024Q3,9720.643181866131,7285.95286977182,12155.333493960448,0.9186855176825228,0.6885860594557688,1.1487849759092768,2022Q2,6412.21,12782.47,8202.546983280412
Wadi Al Safa 5,2024Q4,8125.35447080008,5219.45883872478,11031.25010287538,0.7679168280023151,0.4932843594363844,1.0425492965682457,2022Q2,6412.21,12782.47,8202.546983280412
Wadi Al Safa 5,2025Q1,8125.17087931244,5217.357326450743,11032.984432174137,0.7678994770063254,0.4930857482071407,1.0427132058055102,2022Q2,6412.21,12782.47,8202.546983280412
Wadi Al Safa 5,2025Q2,8124.98729197303,5215.2571690875575,11034.717414858502,0.7678821264023797,0.4928872650287835,1.042876987775976,2022Q2,6412.21,12782.47,8202.546983280412
Wadi Al Safa 5,2024Q3,9720.643181866131,7285.95286977182,12155.333493960448,0.9186855176825228,0.6885860594557688,1.1487849759092768,2022Q3,7465.12,12782.47,8202.546983280412
Wadi Al Safa 5,2024Q4,8125.35447080008,5219.45883872478,11031.25010287538,0.7679168280023151,0.4932843594363844,1.0425492965682457,2022Q3,7465.12,12782.47,8202.546983280412
Wadi Al Safa 5,2025Q1,8125.17087931244,5217.357326450743,11032.984432174137,0.7678994770063254,0.4930857482071407,1.0427132058055102,2022Q3,7465.12,12782.47,8202.546983280412
Wadi Al Safa 5,2025Q2,8124.98729197303,5215.2571690875575,11034.717414858502,0.7678821264023797,0.4928872650287835,1.042876987775976,2022Q3,7465.12,12782.47,8202.546983280412
Wadi Al Safa 5,2024Q3,9720.643181866131,7285.95286977182,12155.333493960448,0.9186855176825228,0.6885860594557688,1.1487849759092768,2022Q4,7804.8,12782.47,8202.546983280412
Wadi Al Safa 5,2024Q4,8125.35447080008,5219.45883872478,11031.25010287538,0.7679168280023151,0.4932843594363844,1.0425492965682457,2022Q4,7804.8,12782.47,8202.546983280412
Wadi Al Safa 5,2025Q1,8125.17087931244,5217.357326450743,11032.984432174137,0.7678994770063254,0.4930857482071407,1.0427132058055102,2022Q4,7804.8,12782.47,8202.546983280412
Wadi Al Safa 5,2025Q2,8124.98729197303,5215.2571690875575,11034.717414858502,0.7678821264023797,0.4928872650287835,1.042876987775976,2022Q4,7804.8,12782.47,8202.546983280412
Wadi Al Safa 5,2024Q3,9720.643181866131,7285.95286977182,12155.333493960448,0.9186855176825228,0.6885860594557688,1.1487849759092768,2023Q1,5822.110000000001,12782.47,8202.546983280412
Wadi Al Safa 5,2024Q4,8125.35447080008,5219.45883872478,11031.25010287538,0.7679168280023151,0.4932843594363844,1.0425492965682457,2023Q1,5822.110000000001,12782.47,8202.546983280412
Wadi Al Safa 5,2025Q1,8125.17087931244,5217.357326450743,11032.984432174137,0.7678994770063254,0.4930857482071407,1.0427132058055102,2023Q1,5822.110000000001,12782.47,8202.546983280412
Wadi Al Safa 5,2025Q2,8124.98729197303,5215.2571690875575,11034.717414858502,0.7678821264023797,0.4928872650287835,1.042876987775976,2023Q1,5822.110000000001,12782.47,8202.546983280412
Wadi Al Safa 5,2024Q3,9720.643181866131,7285.95286977182,12155.333493960448,0.9186855176825228,0.6885860594557688,1.1487849759092768,2023Q2,8552.98,12782.47,8202.546983280412
Wadi Al Safa 5,2024Q4,8125.35447080008,5219.45883872478,11031.25010287538,0.7679168280023151,0.4932843594363844,1.0425492965682457,2023Q2,8552.98,12782.47,8202.546983280412
Wadi Al Safa 5,2025Q1,8125.17087931244,5217.357326450743,11032.984432174137,0.7678994770063254,0.4930857482071407,1.0427132058055102,2023Q2,8552.98,12782.47,8202.546983280412
Wadi Al Safa 5,2025Q2,8124.98729197303,5215.2571690875575,11034.717414858502,0.7678821264023797,0.4928872650287835,1.042876987775976,2023Q2,8552.98,12782.47,8202.546983280412
Wadi Al Safa 5,2024Q3,9720.643181866131,7285.95286977182,12155.333493960448,0.9186855176825228,0.6885860594557688,1.1487849759092768,2023Q3,9417.98,12782.47,8202.546983280412
Wadi Al Safa 5,2024Q4,8125.35447080008,5219.45883872478,11031.25010287538,0.7679168280023151,0.4932843594363844,1.0425492965682457,2023Q3,9417.98,12782.47,8202.546983280412
Wadi Al Safa 5,2025Q1,8125.17087931244,5217.357326450743,11032.984432174137,0.7678994770063254,0.4930857482071407,1.0427132058055102,2023Q3,9417.98,12782.47,8202.546983280412
Wadi Al Safa 5,2025Q2,8124.98729197303,5215.2571690875575,11034.717414858502,0.7678821264023797,0.4928872650287835,1.042876987775976,2023Q3,9417.98,12782.47,8202.546983280412
Wadi Al Safa 5,2024Q3,9720.643181866131,7285.95286977182,12155.333493960448,0.9186855176825228,0.6885860594557688,1.1487849759092768,2023Q4,8452.404999999999,12782.47,8202.546983280412
Wadi Al Safa 5,2024Q4,8125.35447080008,5219.45883872478,11031.25010287538,0.7679168280023151,0.4932843594363844,1.0425492965682457,2023Q4,8452.404999999999,12782.47,8202.546983280412
Wadi Al Safa 5,2025Q1,8125.17087931244,5217.357326450743,11032.984432174137,0.7678994770063254,0.4930857482071407,1.0427132058055102,2023Q4,8452.404999999999,12782.47,8202.546983280412
Wadi Al Safa 5,2025Q2,8124.98729197303,5215.2571690875575,11034.717414858502,0.7678821264023797,0.4928872650287835,1.042876987775976,2023Q4,8452.404999999999,12782.47,8202.546983280412
Wadi Al Safa 5,2024Q3,9720.643181866131,7285.95286977182,12155.333493960448,0.9186855176825228,0.6885860594557688,1.1487849759092768,2024Q1,6996.74,12782.47,8202.546983280412
Wadi Al Safa 5,2024Q4,8125.35447080008,5219.45883872478,11031.25010287538,0.7679168280023151,0.4932843594363844,1.0425492965682457,2024Q1,6996.74,12782.47,8202.546983280412
Wadi Al Safa 5,2025Q1,8125.17087931244,5217.357326450743,11032.984432174137,0.7678994770063254,0.4930857482071407,1.0427132058055102,2024Q1,6996.74,12782.47,8202.546983280412
Wadi Al Safa 5,2025Q2,8124.98729197303,5215.2571690875575,11034.717414858502,0.7678821264023797,0.4928872650287835,1.042876987775976,2024Q1,6996.74,12782.47,8202.546983280412
Wadi Al Safa 5,2024Q3,9720.643181866131,7285.95286977182,12155.333493960448,0.9186855176825228,0.6885860594557688,1.1487849759092768,2024Q2,11289.38,12782.47,8202.546983280412
Wadi Al Safa 5,2024Q4,8125.35447080008,5219.45883872478,11031.25010287538,0.7679168280023151,0.4932843594363844,1.0425492965682457,2024Q2,11289.38,12782.47,8202.546983280412
Wadi Al Safa 5,2025Q1,8125.17087931244,5217.357326450743,11032.984432174137,0.7678994770063254,0.4930857482071407,1.0427132058055102,2024Q2,11289.38,12782.47,8202.546983280412
Wadi Al Safa 5,2025Q2,8124.98729197303,5215.2571690875575,11034.717414858502,0.7678821264023797,0.4928872650287835,1.042876987775976,2024Q2,11289.38,12782.47,8202.546983280412
