LOCAL FILE,GITHUB DESTINATION,ACTION,REASON,MODE,LOCAL GIT BLOB,GITHUB MAIN BLOB,BYTES
.DS_Store,—,EXCLUDE,Local/test/runtime/history/audit or non-production file outside the exact source allowlist.,LOCAL_ONLY,d807a7f6aefdca5394bb18617a433f098821f9ae,,10244
.devcontainer/devcontainer.json,.devcontainer/devcontainer.json,EXCLUDE,Retain current GitHub main file unchanged; do not upload a local replacement.,RETAIN_MAIN,0cc57cf104c0a2c33866773f3fc77bf6f3f54b6f,0cc57cf104c0a2c33866773f3fc77bf6f3f54b6f,1034
.github/workflows/production-intelligence.yml,.github/workflows/production-intelligence.yml,ADD,"Daily/manual real-RSS publisher, pinned actions, one concurrency group, explicit operator activation.",SOURCE,661098ffdf9f15b15468bab94b62d4cc656069aa,,1212
.gitignore,.gitignore,MODIFY,"Apply the reviewed dependency, documentation or exclusion change.",SOURCE,031123145706a30706b14df70a63ba1654541469,05f1d74dec1396bccd63fe778b42cfef361552ae,885
.streamlit/config.toml,.streamlit/config.toml,EXCLUDE,Retain current GitHub main file unchanged; do not upload a local replacement.,RETAIN_MAIN,0bd9d35f6ea2493df98e8fefe300f4e52bb60efe,0bd9d35f6ea2493df98e8fefe300f4e52bb60efe,2177
APPLY.md,APPLY.md,EXCLUDE,Retain current GitHub main file unchanged; do not upload a local replacement.,RETAIN_MAIN,14db70eea12d7c451a03fa67140a368384a6ea2a,14db70eea12d7c451a03fa67140a368384a6ea2a,6346
DEPLOY.md,DEPLOY.md,MODIFY,"Apply the reviewed dependency, documentation or exclusion change.",SOURCE,da4a3072afe1decaa69431416795eba5c13f3166,437c435605e26cd5092eb7993febaaefff82a203,1623
README.md,README.md,MODIFY,"Apply the reviewed dependency, documentation or exclusion change.",SOURCE,f5ee791d31498c67d92619734cc25d88f4a396ee,09d6fc3e9f3ab2abfa79b61c251c680917bee2f9,4479
build_deploy.sh,build_deploy.sh,MODIFY,"Apply the reviewed dependency, documentation or exclusion change.",SOURCE,bc8fd101ef7dcb51f0c42b8a3f02fdd8fd89e255,827c49b5fb19fd4339169a91abc5d7a69feb3ab5,3137
data/dubai/input_ranges.csv,data/dubai/input_ranges.csv,EXCLUDE,Retain current GitHub main file unchanged; do not upload a local replacement.,RETAIN_MAIN,abe191c4601a5f51a449bbfd2d36db6c0c5dc519,abe191c4601a5f51a449bbfd2d36db6c0c5dc519,43422
data/dubai/latest_combined_data.parquet,data/dubai/latest_combined_data.parquet,EXCLUDE,Retain current GitHub main file unchanged; do not upload a local replacement.,RETAIN_MAIN,a6c32139e966032b8e522537e8c549b8df3963d2,a6c32139e966032b8e522537e8c549b8df3963d2,53784307
data/dubai/provenance.json,data/dubai/provenance.json,EXCLUDE,Retain current GitHub main file unchanged; do not upload a local replacement.,RETAIN_MAIN,d271b2ab834effea22e846a995747c440f47ba55,d271b2ab834effea22e846a995747c440f47ba55,2195
data/dubai/raw_transaction_counts.parquet,data/dubai/raw_transaction_counts.parquet,EXCLUDE,Retain current GitHub main file unchanged; do not upload a local replacement.,RETAIN_MAIN,e17e81de20ed7d5f803b8eabe9db31864b9d0583,e17e81de20ed7d5f803b8eabe9db31864b9d0583,6726
data/intelligence/.gitkeep,—,EXCLUDE,Local/test/runtime/history/audit or non-production file outside the exact source allowlist.,LOCAL_ONLY,e69de29bb2d1d6434b8b29ae775ad8c2e48c5391,,0
data/production_intelligence/.refresh.lock,—,EXCLUDE,Local/test/runtime/history/audit or non-production file outside the exact source allowlist.,LOCAL_ONLY,e69de29bb2d1d6434b8b29ae775ad8c2e48c5391,,0
data/production_intelligence/builds/92b27d2948e19c262e6934bf259e3794bed4c2817f837b4a07ce8267a8a74932/intelligence.db,—,EXCLUDE,Local/test/runtime/history/audit or non-production file outside the exact source allowlist.,LOCAL_ONLY,f6000975f1e0ae363540c62450e7e4e86e12fc6b,,2170880
data/production_intelligence/builds/92b27d2948e19c262e6934bf259e3794bed4c2817f837b4a07ce8267a8a74932/intelligence.db-shm,—,EXCLUDE,Local/test/runtime/history/audit or non-production file outside the exact source allowlist.,LOCAL_ONLY,fe9ac2845eca6fe6da8a63cd096d9cf9e24ece10,,32768
data/production_intelligence/builds/92b27d2948e19c262e6934bf259e3794bed4c2817f837b4a07ce8267a8a74932/intelligence.db-wal,—,EXCLUDE,Local/test/runtime/history/audit or non-production file outside the exact source allowlist.,LOCAL_ONLY,e69de29bb2d1d6434b8b29ae775ad8c2e48c5391,,0
data/production_intelligence/builds/92b27d2948e19c262e6934bf259e3794bed4c2817f837b4a07ce8267a8a74932/manifest.json,—,EXCLUDE,Local/test/runtime/history/audit or non-production file outside the exact source allowlist.,LOCAL_ONLY,3ed9c6022516595ec1ae1dd333cc85895763c4d2,,49625
data/production_intelligence/current.json,—,EXCLUDE,Local/test/runtime/history/audit or non-production file outside the exact source allowlist.,LOCAL_ONLY,29cb417c7dc7947909f38a104e311872d57eeb40,,81
data/production_intelligence/receipts.json,—,EXCLUDE,Local/test/runtime/history/audit or non-production file outside the exact source allowlist.,LOCAL_ONLY,d9c375eb9e1b08b067cd8f10b7a9b09b41d3d4b1,,46833
data/production_intelligence/runs/20260908T182203Z-a2f03052/fetch.json,—,EXCLUDE,Local/test/runtime/history/audit or non-production file outside the exact source allowlist.,LOCAL_ONLY,d28e098b4590fe0ed84077f80b5582e034bb3040,,5127
data/production_intelligence/runs/20260908T182203Z-a2f03052/intelligence.db,—,EXCLUDE,Local/test/runtime/history/audit or non-production file outside the exact source allowlist.,LOCAL_ONLY,6fdbaa4fc7467b717311bbd68d8a5fa10db80096,,663552
data/production_intelligence/runs/20260908T182203Z-a2f03052/manifest.json,—,EXCLUDE,Local/test/runtime/history/audit or non-production file outside the exact source allowlist.,LOCAL_ONLY,eea9ae488d8415591d78990225b2e4a22088059f,,425
data/production_intelligence/runs/20260908T182203Z-a2f03052/pipeline.json,—,EXCLUDE,Local/test/runtime/history/audit or non-production file outside the exact source allowlist.,LOCAL_ONLY,81b6d1a99daafd0a7a418981b8c0afa6ab6b2991,,8510
data/production_intelligence/runs/20260908T182203Z-a2f03052/registry.json,—,EXCLUDE,Local/test/runtime/history/audit or non-production file outside the exact source allowlist.,LOCAL_ONLY,7e0438025d1d4f570f047a373057b4a38f98a771,,22264
data/production_intelligence/runs/20260908T182221Z-641f39be/fetch.json,—,EXCLUDE,Local/test/runtime/history/audit or non-production file outside the exact source allowlist.,LOCAL_ONLY,a90f5f0ca2f68cce444b142949c3b22118c5f2f3,,4498
data/production_intelligence/runs/20260908T182221Z-641f39be/intelligence.db,—,EXCLUDE,Local/test/runtime/history/audit or non-production file outside the exact source allowlist.,LOCAL_ONLY,f6000975f1e0ae363540c62450e7e4e86e12fc6b,,2170880
data/production_intelligence/runs/20260908T182221Z-641f39be/intelligence.db-shm,—,EXCLUDE,Local/test/runtime/history/audit or non-production file outside the exact source allowlist.,LOCAL_ONLY,fe9ac2845eca6fe6da8a63cd096d9cf9e24ece10,,32768
data/production_intelligence/runs/20260908T182221Z-641f39be/intelligence.db-wal,—,EXCLUDE,Local/test/runtime/history/audit or non-production file outside the exact source allowlist.,LOCAL_ONLY,e69de29bb2d1d6434b8b29ae775ad8c2e48c5391,,0
data/production_intelligence/runs/20260908T182221Z-641f39be/manifest.json,—,EXCLUDE,Local/test/runtime/history/audit or non-production file outside the exact source allowlist.,LOCAL_ONLY,3ed9c6022516595ec1ae1dd333cc85895763c4d2,,49625
data/production_intelligence/runs/20260908T182221Z-641f39be/pipeline.json,—,EXCLUDE,Local/test/runtime/history/audit or non-production file outside the exact source allowlist.,LOCAL_ONLY,5f3e664ac8932199a122f0e45df4782e66317872,,8558
data/production_intelligence/runs/20260908T182221Z-641f39be/publication_recovery.json,—,EXCLUDE,Local/test/runtime/history/audit or non-production file outside the exact source allowlist.,LOCAL_ONLY,e0b241e552891b2ad65429ee268985527be2b7ef,,290
data/production_intelligence/runs/20260908T182221Z-641f39be/registry.json,—,EXCLUDE,Local/test/runtime/history/audit or non-production file outside the exact source allowlist.,LOCAL_ONLY,7e0438025d1d4f570f047a373057b4a38f98a771,,22264
data/production_intelligence/work/.intelligence.db.clean.lock,—,EXCLUDE,Local/test/runtime/history/audit or non-production file outside the exact source allowlist.,LOCAL_ONLY,e69de29bb2d1d6434b8b29ae775ad8c2e48c5391,,0
data/production_intelligence/work/.intelligence.db.dedupe.lock,—,EXCLUDE,Local/test/runtime/history/audit or non-production file outside the exact source allowlist.,LOCAL_ONLY,e69de29bb2d1d6434b8b29ae775ad8c2e48c5391,,0
data/production_intelligence/work/.intelligence.db.entities.lock,—,EXCLUDE,Local/test/runtime/history/audit or non-production file outside the exact source allowlist.,LOCAL_ONLY,e69de29bb2d1d6434b8b29ae775ad8c2e48c5391,,0
data/production_intelligence/work/.intelligence.db.events.lock,—,EXCLUDE,Local/test/runtime/history/audit or non-production file outside the exact source allowlist.,LOCAL_ONLY,e69de29bb2d1d6434b8b29ae775ad8c2e48c5391,,0
data/production_intelligence/work/.intelligence.db.intelligence.lock,—,EXCLUDE,Local/test/runtime/history/audit or non-production file outside the exact source allowlist.,LOCAL_ONLY,e69de29bb2d1d6434b8b29ae775ad8c2e48c5391,,0
data/production_intelligence/work/.intelligence.db.metrics.lock,—,EXCLUDE,Local/test/runtime/history/audit or non-production file outside the exact source allowlist.,LOCAL_ONLY,e69de29bb2d1d6434b8b29ae775ad8c2e48c5391,,0
data/production_intelligence/work/.intelligence.db.relevance.lock,—,EXCLUDE,Local/test/runtime/history/audit or non-production file outside the exact source allowlist.,LOCAL_ONLY,e69de29bb2d1d6434b8b29ae775ad8c2e48c5391,,0
data/production_intelligence/work/.intelligence.db.uae_relevance.lock,—,EXCLUDE,Local/test/runtime/history/audit or non-production file outside the exact source allowlist.,LOCAL_ONLY,e69de29bb2d1d6434b8b29ae775ad8c2e48c5391,,0
data/production_intelligence/work/intelligence.db,—,EXCLUDE,Local/test/runtime/history/audit or non-production file outside the exact source allowlist.,LOCAL_ONLY,a673aedd28e461ed2a247b2172d13529439b2595,,2170880
data/production_intelligence/work/intelligence.db-shm,—,EXCLUDE,Local/test/runtime/history/audit or non-production file outside the exact source allowlist.,LOCAL_ONLY,fe9ac2845eca6fe6da8a63cd096d9cf9e24ece10,,32768
data/production_intelligence/work/intelligence.db-wal,—,EXCLUDE,Local/test/runtime/history/audit or non-production file outside the exact source allowlist.,LOCAL_ONLY,e69de29bb2d1d6434b8b29ae775ad8c2e48c5391,,0
data/production_intelligence/work/raw_articles/.append.lock,—,EXCLUDE,Local/test/runtime/history/audit or non-production file outside the exact source allowlist.,LOCAL_ONLY,e69de29bb2d1d6434b8b29ae775ad8c2e48c5391,,0
data/production_intelligence/work/raw_articles/2026-09-08.jsonl,—,EXCLUDE,Local/test/runtime/history/audit or non-production file outside the exact source allowlist.,LOCAL_ONLY,7317009585113f7ef0a9caeef50c389611a69368,,2193223
deploy/requirements-intelligence.lock,deploy/requirements-intelligence.lock,ADD,"Fourteen exact Linux/Python 3.12 dependency versions and wheel hashes, including transitive packages.",SOURCE,bde16a267b01529e30910cf337fa0af351755812,,1500
deploy/stage18_refresh.cron.example,—,EXCLUDE,Local/test/runtime/history/audit or non-production file outside the exact source allowlist.,LOCAL_ONLY,c7af4a92a356bc0c77843a8569d9e42734519403,,922
docs/ARCHITECTURE.md,docs/ARCHITECTURE.md,EXCLUDE,Retain current GitHub main file unchanged; do not upload a local replacement.,RETAIN_MAIN,5cd0422d604c44020b88731d4f4c693b282a4068,5cd0422d604c44020b88731d4f4c693b282a4068,14910
docs/CHECKLIST.md,docs/CHECKLIST.md,EXCLUDE,Retain current GitHub main file unchanged; do not upload a local replacement.,RETAIN_MAIN,5a858d5a258432fb42d1bc2dc3b0207f90653a31,5a858d5a258432fb42d1bc2dc3b0207f90653a31,25019
docs/Dashboard_Changes_and_Solutions.md,docs/Dashboard_Changes_and_Solutions.md,EXCLUDE,Retain current GitHub main file unchanged; do not upload a local replacement.,RETAIN_MAIN,76f9f7f30135336b49216fbd13c1be6a5e1557d0,76f9f7f30135336b49216fbd13c1be6a5e1557d0,17209
docs/Dashboard_Code_Explanation.md,docs/Dashboard_Code_Explanation.md,EXCLUDE,Retain current GitHub main file unchanged; do not upload a local replacement.,RETAIN_MAIN,fcf64345e56a73a0f8bfe13c672667af63fc8dcf,fcf64345e56a73a0f8bfe13c672667af63fc8dcf,15341
docs/Dubai_Analytics_Chart_Reference_Guide.docx,docs/Dubai_Analytics_Chart_Reference_Guide.docx,EXCLUDE,Retain current GitHub main file unchanged; do not upload a local replacement.,RETAIN_MAIN,73bab9a8bd172b30bf46cd5e808ff267a737a619,73bab9a8bd172b30bf46cd5e808ff267a737a619,83583
docs/Dubai_Analytics_Chart_Reference_Guide.pdf,docs/Dubai_Analytics_Chart_Reference_Guide.pdf,EXCLUDE,Retain current GitHub main file unchanged; do not upload a local replacement.,RETAIN_MAIN,5b57a54cbdecae35905904630d87e2ad8318573d,5b57a54cbdecae35905904630d87e2ad8318573d,1254763
docs/INTEGRATION_CHANGES.md,docs/INTEGRATION_CHANGES.md,EXCLUDE,Retain current GitHub main file unchanged; do not upload a local replacement.,RETAIN_MAIN,72c64ff22ca42d2d56cd0dfe92154bf6326e6d62,72c64ff22ca42d2d56cd0dfe92154bf6326e6d62,22635
docs/Unified_Dashboard_Graph_and_Code_Explanation.md,docs/Unified_Dashboard_Graph_and_Code_Explanation.md,EXCLUDE,Retain current GitHub main file unchanged; do not upload a local replacement.,RETAIN_MAIN,df8506ddbd769b2261377497f422b34d186a4621,df8506ddbd769b2261377497f422b34d186a4621,118053
intelligence/DEPLOYMENT_PREREQUISITES_REPORT.md,intelligence/DEPLOYMENT_PREREQUISITES_REPORT.md,ADD,"Final local implementation, tests, exclusions, operator actions and readiness evidence.",SOURCE,f0c4b70616e9e65aad3f57789f887423c18970b4,,11430
intelligence/GITHUB_SYNCHRONIZATION_PLAN.csv,intelligence/GITHUB_SYNCHRONIZATION_PLAN.csv,ADD,Reviewed deployment/synchronization documentation; no credentials or runtime data.,SOURCE,,,
intelligence/GITHUB_SYNCHRONIZATION_PLAN.md,intelligence/GITHUB_SYNCHRONIZATION_PLAN.md,ADD,Reviewed deployment/synchronization documentation; no credentials or runtime data.,SOURCE,71c954d45a067918eaa5b3114f0a6550bcd54478,,30171
intelligence/PRODUCTION_DEPLOYMENT.md,intelligence/PRODUCTION_DEPLOYMENT.md,ADD,Reviewed deployment/synchronization documentation; no credentials or runtime data.,SOURCE,6f74beb238c1761261c4351dab6870bd99de4770,,8906
intelligence/PRODUCTION_DEPLOYMENT_CLOSURE_REPORT.md,intelligence/PRODUCTION_DEPLOYMENT_CLOSURE_REPORT.md,ADD,Reviewed deployment/synchronization documentation; no credentials or runtime data.,SOURCE,adc321a839f384e70cf2ba28f472b30770633566,,727
intelligence/STAGE13_REPORT.md,—,EXCLUDE,Local/test/runtime/history/audit or non-production file outside the exact source allowlist.,LOCAL_ONLY,2c61f34b3eca9bd5c90f70b31cf0a65f9d946e8b,,32800
intelligence/STAGE14_REPORT.md,—,EXCLUDE,Local/test/runtime/history/audit or non-production file outside the exact source allowlist.,LOCAL_ONLY,6503b90847b6386a6d399b42cc4f87a5bdd381fe,,161189
intelligence/STAGE15_FAILURE_ANALYSIS.md,—,EXCLUDE,Local/test/runtime/history/audit or non-production file outside the exact source allowlist.,LOCAL_ONLY,ca31071e4b4cb3f1345b7997c4b83d6329bdff40,,12148
intelligence/STAGE15_FINAL_QUALIFICATION.md,—,EXCLUDE,Local/test/runtime/history/audit or non-production file outside the exact source allowlist.,LOCAL_ONLY,c69247dc06b2eb73e5d36c74e6c59255fd3d9207,,10653
intelligence/STAGE15_MODEL_PROMPT_BENCHMARK.md,—,EXCLUDE,Local/test/runtime/history/audit or non-production file outside the exact source allowlist.,LOCAL_ONLY,10f8e6f85597be51ac0643682c2422c1b531eed6,,40127
intelligence/STAGE15_MODEL_PROMPT_BENCHMARK_ROUND1.md,—,EXCLUDE,Local/test/runtime/history/audit or non-production file outside the exact source allowlist.,LOCAL_ONLY,4fe52ee6f44da29712a281b35d9da9cb3842a08b,,19080
intelligence/STAGE15_MVP_CLOSURE.md,—,EXCLUDE,Local/test/runtime/history/audit or non-production file outside the exact source allowlist.,LOCAL_ONLY,08266f2b0eb1d27ff9c7799a9769fb2c23a33289,,6970
intelligence/STAGE15_OPENROUTER_BENCHMARK.md,—,EXCLUDE,Local/test/runtime/history/audit or non-production file outside the exact source allowlist.,LOCAL_ONLY,38f9848e6ed580c3da2cf205b89016a7e60eb2d2,,23622
intelligence/STAGE15_OPENROUTER_RECOVERY.md,—,EXCLUDE,Local/test/runtime/history/audit or non-production file outside the exact source allowlist.,LOCAL_ONLY,c1051eb1940fac6ec44751c0d52e181f89070892,,5834
intelligence/STAGE15_OPENROUTER_SETUP.md,—,EXCLUDE,Local/test/runtime/history/audit or non-production file outside the exact source allowlist.,LOCAL_ONLY,2eed5f2732f60d70b9f31e360f6e9f80b5570dd6,,5314
intelligence/STAGE15_QWEN_CONTINUATION.md,—,EXCLUDE,Local/test/runtime/history/audit or non-production file outside the exact source allowlist.,LOCAL_ONLY,75612a854d6afcba496eb8dbeb1bfab8df6cfc8b,,11000
intelligence/STAGE15_QWEN_CONTINUATION_PRE_FREED_RETRY.md,—,EXCLUDE,Local/test/runtime/history/audit or non-production file outside the exact source allowlist.,LOCAL_ONLY,03c900bdd3fd8fa4fa3bb8c3db7bd858b2d45793,,8434
intelligence/STAGE15_SCORER_AUDIT.md,—,EXCLUDE,Local/test/runtime/history/audit or non-production file outside the exact source allowlist.,LOCAL_ONLY,8269cc0628e83d6492965a8bdb6033fc11dbcb93,,4543
intelligence/STAGE15_SMALL_MODEL_BENCHMARK.md,—,EXCLUDE,Local/test/runtime/history/audit or non-production file outside the exact source allowlist.,LOCAL_ONLY,9dcd3019b7da12e5580a92b182e83e5ad32d4c9f,,18696
intelligence/STAGE16_REPORT.md,—,EXCLUDE,Local/test/runtime/history/audit or non-production file outside the exact source allowlist.,LOCAL_ONLY,6f4c17234720432c4fa941e49d5ae225827f7c06,,44074
intelligence/STAGE17_SYSTEM_TEST_REPORT.md,—,EXCLUDE,Local/test/runtime/history/audit or non-production file outside the exact source allowlist.,LOCAL_ONLY,b83b2c01a5bcc37732e356224b9cdf1f78359b56,,33588
intelligence/STAGE17_UI_HANDOFF.md,—,EXCLUDE,Local/test/runtime/history/audit or non-production file outside the exact source allowlist.,LOCAL_ONLY,eb50566412df4d47764eb4c16e6563da3fbb6347,,7602
intelligence/STAGE18_FINAL_INTEGRATION_REPORT.md,—,EXCLUDE,Local/test/runtime/history/audit or non-production file outside the exact source allowlist.,LOCAL_ONLY,25bc73a3b35b28f95d97b48cea2936c71a82b9a3,,24182
intelligence/STAGE18_PRODUCTION_DATA_REPORT.md,—,EXCLUDE,Local/test/runtime/history/audit or non-production file outside the exact source allowlist.,LOCAL_ONLY,f080cc7aa6b631e8f49681377f22b4f42d88437e,,14371
intelligence/STAGE8_AUDIT.md,—,EXCLUDE,Local/test/runtime/history/audit or non-production file outside the exact source allowlist.,LOCAL_ONLY,2627b94b4b536b3f0ecf4d851e2729a988f075d9,,5845
intelligence/STAGE8_REPORT.md,—,EXCLUDE,Local/test/runtime/history/audit or non-production file outside the exact source allowlist.,LOCAL_ONLY,60d4da13a6cb3abc75c697aad6428cde1461378a,,22232
intelligence/STREAMLIT_DEPLOYMENT_PLAN.md,intelligence/STREAMLIT_DEPLOYMENT_PLAN.md,ADD,Reviewed deployment/synchronization documentation; no credentials or runtime data.,SOURCE,687cf661d07e1c79019ab2cc7af5fe91a96a7b18,,2754
intelligence/__init__.py,intelligence/__init__.py,ADD,Completed production backend dependency or its module contract; preserve algorithm and selected model unchanged.,SOURCE,3abebedf0069379c48498bcc74c55f18d6a09ad3,,429
intelligence/answer_engine/README.md,intelligence/answer_engine/README.md,ADD,Completed production backend dependency or its module contract; preserve algorithm and selected model unchanged.,SOURCE,12d568f0060c60e67bf1ae93997592ba94e37462,,5453
intelligence/answer_engine/__init__.py,intelligence/answer_engine/__init__.py,ADD,Completed production backend dependency or its module contract; preserve algorithm and selected model unchanged.,SOURCE,d4b67c71961beeddc7f93b9a393a6eb9ed41af5d,,247
intelligence/answer_engine/engine.py,intelligence/answer_engine/engine.py,ADD,Completed production backend dependency or its module contract; preserve algorithm and selected model unchanged.,SOURCE,092c26ffa863973167de2879f85c9af00ac2160d,,9441
intelligence/answer_engine/models.py,intelligence/answer_engine/models.py,ADD,Completed production backend dependency or its module contract; preserve algorithm and selected model unchanged.,SOURCE,65daaa7c69189b57958b3a76d32289e5eeb82228,,3971
intelligence/answer_engine/prompt.py,intelligence/answer_engine/prompt.py,ADD,Completed production backend dependency or its module contract; preserve algorithm and selected model unchanged.,SOURCE,3864a63447b735959654619f4a38d352218eed23,,2249
intelligence/answer_engine/rendering.py,intelligence/answer_engine/rendering.py,ADD,Completed production backend dependency or its module contract; preserve algorithm and selected model unchanged.,SOURCE,9b3384bb0ce2167dde6b93934fa0108ddc5b88b8,,4657
intelligence/answer_engine/retrieval.py,intelligence/answer_engine/retrieval.py,ADD,Completed production backend dependency or its module contract; preserve algorithm and selected model unchanged.,SOURCE,29f2741749ba9d8ee2f8f88ed8359ba1a7227b74,,9637
intelligence/benchmarks/STAGE15_CONTINUATION_PROTOCOL.md,—,EXCLUDE,Local/test/runtime/history/audit or non-production file outside the exact source allowlist.,LOCAL_ONLY,30fe5d2da43a49d332c44e3722de1a5648753e49,,3886
intelligence/benchmarks/STAGE15_CONTROLLED_RETRY_PROTOCOL.md,—,EXCLUDE,Local/test/runtime/history/audit or non-production file outside the exact source allowlist.,LOCAL_ONLY,fbd74a7461024da2462038cf3312fb28d30d98db,,2029
intelligence/benchmarks/STAGE15_FINAL_QUALIFICATION_PROTOCOL.md,—,EXCLUDE,Local/test/runtime/history/audit or non-production file outside the exact source allowlist.,LOCAL_ONLY,e4de452dd05717efdc1aab974421b0c23fb7e725,,3831
intelligence/benchmarks/STAGE15_OPENROUTER_PROTOCOL.md,—,EXCLUDE,Local/test/runtime/history/audit or non-production file outside the exact source allowlist.,LOCAL_ONLY,9b2c2cef7267f788744d124eb2a15302c5d69ab5,,4995
intelligence/benchmarks/STAGE15_OPENROUTER_RECOVERY_AUTHORIZATION.md,—,EXCLUDE,Local/test/runtime/history/audit or non-production file outside the exact source allowlist.,LOCAL_ONLY,41292d603170c2721e0535108e4c0f7e920798ff,,1736
intelligence/benchmarks/STAGE15_OPENROUTER_SCORER_AUDIT.md,—,EXCLUDE,Local/test/runtime/history/audit or non-production file outside the exact source allowlist.,LOCAL_ONLY,0c5b711472898f77b58cfa0f4418f7604f3b3701,,2903
intelligence/benchmarks/STAGE15_OPENROUTER_T28_AUTHORIZATION.md,—,EXCLUDE,Local/test/runtime/history/audit or non-production file outside the exact source allowlist.,LOCAL_ONLY,11ddf797c94952c941ea7fdba62582867ef5c25b,,1250
intelligence/benchmarks/STAGE15_PROMPT_CONTRACT_REVISION.md,—,EXCLUDE,Local/test/runtime/history/audit or non-production file outside the exact source allowlist.,LOCAL_ONLY,13b1b2bc03c32e48dee2ca4ad587d4cf110526e2,,1892
intelligence/benchmarks/STAGE15_PROTOCOL.md,—,EXCLUDE,Local/test/runtime/history/audit or non-production file outside the exact source allowlist.,LOCAL_ONLY,0bec3bf5ea8922ffe2eeda836ab880986abced41,,5650
intelligence/benchmarks/STAGE15_PROTOCOL_INITIAL.md,—,EXCLUDE,Local/test/runtime/history/audit or non-production file outside the exact source allowlist.,LOCAL_ONLY,f491ae335b6bcd4a78b63420926819526b4d1fb1,,3951
intelligence/benchmarks/STAGE15_PROVENANCE_BINDING_AUDIT.md,—,EXCLUDE,Local/test/runtime/history/audit or non-production file outside the exact source allowlist.,LOCAL_ONLY,02bfbc7838b7e1b99352ea20c853c913a9c10c88,,2885
intelligence/benchmarks/STAGE15_SMALL_MODELS_PROTOCOL.md,—,EXCLUDE,Local/test/runtime/history/audit or non-production file outside the exact source allowlist.,LOCAL_ONLY,016c3c679c7a40e8734d9bba9f907c18c94d2ed9,,4112
intelligence/benchmarks/STAGE15_T34_FINAL_CONTRACT_AUDIT.md,—,EXCLUDE,Local/test/runtime/history/audit or non-production file outside the exact source allowlist.,LOCAL_ONLY,51898d0694e83757088da538d8d1a568ab84f342,,4333
intelligence/benchmarks/STAGE15_TARGETED_COMPLETION.md,—,EXCLUDE,Local/test/runtime/history/audit or non-production file outside the exact source allowlist.,LOCAL_ONLY,04a81b77a889a7d8af01fa0d1fd1e2e27d32d8ca,,7299
intelligence/benchmarks/STAGE15_TARGETED_PROTOCOL.md,—,EXCLUDE,Local/test/runtime/history/audit or non-production file outside the exact source allowlist.,LOCAL_ONLY,4d5a07cebf3dad584f7593669b01f36a440c8562,,5259
intelligence/benchmarks/__init__.py,—,EXCLUDE,Local/test/runtime/history/audit or non-production file outside the exact source allowlist.,LOCAL_ONLY,9b1f03c83d681d68c5583877faa8a5a4bc29f3d1,,62
intelligence/benchmarks/stage15_continuation_before.json,—,EXCLUDE,Local/test/runtime/history/audit or non-production file outside the exact source allowlist.,LOCAL_ONLY,cd473c084962edac498ff34392763d74fb8303b1,,42778
intelligence/benchmarks/stage15_continuation_evaluate.py,—,EXCLUDE,Local/test/runtime/history/audit or non-production file outside the exact source allowlist.,LOCAL_ONLY,e60747f865ca8869aa9584b098711455b864a91a,,11783
intelligence/benchmarks/stage15_continuation_experiments.csv,—,EXCLUDE,Local/test/runtime/history/audit or non-production file outside the exact source allowlist.,LOCAL_ONLY,b6516a42e970896b7dadec5af400e6bfa66baaca,,640
intelligence/benchmarks/stage15_continuation_experiments_pre_freed_retry.csv,—,EXCLUDE,Local/test/runtime/history/audit or non-production file outside the exact source allowlist.,LOCAL_ONLY,3d9c8387cbc0f71ce94662992183dafd2b37b4a2,,384
intelligence/benchmarks/stage15_continuation_failure_analysis.json,—,EXCLUDE,Local/test/runtime/history/audit or non-production file outside the exact source allowlist.,LOCAL_ONLY,bbe6fbe41d8a4a31160fac27d648bcd892fe7011,,13635
intelligence/benchmarks/stage15_continuation_preservation.json,—,EXCLUDE,Local/test/runtime/history/audit or non-production file outside the exact source allowlist.,LOCAL_ONLY,ac3ef9dce840174f12475231f7a25270d3cc485d,,387
intelligence/benchmarks/stage15_continuation_prompts.py,—,EXCLUDE,Local/test/runtime/history/audit or non-production file outside the exact source allowlist.,LOCAL_ONLY,b5b7e115476799d73690c90aa1b7b1ce9247483c,,3727
intelligence/benchmarks/stage15_continuation_report.py,—,EXCLUDE,Local/test/runtime/history/audit or non-production file outside the exact source allowlist.,LOCAL_ONLY,7c33272e6382baf1613567bee4273b8fd85a827e,,14918
intelligence/benchmarks/stage15_continuation_results.json,—,EXCLUDE,Local/test/runtime/history/audit or non-production file outside the exact source allowlist.,LOCAL_ONLY,b521dd830dff477c2a659fd506bf9b485a9009bf,,76483
intelligence/benchmarks/stage15_continuation_retry_preflight.json,—,EXCLUDE,Local/test/runtime/history/audit or non-production file outside the exact source allowlist.,LOCAL_ONLY,947c38230fcaab21632df7feb3d88b95a37b5663,,944
intelligence/benchmarks/stage15_continuation_retry_results.json,—,EXCLUDE,Local/test/runtime/history/audit or non-production file outside the exact source allowlist.,LOCAL_ONLY,1d66cf81c80856781e6504582655f95abdba2920,,8396
intelligence/benchmarks/stage15_continuation_retry_run.py,—,EXCLUDE,Local/test/runtime/history/audit or non-production file outside the exact source allowlist.,LOCAL_ONLY,0bb1076dbc23b32b0ff78b8bf65980cb98db9096,,7732
intelligence/benchmarks/stage15_continuation_retry_validation.json,—,EXCLUDE,Local/test/runtime/history/audit or non-production file outside the exact source allowlist.,LOCAL_ONLY,f268dc1e14e7c855f2d0daa70b8a39d3426a1497,,711
intelligence/benchmarks/stage15_continuation_run.py,—,EXCLUDE,Local/test/runtime/history/audit or non-production file outside the exact source allowlist.,LOCAL_ONLY,4325cbc224cfe94e7801051a1fd899f8de81f0f8,,9850
intelligence/benchmarks/stage15_continuation_score_audit.json,—,EXCLUDE,Local/test/runtime/history/audit or non-production file outside the exact source allowlist.,LOCAL_ONLY,a9e1b8255a335033843b66b9df4b6d886901f405,,36007
intelligence/benchmarks/stage15_continuation_validation.json,—,EXCLUDE,Local/test/runtime/history/audit or non-production file outside the exact source allowlist.,LOCAL_ONLY,05984f964d9f0be9866d848fb760cd26f511d0b4,,358
intelligence/benchmarks/stage15_corpus.py,—,EXCLUDE,Local/test/runtime/history/audit or non-production file outside the exact source allowlist.,LOCAL_ONLY,abacad5749d6c2f27fd68098ef32596eb8a964ef,,5320
intelligence/benchmarks/stage15_evaluate.py,—,EXCLUDE,Local/test/runtime/history/audit or non-production file outside the exact source allowlist.,LOCAL_ONLY,87e84e7a201d0ab33778d3555aadc347eb685af9,,8461
intelligence/benchmarks/stage15_experiments.csv,—,EXCLUDE,Local/test/runtime/history/audit or non-production file outside the exact source allowlist.,LOCAL_ONLY,f6d5311ffb0867d269859eed0e64cc738c001b52,,240991
intelligence/benchmarks/stage15_final_failure_analysis.json,—,EXCLUDE,Local/test/runtime/history/audit or non-production file outside the exact source allowlist.,LOCAL_ONLY,192fb89990c93968bcaac0a1d32c7ee056c0b1fc,,7302
intelligence/benchmarks/stage15_final_pipeline.json,—,EXCLUDE,Local/test/runtime/history/audit or non-production file outside the exact source allowlist.,LOCAL_ONLY,9cbb3a8a8f5d79ef07c0ccb1b7b8b2b3847dc3a6,,1807371
intelligence/benchmarks/stage15_final_provider_recovery.py,—,EXCLUDE,Local/test/runtime/history/audit or non-production file outside the exact source allowlist.,LOCAL_ONLY,947dd6af95b874b4bb2a597f35374f848ea8fcd3,,10205
intelligence/benchmarks/stage15_final_provider_recovery_failure_audit.json,—,EXCLUDE,Local/test/runtime/history/audit or non-production file outside the exact source allowlist.,LOCAL_ONLY,9d62b05cabc7127852c799a9c1674b21df66b399,,4154
intelligence/benchmarks/stage15_final_provider_recovery_lock.json,—,EXCLUDE,Local/test/runtime/history/audit or non-production file outside the exact source allowlist.,LOCAL_ONLY,58509e1618598f32d3acfeb0ce95b7ae7c368495,,3828
intelligence/benchmarks/stage15_final_provider_recovery_start/AUTHORIZATION.txt,—,EXCLUDE,Local/test/runtime/history/audit or non-production file outside the exact source allowlist.,LOCAL_ONLY,f481e4f05dfd7f56ddbcaf43ffae07382bf5227d,,6836
intelligence/benchmarks/stage15_final_provider_recovery_start/STAGE15_TARGETED_COMPLETION.md,—,EXCLUDE,Local/test/runtime/history/audit or non-production file outside the exact source allowlist.,LOCAL_ONLY,6660543fb622ddd37ae9abbf79d0a1aefeb190c1,,5738
intelligence/benchmarks/stage15_final_provider_recovery_start/stage15_targeted_accounting.json,—,EXCLUDE,Local/test/runtime/history/audit or non-production file outside the exact source allowlist.,LOCAL_ONLY,543aab1150c64321602c5428df419176bfa9fb4f,,419
intelligence/benchmarks/stage15_final_provider_recovery_start/stage15_targeted_checkpoint.json,—,EXCLUDE,Local/test/runtime/history/audit or non-production file outside the exact source allowlist.,LOCAL_ONLY,00a10357d00e343957bb8440e7ddc8ceca7690d9,,3803
intelligence/benchmarks/stage15_final_provider_recovery_start/stage15_targeted_experiments.csv,—,EXCLUDE,Local/test/runtime/history/audit or non-production file outside the exact source allowlist.,LOCAL_ONLY,f2f184be53666a1a6bd59f962bbd65e1213589b3,,5591
intelligence/benchmarks/stage15_final_provider_recovery_start/stage15_targeted_failure_analysis.json,—,EXCLUDE,Local/test/runtime/history/audit or non-production file outside the exact source allowlist.,LOCAL_ONLY,a8df4831f14f7f3e52067ead77caf2a5b03f1f7b,,8376
intelligence/benchmarks/stage15_final_provider_recovery_start/stage15_targeted_pipeline_validation.json,—,EXCLUDE,Local/test/runtime/history/audit or non-production file outside the exact source allowlist.,LOCAL_ONLY,5829665de950bb5f31286a7e1f8b3858b49ce84d,,1807372
intelligence/benchmarks/stage15_final_provider_recovery_start/stage15_targeted_regression.json,—,EXCLUDE,Local/test/runtime/history/audit or non-production file outside the exact source allowlist.,LOCAL_ONLY,55d4244fc55092f4c46ad554459a1bafcc36345b,,12306
intelligence/benchmarks/stage15_final_provider_recovery_start/stage15_targeted_regression.py,—,EXCLUDE,Local/test/runtime/history/audit or non-production file outside the exact source allowlist.,LOCAL_ONLY,e36fcc7202da58cbed4d8071c95007a5ee807a2d,,2525
intelligence/benchmarks/stage15_final_provider_recovery_start/stage15_targeted_report.py,—,EXCLUDE,Local/test/runtime/history/audit or non-production file outside the exact source allowlist.,LOCAL_ONLY,7de93b4121a86be581fa5985dc49908fcd654d05,,11061
intelligence/benchmarks/stage15_final_provider_recovery_start/stage15_targeted_results.json,—,EXCLUDE,Local/test/runtime/history/audit or non-production file outside the exact source allowlist.,LOCAL_ONLY,8ed31bbdf0f2b4110382b5b7cf5476d287df0209,,113359
intelligence/benchmarks/stage15_final_provider_recovery_start/stage15_targeted_validate.py,—,EXCLUDE,Local/test/runtime/history/audit or non-production file outside the exact source allowlist.,LOCAL_ONLY,7222aed2d5c326250e05107f69d3a563253abfa2,,5212
intelligence/benchmarks/stage15_final_provider_recovery_start/stage15_targeted_validation.json,—,EXCLUDE,Local/test/runtime/history/audit or non-production file outside the exact source allowlist.,LOCAL_ONLY,d123cbcd9756c892a907382e94af9abbf8274bca,,1249
intelligence/benchmarks/stage15_final_provider_recovery_start/targeted_qualification_gate.py,—,EXCLUDE,Local/test/runtime/history/audit or non-production file outside the exact source allowlist.,LOCAL_ONLY,eda9ae1a1b481da6297b16a5fdbdfc9e116baa04,,10460
intelligence/benchmarks/stage15_final_provider_recovery_start/workspace_sha256.json,—,EXCLUDE,Local/test/runtime/history/audit or non-production file outside the exact source allowlist.,LOCAL_ONLY,f6572cc1391fe8e597572a3c93386e9dc3c22d89,,63159
intelligence/benchmarks/stage15_final_qualification.py,—,EXCLUDE,Local/test/runtime/history/audit or non-production file outside the exact source allowlist.,LOCAL_ONLY,75e3acc98f3d22d14f81adfd5ab58f4f2796aa4e,,12698
intelligence/benchmarks/stage15_final_qualification_experiments.csv,—,EXCLUDE,Local/test/runtime/history/audit or non-production file outside the exact source allowlist.,LOCAL_ONLY,2bd081983e936705e1544fd7bda6dea2a0483238,,17395
intelligence/benchmarks/stage15_final_qualification_lock.json,—,EXCLUDE,Local/test/runtime/history/audit or non-production file outside the exact source allowlist.,LOCAL_ONLY,cb1167f20567bc03fa3a7a242358ab74b8f4366f,,11638
intelligence/benchmarks/stage15_final_qualification_results.json,—,EXCLUDE,Local/test/runtime/history/audit or non-production file outside the exact source allowlist.,LOCAL_ONLY,17d0e96fed64674129cbda16b666d03ddad98322,,93134
intelligence/benchmarks/stage15_final_regression.json,—,EXCLUDE,Local/test/runtime/history/audit or non-production file outside the exact source allowlist.,LOCAL_ONLY,45b6a6b4c1f5869f26cb0e88928322a7dbf51793,,4121
intelligence/benchmarks/stage15_final_report.py,—,EXCLUDE,Local/test/runtime/history/audit or non-production file outside the exact source allowlist.,LOCAL_ONLY,9bc1c50cb4eef1ce3903632a2f0c5ac453da6089,,9801
intelligence/benchmarks/stage15_final_validation.json,—,EXCLUDE,Local/test/runtime/history/audit or non-production file outside the exact source allowlist.,LOCAL_ONLY,39a2ad26d00f2426155c07bee828506d5ddd2a3d,,1665
intelligence/benchmarks/stage15_hardware_retry_results.json,—,EXCLUDE,Local/test/runtime/history/audit or non-production file outside the exact source allowlist.,LOCAL_ONLY,6513bc8d9befec4e75da6c435d8559c64b349820,,586147
intelligence/benchmarks/stage15_initial_results.json,—,EXCLUDE,Local/test/runtime/history/audit or non-production file outside the exact source allowlist.,LOCAL_ONLY,c2c92893e4a2e7433016360a6f441585733a89f3,,216012
intelligence/benchmarks/stage15_install_final_selection.py,—,EXCLUDE,Local/test/runtime/history/audit or non-production file outside the exact source allowlist.,LOCAL_ONLY,de4663e89831ecb799212096cf1b2bca0962e9e9,,3568
intelligence/benchmarks/stage15_install_targeted_selection.py,—,EXCLUDE,Local/test/runtime/history/audit or non-production file outside the exact source allowlist.,LOCAL_ONLY,2ffe13baf7a26f2993811bf85e34135c574231b3,,3764
intelligence/benchmarks/stage15_mvp_before/AUTHORIZATION.txt,—,EXCLUDE,Local/test/runtime/history/audit or non-production file outside the exact source allowlist.,LOCAL_ONLY,fb1e24141b0876adb13cc5b03779eb333d61c3e5,,6537
intelligence/benchmarks/stage15_mvp_before/openrouter_settings.py,—,EXCLUDE,Local/test/runtime/history/audit or non-production file outside the exact source allowlist.,LOCAL_ONLY,9c95c351433710b237ba5d65956323bb2415ede9,,427
intelligence/benchmarks/stage15_mvp_before/verify_openrouter.py,—,EXCLUDE,Local/test/runtime/history/audit or non-production file outside the exact source allowlist.,LOCAL_ONLY,57cbbb5eb6ffaea4cb2a3ff18afdac788f285333,,14095
intelligence/benchmarks/stage15_mvp_before/workspace_sha256.json,—,EXCLUDE,Local/test/runtime/history/audit or non-production file outside the exact source allowlist.,LOCAL_ONLY,916e82cc5480a9524a0497ab8def8cbe3a940528,,66591
intelligence/benchmarks/stage15_mvp_historical_strict_pipeline.json,—,EXCLUDE,Local/test/runtime/history/audit or non-production file outside the exact source allowlist.,LOCAL_ONLY,fbe82dbe5aa6e956cf18935b6777f37905709bfc,,1807372
intelligence/benchmarks/stage15_mvp_mvp_pipeline.json,—,EXCLUDE,Local/test/runtime/history/audit or non-production file outside the exact source allowlist.,LOCAL_ONLY,51d27ec95415f0fe9b17f717faa01ecf622821c2,,2493427
intelligence/benchmarks/stage15_mvp_regression.json,—,EXCLUDE,Local/test/runtime/history/audit or non-production file outside the exact source allowlist.,LOCAL_ONLY,766236242a9e3b1bbf1212e41920018581f828a1,,3374
intelligence/benchmarks/stage15_mvp_selection.json,—,EXCLUDE,Local/test/runtime/history/audit or non-production file outside the exact source allowlist.,LOCAL_ONLY,aec0f876a4190fa107186592757bbab0aa0c256d,,1655
intelligence/benchmarks/stage15_mvp_validation.json,—,EXCLUDE,Local/test/runtime/history/audit or non-production file outside the exact source allowlist.,LOCAL_ONLY,e679c5c2cf378fc7b302058583d0c23c26bd05f7,,1496
intelligence/benchmarks/stage15_openrouter_baseline.json,—,EXCLUDE,Local/test/runtime/history/audit or non-production file outside the exact source allowlist.,LOCAL_ONLY,6d8538d4c444e0347cf29202fd2328399006b85e,,485
intelligence/benchmarks/stage15_openrouter_before.json,—,EXCLUDE,Local/test/runtime/history/audit or non-production file outside the exact source allowlist.,LOCAL_ONLY,34fe98acd934825f45293f971104402cb904b875,,47068
intelligence/benchmarks/stage15_openrouter_corpus.py,—,EXCLUDE,Local/test/runtime/history/audit or non-production file outside the exact source allowlist.,LOCAL_ONLY,66364ffa2820f3f365c8c65b992d915b040036ef,,3275
intelligence/benchmarks/stage15_openrouter_evaluate.py,—,EXCLUDE,Local/test/runtime/history/audit or non-production file outside the exact source allowlist.,LOCAL_ONLY,71a68034569d00fa1a6daea49963c250a12274d6,,13186
intelligence/benchmarks/stage15_openrouter_experiments.csv,—,EXCLUDE,Local/test/runtime/history/audit or non-production file outside the exact source allowlist.,LOCAL_ONLY,d879c093ddce596a6c8af0f008bd00af8072ba44,,19198
intelligence/benchmarks/stage15_openrouter_live_checkpoint/STAGE15_OPENROUTER_BENCHMARK.md,—,EXCLUDE,Local/test/runtime/history/audit or non-production file outside the exact source allowlist.,LOCAL_ONLY,94e8f9024a46f2abeafbabb299756d700022ae9a,,21256
intelligence/benchmarks/stage15_openrouter_live_checkpoint/STAGE15_OPENROUTER_SETUP.md,—,EXCLUDE,Local/test/runtime/history/audit or non-production file outside the exact source allowlist.,LOCAL_ONLY,d9c975d20177d069e133a4e33e50123085f9935f,,2388
intelligence/benchmarks/stage15_openrouter_live_checkpoint/stage15_openrouter_baseline.json,—,EXCLUDE,Local/test/runtime/history/audit or non-production file outside the exact source allowlist.,LOCAL_ONLY,6d8538d4c444e0347cf29202fd2328399006b85e,,485
intelligence/benchmarks/stage15_openrouter_live_checkpoint/stage15_openrouter_before.json,—,EXCLUDE,Local/test/runtime/history/audit or non-production file outside the exact source allowlist.,LOCAL_ONLY,34fe98acd934825f45293f971104402cb904b875,,47068
intelligence/benchmarks/stage15_openrouter_live_checkpoint/stage15_openrouter_corpus.py,—,EXCLUDE,Local/test/runtime/history/audit or non-production file outside the exact source allowlist.,LOCAL_ONLY,66364ffa2820f3f365c8c65b992d915b040036ef,,3275
intelligence/benchmarks/stage15_openrouter_live_checkpoint/stage15_openrouter_evaluate.py,—,EXCLUDE,Local/test/runtime/history/audit or non-production file outside the exact source allowlist.,LOCAL_ONLY,71a68034569d00fa1a6daea49963c250a12274d6,,13186
intelligence/benchmarks/stage15_openrouter_live_checkpoint/stage15_openrouter_experiments.csv,—,EXCLUDE,Local/test/runtime/history/audit or non-production file outside the exact source allowlist.,LOCAL_ONLY,0ecef34cf230299c496c13031dbdc5e8035c62b4,,111
intelligence/benchmarks/stage15_openrouter_live_checkpoint/stage15_openrouter_lock.json,—,EXCLUDE,Local/test/runtime/history/audit or non-production file outside the exact source allowlist.,LOCAL_ONLY,02af7ad28e9f4b0c51c1125362643c5ea03aa907,,2530
intelligence/benchmarks/stage15_openrouter_live_checkpoint/stage15_openrouter_lock_pre_no_data_audit.json,—,EXCLUDE,Local/test/runtime/history/audit or non-production file outside the exact source allowlist.,LOCAL_ONLY,5983f689810c23e56d8493d5c44108de7686eae9,,2091
intelligence/benchmarks/stage15_openrouter_live_checkpoint/stage15_openrouter_metadata.json,—,EXCLUDE,Local/test/runtime/history/audit or non-production file outside the exact source allowlist.,LOCAL_ONLY,5d634f7f7eca9dfee98796e24f0e01e9e7f49a3f,,9159
intelligence/benchmarks/stage15_openrouter_live_checkpoint/stage15_openrouter_pipeline_validation.json,—,EXCLUDE,Local/test/runtime/history/audit or non-production file outside the exact source allowlist.,LOCAL_ONLY,8b570a513e56eafb788992c291bdadfa949cc7a6,,523328
intelligence/benchmarks/stage15_openrouter_live_checkpoint/stage15_openrouter_prompts.py,—,EXCLUDE,Local/test/runtime/history/audit or non-production file outside the exact source allowlist.,LOCAL_ONLY,39f682e879792b9f955ca1f5eee3774406c30f81,,971
intelligence/benchmarks/stage15_openrouter_live_checkpoint/stage15_openrouter_report.py,—,EXCLUDE,Local/test/runtime/history/audit or non-production file outside the exact source allowlist.,LOCAL_ONLY,57d4e30928e214ac3c46044299f5b7f4669b4158,,16503
intelligence/benchmarks/stage15_openrouter_live_checkpoint/stage15_openrouter_results.json,—,EXCLUDE,Local/test/runtime/history/audit or non-production file outside the exact source allowlist.,LOCAL_ONLY,2adab81a50f9d91c3e255a437016c2dc5b06abba,,11513
intelligence/benchmarks/stage15_openrouter_live_checkpoint/stage15_openrouter_results_pre_no_data_audit.json,—,EXCLUDE,Local/test/runtime/history/audit or non-production file outside the exact source allowlist.,LOCAL_ONLY,f82920c81c76d0a0cdaed44295c8eaa3769f3e40,,11404
intelligence/benchmarks/stage15_openrouter_live_checkpoint/stage15_openrouter_run.py,—,EXCLUDE,Local/test/runtime/history/audit or non-production file outside the exact source allowlist.,LOCAL_ONLY,bff1705f3286186b3dcc30b3d8818214df0ac566,,11247
intelligence/benchmarks/stage15_openrouter_live_checkpoint/stage15_openrouter_upstream_suites.json,—,EXCLUDE,Local/test/runtime/history/audit or non-production file outside the exact source allowlist.,LOCAL_ONLY,89e9dc7c89b07ff187542b7ab93a28820a4a69a4,,991
intelligence/benchmarks/stage15_openrouter_live_checkpoint/stage15_openrouter_validation.json,—,EXCLUDE,Local/test/runtime/history/audit or non-production file outside the exact source allowlist.,LOCAL_ONLY,ff3cf90be230e6eca90d15a6cad9cbe85023784a,,5000
intelligence/benchmarks/stage15_openrouter_live_checkpoint/workspace_sha256.json,—,EXCLUDE,Local/test/runtime/history/audit or non-production file outside the exact source allowlist.,LOCAL_ONLY,b8140bc1847449e9a2b42d770bb7d6da125fdcee,,49996
intelligence/benchmarks/stage15_openrouter_live_failure_analysis.json,—,EXCLUDE,Local/test/runtime/history/audit or non-production file outside the exact source allowlist.,LOCAL_ONLY,6ed830aa77c07ef338364195c7d586b28c92d4c2,,665
intelligence/benchmarks/stage15_openrouter_live_pause_report.py,—,EXCLUDE,Local/test/runtime/history/audit or non-production file outside the exact source allowlist.,LOCAL_ONLY,d8b5ac7784d7519355902a501a1a8bc864549f9f,,10703
intelligence/benchmarks/stage15_openrouter_live_pipeline.json,—,EXCLUDE,Local/test/runtime/history/audit or non-production file outside the exact source allowlist.,LOCAL_ONLY,f895b30c8aa1f783a682a836a629e20bd5ce4c69,,1807372
intelligence/benchmarks/stage15_openrouter_live_preflight.json,—,EXCLUDE,Local/test/runtime/history/audit or non-production file outside the exact source allowlist.,LOCAL_ONLY,9b5a896769bbe953a1b79eba8ea42fd23f93d9d7,,2622
intelligence/benchmarks/stage15_openrouter_live_preflight.py,—,EXCLUDE,Local/test/runtime/history/audit or non-production file outside the exact source allowlist.,LOCAL_ONLY,15960931343c40d33e3fe3d8f02f3ab1337a97b8,,4069
intelligence/benchmarks/stage15_openrouter_live_preservation.json,—,EXCLUDE,Local/test/runtime/history/audit or non-production file outside the exact source allowlist.,LOCAL_ONLY,0c874f90f31ed7b399fed506ef40796330e9a73e,,558
intelligence/benchmarks/stage15_openrouter_live_regression.json,—,EXCLUDE,Local/test/runtime/history/audit or non-production file outside the exact source allowlist.,LOCAL_ONLY,633bf9ea7b226e171eb62aea0adee1a671b5c9ea,,3343
intelligence/benchmarks/stage15_openrouter_lock.json,—,EXCLUDE,Local/test/runtime/history/audit or non-production file outside the exact source allowlist.,LOCAL_ONLY,02af7ad28e9f4b0c51c1125362643c5ea03aa907,,2530
intelligence/benchmarks/stage15_openrouter_lock_pre_no_data_audit.json,—,EXCLUDE,Local/test/runtime/history/audit or non-production file outside the exact source allowlist.,LOCAL_ONLY,5983f689810c23e56d8493d5c44108de7686eae9,,2091
intelligence/benchmarks/stage15_openrouter_metadata.json,—,EXCLUDE,Local/test/runtime/history/audit or non-production file outside the exact source allowlist.,LOCAL_ONLY,5d634f7f7eca9dfee98796e24f0e01e9e7f49a3f,,9159
intelligence/benchmarks/stage15_openrouter_pipeline_validation.json,—,EXCLUDE,Local/test/runtime/history/audit or non-production file outside the exact source allowlist.,LOCAL_ONLY,8b570a513e56eafb788992c291bdadfa949cc7a6,,523328
intelligence/benchmarks/stage15_openrouter_pre_recovery_results.json,—,EXCLUDE,Local/test/runtime/history/audit or non-production file outside the exact source allowlist.,LOCAL_ONLY,7c3e9239e6cb7154380beab474fbe4ffb6321928,,12579
intelligence/benchmarks/stage15_openrouter_prompts.py,—,EXCLUDE,Local/test/runtime/history/audit or non-production file outside the exact source allowlist.,LOCAL_ONLY,39f682e879792b9f955ca1f5eee3774406c30f81,,971
intelligence/benchmarks/stage15_openrouter_recovery_canary.json,—,EXCLUDE,Local/test/runtime/history/audit or non-production file outside the exact source allowlist.,LOCAL_ONLY,24ed3086d6efd6946a979bfefe955c8f22eeba47,,4200
intelligence/benchmarks/stage15_openrouter_recovery_canary.py,—,EXCLUDE,Local/test/runtime/history/audit or non-production file outside the exact source allowlist.,LOCAL_ONLY,c514e4d170476d67acb06610fa057e1be2543ec7,,9869
intelligence/benchmarks/stage15_openrouter_recovery_continue.py,—,EXCLUDE,Local/test/runtime/history/audit or non-production file outside the exact source allowlist.,LOCAL_ONLY,58429762c5da7692d2175c947e1350cdff35a139,,5130
intelligence/benchmarks/stage15_openrouter_recovery_failure_analysis.json,—,EXCLUDE,Local/test/runtime/history/audit or non-production file outside the exact source allowlist.,LOCAL_ONLY,0a2c70269669e22d69097d665d3fb582f35cc4bc,,12104
intelligence/benchmarks/stage15_openrouter_recovery_pipeline.json,—,EXCLUDE,Local/test/runtime/history/audit or non-production file outside the exact source allowlist.,LOCAL_ONLY,1ba105320633406dab03f8ef344b9373d73f924b,,1807372
intelligence/benchmarks/stage15_openrouter_recovery_readiness.json,—,EXCLUDE,Local/test/runtime/history/audit or non-production file outside the exact source allowlist.,LOCAL_ONLY,7ad723d42c04ad81f25cb538427eb27616d91c99,,978
intelligence/benchmarks/stage15_openrouter_recovery_readiness.py,—,EXCLUDE,Local/test/runtime/history/audit or non-production file outside the exact source allowlist.,LOCAL_ONLY,50c6834920da40f8d55dd94dbcd0b4e975bf55c0,,3110
intelligence/benchmarks/stage15_openrouter_recovery_regression.json,—,EXCLUDE,Local/test/runtime/history/audit or non-production file outside the exact source allowlist.,LOCAL_ONLY,76849c70b3842b6420b5b79a53a050911a35a09d,,3731
intelligence/benchmarks/stage15_openrouter_recovery_report.py,—,EXCLUDE,Local/test/runtime/history/audit or non-production file outside the exact source allowlist.,LOCAL_ONLY,f1618772e5629d0a261a017ea299655854e07a7e,,21850
intelligence/benchmarks/stage15_openrouter_recovery_start_checkpoint/STAGE15_OPENROUTER_BENCHMARK.md,—,EXCLUDE,Local/test/runtime/history/audit or non-production file outside the exact source allowlist.,LOCAL_ONLY,96055f31cc70ea0b0675fb384a3ef29e992f46d3,,13786
intelligence/benchmarks/stage15_openrouter_recovery_start_checkpoint/STAGE15_OPENROUTER_SETUP.md,—,EXCLUDE,Local/test/runtime/history/audit or non-production file outside the exact source allowlist.,LOCAL_ONLY,7a683338b28919df15bbf7252c96248206cecdf5,,4013
intelligence/benchmarks/stage15_openrouter_recovery_start_checkpoint/stage15_openrouter_experiments.csv,—,EXCLUDE,Local/test/runtime/history/audit or non-production file outside the exact source allowlist.,LOCAL_ONLY,2e61b75e28143c5fea9c5c50d3948f917046e788,,264
intelligence/benchmarks/stage15_openrouter_recovery_validation.json,—,EXCLUDE,Local/test/runtime/history/audit or non-production file outside the exact source allowlist.,LOCAL_ONLY,9518020b939c83cddf687029c91bda30528076b8,,1292
intelligence/benchmarks/stage15_openrouter_report.py,—,EXCLUDE,Local/test/runtime/history/audit or non-production file outside the exact source allowlist.,LOCAL_ONLY,57d4e30928e214ac3c46044299f5b7f4669b4158,,16503
intelligence/benchmarks/stage15_openrouter_results.json,—,EXCLUDE,Local/test/runtime/history/audit or non-production file outside the exact source allowlist.,LOCAL_ONLY,40e8852d83dbab3a50f89b3a7aceffd4a9f5879b,,82620
intelligence/benchmarks/stage15_openrouter_results_pre_no_data_audit.json,—,EXCLUDE,Local/test/runtime/history/audit or non-production file outside the exact source allowlist.,LOCAL_ONLY,f82920c81c76d0a0cdaed44295c8eaa3769f3e40,,11404
intelligence/benchmarks/stage15_openrouter_run.py,—,EXCLUDE,Local/test/runtime/history/audit or non-production file outside the exact source allowlist.,LOCAL_ONLY,bff1705f3286186b3dcc30b3d8818214df0ac566,,11247
intelligence/benchmarks/stage15_openrouter_t28_recovery.py,—,EXCLUDE,Local/test/runtime/history/audit or non-production file outside the exact source allowlist.,LOCAL_ONLY,cfb638ab56b26e19b6ec7e2503a02453c18a579b,,6883
intelligence/benchmarks/stage15_openrouter_t28_recovery_proposal.json,—,EXCLUDE,Local/test/runtime/history/audit or non-production file outside the exact source allowlist.,LOCAL_ONLY,56082445fc5454f6a33174558f108189bf69615e,,976
intelligence/benchmarks/stage15_openrouter_upstream_suites.json,—,EXCLUDE,Local/test/runtime/history/audit or non-production file outside the exact source allowlist.,LOCAL_ONLY,89e9dc7c89b07ff187542b7ab93a28820a4a69a4,,991
intelligence/benchmarks/stage15_openrouter_validation.json,—,EXCLUDE,Local/test/runtime/history/audit or non-production file outside the exact source allowlist.,LOCAL_ONLY,ff3cf90be230e6eca90d15a6cad9cbe85023784a,,5000
intelligence/benchmarks/stage15_pre_4b_retry_results.json,—,EXCLUDE,Local/test/runtime/history/audit or non-production file outside the exact source allowlist.,LOCAL_ONLY,4fe0bcb3ad976e8c7ff5b1fc17ce12f3bb4cb5ad,,310749
intelligence/benchmarks/stage15_preservation_audit.json,—,EXCLUDE,Local/test/runtime/history/audit or non-production file outside the exact source allowlist.,LOCAL_ONLY,115b713de5310af712124ade28cbccac52cc151a,,541
intelligence/benchmarks/stage15_prompts.py,—,EXCLUDE,Local/test/runtime/history/audit or non-production file outside the exact source allowlist.,LOCAL_ONLY,388fbf14947a1c3e3cb50886135abbb3ce77fba7,,3137
intelligence/benchmarks/stage15_prompts_contract_v1.py,—,EXCLUDE,Local/test/runtime/history/audit or non-production file outside the exact source allowlist.,LOCAL_ONLY,068a1d447c03fa1a2ac26224b8340c12d65f7c33,,2662
intelligence/benchmarks/stage15_provenance_binding_audit.py,—,EXCLUDE,Local/test/runtime/history/audit or non-production file outside the exact source allowlist.,LOCAL_ONLY,cd116b277c06ae5cc1b3dcdea96af37a9b0cd398,,3671
intelligence/benchmarks/stage15_provenance_binding_lock.json,—,EXCLUDE,Local/test/runtime/history/audit or non-production file outside the exact source allowlist.,LOCAL_ONLY,2ec6abd8965c930f55109d696cdf22527e4f577e,,769
intelligence/benchmarks/stage15_provenance_binding_verdicts.json,—,EXCLUDE,Local/test/runtime/history/audit or non-production file outside the exact source allowlist.,LOCAL_ONLY,fc90a6dcffbcfbac489a58f76d7a6e2f2ef3f8ae,,12963
intelligence/benchmarks/stage15_provider_stability.json,—,EXCLUDE,Local/test/runtime/history/audit or non-production file outside the exact source allowlist.,LOCAL_ONLY,77b3990b6f194db9b36720e46663f43fe3c5cb9e,,459
intelligence/benchmarks/stage15_report.py,—,EXCLUDE,Local/test/runtime/history/audit or non-production file outside the exact source allowlist.,LOCAL_ONLY,fcb989a9d53d60c66cefa29b4464948810c327a3,,27500
intelligence/benchmarks/stage15_results.json,—,EXCLUDE,Local/test/runtime/history/audit or non-production file outside the exact source allowlist.,LOCAL_ONLY,33dc035924465e74af9cb5c9023c72c1b83e164e,,565694
intelligence/benchmarks/stage15_run.py,—,EXCLUDE,Local/test/runtime/history/audit or non-production file outside the exact source allowlist.,LOCAL_ONLY,8f209c791eaa3c014e3eb16277239751da048682,,13800
intelligence/benchmarks/stage15_small_models_before.json,—,EXCLUDE,Local/test/runtime/history/audit or non-production file outside the exact source allowlist.,LOCAL_ONLY,29e777a06a2e13594e64deb7fb5b86faff471521,,45784
intelligence/benchmarks/stage15_small_models_experiments.csv,—,EXCLUDE,Local/test/runtime/history/audit or non-production file outside the exact source allowlist.,LOCAL_ONLY,363803fcb721af90445ccfc39e8fc9dc48879f93,,61311
intelligence/benchmarks/stage15_small_models_prompts.py,—,EXCLUDE,Local/test/runtime/history/audit or non-production file outside the exact source allowlist.,LOCAL_ONLY,9fbe5635051fa35782f75b6a0de75a10053e55d6,,2260
intelligence/benchmarks/stage15_small_models_report.py,—,EXCLUDE,Local/test/runtime/history/audit or non-production file outside the exact source allowlist.,LOCAL_ONLY,09fcfd6d25377f73ac3e0e612bb5694732cceb4c,,19689
intelligence/benchmarks/stage15_small_models_results.json,—,EXCLUDE,Local/test/runtime/history/audit or non-production file outside the exact source allowlist.,LOCAL_ONLY,a97a8acd4171a76be6c79538df46683e616b4cf1,,283543
intelligence/benchmarks/stage15_small_models_run.py,—,EXCLUDE,Local/test/runtime/history/audit or non-production file outside the exact source allowlist.,LOCAL_ONLY,6b5601c0034264fa529c76c04895293a00d086ae,,10695
intelligence/benchmarks/stage15_small_models_validation.json,—,EXCLUDE,Local/test/runtime/history/audit or non-production file outside the exact source allowlist.,LOCAL_ONLY,693846dc40df57e3c6b9337909574d95bda44aca,,1692
intelligence/benchmarks/stage15_t34_final_contract_audit.json,—,EXCLUDE,Local/test/runtime/history/audit or non-production file outside the exact source allowlist.,LOCAL_ONLY,ca92cf92b0c60fd79a0f8166417162aabbab7808,,16254
intelligence/benchmarks/stage15_targeted_accounting.json,—,EXCLUDE,Local/test/runtime/history/audit or non-production file outside the exact source allowlist.,LOCAL_ONLY,4ad37a68f62650d3c4e888570775e176a8e58b99,,421
intelligence/benchmarks/stage15_targeted_audited_resume.py,—,EXCLUDE,Local/test/runtime/history/audit or non-production file outside the exact source allowlist.,LOCAL_ONLY,7c0a0045ea8541e49c0cb943315a7b17e27a1048,,7861
intelligence/benchmarks/stage15_targeted_before.json,—,EXCLUDE,Local/test/runtime/history/audit or non-production file outside the exact source allowlist.,LOCAL_ONLY,3d97ba6cbd447f6240395f8cf76ffb8f428527ee,,59635
intelligence/benchmarks/stage15_targeted_checkpoint.json,—,EXCLUDE,Local/test/runtime/history/audit or non-production file outside the exact source allowlist.,LOCAL_ONLY,7caf3fc46eff1ca4c59bf8a321a7429856d1066e,,1220
intelligence/benchmarks/stage15_targeted_experiments.csv,—,EXCLUDE,Local/test/runtime/history/audit or non-production file outside the exact source allowlist.,LOCAL_ONLY,9e5e202db0d5a5ec4970528e03468edc123c1488,,6485
intelligence/benchmarks/stage15_targeted_failure_analysis.json,—,EXCLUDE,Local/test/runtime/history/audit or non-production file outside the exact source allowlist.,LOCAL_ONLY,06e630aff447414942a656446fe5d3e5db6f628d,,12350
intelligence/benchmarks/stage15_targeted_finish.py,—,EXCLUDE,Local/test/runtime/history/audit or non-production file outside the exact source allowlist.,LOCAL_ONLY,6215958e6c76b9684e76affeb582d1f66fab11f1,,5036
intelligence/benchmarks/stage15_targeted_finish_lock.json,—,EXCLUDE,Local/test/runtime/history/audit or non-production file outside the exact source allowlist.,LOCAL_ONLY,31d4d4b5884cfed279ac581797b6dd38012029b6,,532
intelligence/benchmarks/stage15_targeted_lock.json,—,EXCLUDE,Local/test/runtime/history/audit or non-production file outside the exact source allowlist.,LOCAL_ONLY,c7cf09557453bb6e5f7ef6235b27d7231015e2b9,,8494
intelligence/benchmarks/stage15_targeted_pipeline_validation.json,—,EXCLUDE,Local/test/runtime/history/audit or non-production file outside the exact source allowlist.,LOCAL_ONLY,8aea79d32bb49439dd3f4e336d1348aed6834ccc,,1807372
intelligence/benchmarks/stage15_targeted_provenance.py,—,EXCLUDE,Local/test/runtime/history/audit or non-production file outside the exact source allowlist.,LOCAL_ONLY,4b0e78565b9dcc8c6ca350fd2c28c6e24f558372,,5513
intelligence/benchmarks/stage15_targeted_regression.json,—,EXCLUDE,Local/test/runtime/history/audit or non-production file outside the exact source allowlist.,LOCAL_ONLY,568780c986d74d1e725ae70e89f5f2fc2fe9e429,,12521
intelligence/benchmarks/stage15_targeted_regression.py,—,EXCLUDE,Local/test/runtime/history/audit or non-production file outside the exact source allowlist.,LOCAL_ONLY,f0a608233a12b3c5e942fa607f48c4d026259a39,,2558
intelligence/benchmarks/stage15_targeted_report.py,—,EXCLUDE,Local/test/runtime/history/audit or non-production file outside the exact source allowlist.,LOCAL_ONLY,8530e7ae24ea3573b7b5eaa3d32ac675525f4b89,,14529
intelligence/benchmarks/stage15_targeted_results.json,—,EXCLUDE,Local/test/runtime/history/audit or non-production file outside the exact source allowlist.,LOCAL_ONLY,f09b3de5aa0cc677e5f53db06b5cf0630b34806c,,128790
intelligence/benchmarks/stage15_targeted_results_at_timeout.json,—,EXCLUDE,Local/test/runtime/history/audit or non-production file outside the exact source allowlist.,LOCAL_ONLY,0fba1aa83e65a2272c8386f6d762f4dca072d5a5,,95169
intelligence/benchmarks/stage15_targeted_results_before_binding_audit.json,—,EXCLUDE,Local/test/runtime/history/audit or non-production file outside the exact source allowlist.,LOCAL_ONLY,fd909cac4e77596139cb7f7de99903bd8dc1f59c,,45551
intelligence/benchmarks/stage15_targeted_run.py,—,EXCLUDE,Local/test/runtime/history/audit or non-production file outside the exact source allowlist.,LOCAL_ONLY,206ab641ecb5acf5218a52c6eb7d9f77559a4e95,,13433
intelligence/benchmarks/stage15_targeted_t16_audit.json,—,EXCLUDE,Local/test/runtime/history/audit or non-production file outside the exact source allowlist.,LOCAL_ONLY,b6d37d90115a5b9ff8e145d555a8c5d5cb4f4a0d,,8096
intelligence/benchmarks/stage15_targeted_validate.py,—,EXCLUDE,Local/test/runtime/history/audit or non-production file outside the exact source allowlist.,LOCAL_ONLY,d2c014b92fba5896e772c28ec7298cc97fd48ec6,,6792
intelligence/benchmarks/stage15_targeted_validation.json,—,EXCLUDE,Local/test/runtime/history/audit or non-production file outside the exact source allowlist.,LOCAL_ONLY,3bf624ce3dd1168fc2d4911916858785ca1b37f3,,2281
intelligence/benchmarks/stage15_validation.json,—,EXCLUDE,Local/test/runtime/history/audit or non-production file outside the exact source allowlist.,LOCAL_ONLY,69577c12c7f1eb7b94dc02713a997808c3ed081c,,27435
intelligence/cleaning/__init__.py,intelligence/cleaning/__init__.py,ADD,Completed production backend dependency or its module contract; preserve algorithm and selected model unchanged.,SOURCE,3f36d93829cace8bae1f0e5d0ce0f2ce2d6f397c,,157
intelligence/cleaning/clean.py,intelligence/cleaning/clean.py,ADD,Completed production backend dependency or its module contract; preserve algorithm and selected model unchanged.,SOURCE,8fe00540095100fb5c720fdcd7c0385f85c22ef1,,6876
intelligence/config.py,intelligence/config.py,ADD,Completed production backend dependency or its module contract; preserve algorithm and selected model unchanged.,SOURCE,45ac809e12e3312651f026752f8553fd8216b960,,6483
intelligence/db/__init__.py,intelligence/db/__init__.py,ADD,Completed production backend dependency or its module contract; preserve algorithm and selected model unchanged.,SOURCE,1f0eca9c1b8725a1a9f513502d08f24cdfa33180,,243
intelligence/db/cleaning.py,intelligence/db/cleaning.py,ADD,Completed production backend dependency or its module contract; preserve algorithm and selected model unchanged.,SOURCE,1d2e9dd3f1448417dbe69a3a6a0bb68b935a3cb3,,3939
intelligence/db/connection.py,intelligence/db/connection.py,ADD,Completed production backend dependency or its module contract; preserve algorithm and selected model unchanged.,SOURCE,cf7dee86bfb803ea12c0a5f4f7ed95c79cd80bf0,,4015
intelligence/db/deduplication.py,intelligence/db/deduplication.py,ADD,Completed production backend dependency or its module contract; preserve algorithm and selected model unchanged.,SOURCE,48c9e8f7454940bf11fcad1b27b6cb14d1c902dc,,3309
intelligence/db/entities.py,intelligence/db/entities.py,ADD,Completed production backend dependency or its module contract; preserve algorithm and selected model unchanged.,SOURCE,7bee131af27ae941d42c41acfa6d149d5fccd1a0,,4436
intelligence/db/events.py,intelligence/db/events.py,ADD,Completed production backend dependency or its module contract; preserve algorithm and selected model unchanged.,SOURCE,75b0265e196516a551bb981e17e3e5c85e382e5c,,7344
intelligence/db/intelligence.py,intelligence/db/intelligence.py,ADD,Completed production backend dependency or its module contract; preserve algorithm and selected model unchanged.,SOURCE,bdedcc0aab4d603753b429cccca2d9a5ca61a369,,8229
intelligence/db/locking.py,intelligence/db/locking.py,ADD,Completed production backend dependency or its module contract; preserve algorithm and selected model unchanged.,SOURCE,3eb4780a4f83d94f7c9e3748a6ad415c5b06a4ff,,1975
intelligence/db/metrics.py,intelligence/db/metrics.py,ADD,Completed production backend dependency or its module contract; preserve algorithm and selected model unchanged.,SOURCE,69057af3987296f84c08f1bd802d8b20d074c19e,,6766
intelligence/db/relevance.py,intelligence/db/relevance.py,ADD,Completed production backend dependency or its module contract; preserve algorithm and selected model unchanged.,SOURCE,05394d664ce4e9662f605727f002053414589225,,2656
intelligence/db/runs.py,intelligence/db/runs.py,ADD,Completed production backend dependency or its module contract; preserve algorithm and selected model unchanged.,SOURCE,dc69d4b2882fdea76d2ce800f1ffab09a24d12ae,,3756
intelligence/db/schema.sql,intelligence/db/schema.sql,ADD,Completed production backend dependency or its module contract; preserve algorithm and selected model unchanged.,SOURCE,3a0d4b4c5e41eeccd259a1b27313203dddbe342f,,53256
intelligence/db/snapshots.py,intelligence/db/snapshots.py,ADD,Completed production backend dependency or its module contract; preserve algorithm and selected model unchanged.,SOURCE,cd3b7c1a11ef5d2995c4ad51b5298613006f4270,,868
intelligence/db/uae_relevance.py,intelligence/db/uae_relevance.py,ADD,Completed production backend dependency or its module contract; preserve algorithm and selected model unchanged.,SOURCE,d4ab50d08d959d16851b28e04725508055d9b3ba,,3008
intelligence/deduplication/README.md,intelligence/deduplication/README.md,ADD,Completed production backend dependency or its module contract; preserve algorithm and selected model unchanged.,SOURCE,f83e289c6619e6a83a08569f30001c2d9d40b0db,,7390
intelligence/deduplication/__init__.py,intelligence/deduplication/__init__.py,ADD,Completed production backend dependency or its module contract; preserve algorithm and selected model unchanged.,SOURCE,a1e53107f9483b16264f5f6a98487de27dda7798,,223
intelligence/deduplication/compare.py,intelligence/deduplication/compare.py,ADD,Completed production backend dependency or its module contract; preserve algorithm and selected model unchanged.,SOURCE,503f9c30805d3394bd5fbe94d6f80da120976c05,,4554
intelligence/deduplication/groups.py,intelligence/deduplication/groups.py,ADD,Completed production backend dependency or its module contract; preserve algorithm and selected model unchanged.,SOURCE,6551330b6705d1bfbe95fdf67833f427bb0e4719,,2063
intelligence/deduplication/normalize.py,intelligence/deduplication/normalize.py,ADD,Completed production backend dependency or its module contract; preserve algorithm and selected model unchanged.,SOURCE,14efb80cc3698c6c4fe61ca3057ff42befa6e093,,3689
intelligence/entities/README.md,intelligence/entities/README.md,ADD,Completed production backend dependency or its module contract; preserve algorithm and selected model unchanged.,SOURCE,cb72c8237e83ac172f9e1d5bca3fb9fe3986cf0b,,12169
intelligence/entities/__init__.py,intelligence/entities/__init__.py,ADD,Completed production backend dependency or its module contract; preserve algorithm and selected model unchanged.,SOURCE,30d0f7d1997a00d6681343417c57991bc7b71bdf,,74
intelligence/entities/catalog.json,intelligence/entities/catalog.json,ADD,Completed production backend dependency or its module contract; preserve algorithm and selected model unchanged.,SOURCE,0c9399986b380096659699f186fad5366d52582b,,23850
intelligence/entities/extract.py,intelligence/entities/extract.py,ADD,Completed production backend dependency or its module contract; preserve algorithm and selected model unchanged.,SOURCE,9f9217cafd71dd33a3a7fc816efc1bec505ab48a,,6530
intelligence/entities/normalize.py,intelligence/entities/normalize.py,ADD,Completed production backend dependency or its module contract; preserve algorithm and selected model unchanged.,SOURCE,1b9de4d8afd21f2fb29a95bf16d14f5af088b2f0,,972
intelligence/entities/registry.py,intelligence/entities/registry.py,ADD,Completed production backend dependency or its module contract; preserve algorithm and selected model unchanged.,SOURCE,595c34bdd302a37454baff62cd5ec20348660567,,5040
intelligence/enums.py,intelligence/enums.py,ADD,Completed production backend dependency or its module contract; preserve algorithm and selected model unchanged.,SOURCE,41312a446f063a6a1429a56842fea43bec7735ca,,6522
intelligence/errors.py,intelligence/errors.py,ADD,Completed production backend dependency or its module contract; preserve algorithm and selected model unchanged.,SOURCE,f0ac3504fbd47bce7dcec7f9be1b39aa3bdaa4c9,,7066
intelligence/events/README.md,intelligence/events/README.md,ADD,Completed production backend dependency or its module contract; preserve algorithm and selected model unchanged.,SOURCE,d5a76559ae53102eaa8ea912839437ddee3fdaf1,,14256
intelligence/events/__init__.py,intelligence/events/__init__.py,ADD,Completed production backend dependency or its module contract; preserve algorithm and selected model unchanged.,SOURCE,37e3d58830fa851eda4ffb6c25cc1dd396b687f4,,77
intelligence/events/extract.py,intelligence/events/extract.py,ADD,Completed production backend dependency or its module contract; preserve algorithm and selected model unchanged.,SOURCE,760eb880ef7f2b31aef6d569c51daa17c152d048,,8349
intelligence/events/identity.py,intelligence/events/identity.py,ADD,Completed production backend dependency or its module contract; preserve algorithm and selected model unchanged.,SOURCE,653c5b6ebc797ec28389a02d4327bbaf2eb9f5f4,,801
intelligence/events/rules.py,intelligence/events/rules.py,ADD,Completed production backend dependency or its module contract; preserve algorithm and selected model unchanged.,SOURCE,7bfe44c1cdcad7726ec953bbbd36fa0ea6e0e2a9,,8223
intelligence/llm/README.md,intelligence/llm/README.md,ADD,Completed production backend dependency or its module contract; preserve algorithm and selected model unchanged.,SOURCE,a58382d3bd60c09742414307eba49b43fa7534ed,,2562
intelligence/llm/__init__.py,intelligence/llm/__init__.py,ADD,Completed production backend dependency or its module contract; preserve algorithm and selected model unchanged.,SOURCE,b6d2f296f7420c0a058331b4d6a540153eaae378,,66
intelligence/llm/final_qualification_gate.py,—,EXCLUDE,Local/test/runtime/history/audit or non-production file outside the exact source allowlist.,LOCAL_ONLY,472ccc20b773b48a84d28159685597476dfa77d7,,7129
intelligence/llm/mvp_selection.py,—,EXCLUDE,Local/test/runtime/history/audit or non-production file outside the exact source allowlist.,LOCAL_ONLY,ce4a722b1fc1ee3d51bdbccebb789d5290486d7f,,2692
intelligence/llm/ollama.py,—,EXCLUDE,Local/test/runtime/history/audit or non-production file outside the exact source allowlist.,LOCAL_ONLY,9f74b9147ceaa7d2a40bd7eb67c824ddc230b6f9,,4308
intelligence/llm/openrouter.py,intelligence/llm/openrouter.py,ADD,Completed production backend dependency or its module contract; preserve algorithm and selected model unchanged.,SOURCE,a935311bbfb7c5f1bb605bb8ee20d30192b51265,,11230
intelligence/llm/openrouter_settings.py,intelligence/llm/openrouter_settings.py,ADD,Completed production backend dependency or its module contract; preserve algorithm and selected model unchanged.,SOURCE,4626a10a388e9e30a6e6969775b8417316b37018,,1170
intelligence/llm/targeted_qualification_gate.py,—,EXCLUDE,Local/test/runtime/history/audit or non-production file outside the exact source allowlist.,LOCAL_ONLY,302da772b4c4c9d12a828f4c39c216e7dabd43b1,,10851
intelligence/metrics/README.md,intelligence/metrics/README.md,ADD,Completed production backend dependency or its module contract; preserve algorithm and selected model unchanged.,SOURCE,7e232285088cdf11f41fc401fe7195b5dd9f81a4,,10447
intelligence/metrics/__init__.py,intelligence/metrics/__init__.py,ADD,Completed production backend dependency or its module contract; preserve algorithm and selected model unchanged.,SOURCE,4d2899a83c2ed43b56deda9ab474587afc1696c2,,64
intelligence/metrics/extract.py,intelligence/metrics/extract.py,ADD,Completed production backend dependency or its module contract; preserve algorithm and selected model unchanged.,SOURCE,feb86f0fb5c2cf0f68364b0e9e199b7e8bc21e6f,,14431
intelligence/metrics/identity.py,intelligence/metrics/identity.py,ADD,Completed production backend dependency or its module contract; preserve algorithm and selected model unchanged.,SOURCE,06be732cb025fa37fd9cafc182191bdd6119ec4e,,675
intelligence/metrics/numbers.py,intelligence/metrics/numbers.py,ADD,Completed production backend dependency or its module contract; preserve algorithm and selected model unchanged.,SOURCE,c0b1d47096dc2932b88458465632aa3f89a2ffbb,,1936
intelligence/metrics/rules.py,intelligence/metrics/rules.py,ADD,Completed production backend dependency or its module contract; preserve algorithm and selected model unchanged.,SOURCE,f4b8850e1ed5b872cb71b817baf44b67adff0067,,2491
intelligence/pipeline/__init__.py,intelligence/pipeline/__init__.py,ADD,Completed production backend dependency or its module contract; preserve algorithm and selected model unchanged.,SOURCE,5a235dc2c0043402506a504aa24e8df0287cb9de,,305
intelligence/pipeline/clean.py,intelligence/pipeline/clean.py,ADD,Completed production backend dependency or its module contract; preserve algorithm and selected model unchanged.,SOURCE,877176090e497302ff97d5c1aa8dcb837049da00,,8592
intelligence/pipeline/deduplicate.py,intelligence/pipeline/deduplicate.py,ADD,Completed production backend dependency or its module contract; preserve algorithm and selected model unchanged.,SOURCE,a572f66c087a7a3e4ced255bd4ba7f9e6e1aaee8,,9810
intelligence/pipeline/entities.py,intelligence/pipeline/entities.py,ADD,Completed production backend dependency or its module contract; preserve algorithm and selected model unchanged.,SOURCE,e373c7b2cfd81c45f1a0dbc7b1003eaa1d9d5148,,10174
intelligence/pipeline/events.py,intelligence/pipeline/events.py,ADD,Completed production backend dependency or its module contract; preserve algorithm and selected model unchanged.,SOURCE,b8b47fca574f1890121861e6bb76787a2c5d2f92,,10390
intelligence/pipeline/fetch.py,intelligence/pipeline/fetch.py,ADD,Completed production backend dependency or its module contract; preserve algorithm and selected model unchanged.,SOURCE,e5851a25b6ab5eb0097ddce7d4edea888149011f,,31176
intelligence/pipeline/intelligence.py,intelligence/pipeline/intelligence.py,ADD,Completed production backend dependency or its module contract; preserve algorithm and selected model unchanged.,SOURCE,9e22927a3a01accd92a026541bfd26d2977b9def,,6485
intelligence/pipeline/metrics.py,intelligence/pipeline/metrics.py,ADD,Completed production backend dependency or its module contract; preserve algorithm and selected model unchanged.,SOURCE,7fe0f3b8e36ef2f98bd480b8f4dad17c7671fa41,,9024
intelligence/pipeline/relevance.py,intelligence/pipeline/relevance.py,ADD,Completed production backend dependency or its module contract; preserve algorithm and selected model unchanged.,SOURCE,4e7583336956ab600f7b47078d6cdd0d398f6eb7,,9376
intelligence/pipeline/run.py,intelligence/pipeline/run.py,ADD,Completed production backend dependency or its module contract; preserve algorithm and selected model unchanged.,SOURCE,2c2eadbbc245264d056b63b5bc929b5a39e3dfc2,,21487
intelligence/pipeline/uae_relevance.py,intelligence/pipeline/uae_relevance.py,ADD,Completed production backend dependency or its module contract; preserve algorithm and selected model unchanged.,SOURCE,bff17aee7ea9100b2845c96e56be75ed6e284a71,,9015
intelligence/production/__init__.py,intelligence/production/__init__.py,ADD,Completed production backend dependency or its module contract; preserve algorithm and selected model unchanged.,SOURCE,c3858e76b20fc506255edf4dae21c758a9d4a1b9,,80
intelligence/production/artifacts.py,intelligence/production/artifacts.py,ADD,"Production-only portable DB/history export, integrity gates, safe archives and atomic materialization.",SOURCE,34160038cc5a931e77dbab325883b791189c5770,,14527
intelligence/production/refresh.py,intelligence/production/refresh.py,ADD,Completed production backend dependency or its module contract; preserve algorithm and selected model unchanged.,SOURCE,a1a48b1daeafbddcada34b5d8e68969b58a98108,,7358
intelligence/production/release_job.py,intelligence/production/release_job.py,ADD,Restore before controlled ingestion; no publication on acquisition/build/artifact failure.,SOURCE,f263317e1f5d4cc6575105fae851a13f64adc86b,,3928
intelligence/production/releases.py,intelligence/production/releases.py,ADD,"Fixed existing GitHub repository, bounded release transfer and validated draft-to-published handoff.",SOURCE,6245ddb648bb4c0875a9b98bb11c4df0f12efedc,,7243
intelligence/production/startup.py,intelligence/production/startup.py,ADD,"Artifact-only startup, hourly check bound, last-valid recovery and fixed-repository rollback selection.",SOURCE,4b0c82a3aafc0f33b89431c5a90b610a58997e6f,,3613
intelligence/production/store.py,intelligence/production/store.py,ADD,Completed production backend dependency or its module contract; preserve algorithm and selected model unchanged.,SOURCE,a6f9416ea27fb00db4b836342d45e3036a347c5d,,6530
intelligence/production/worker.py,intelligence/production/worker.py,ADD,Completed production backend dependency or its module contract; preserve algorithm and selected model unchanged.,SOURCE,604d24312b3d96155aeabe6fbe1942fd6664645d,,2648
intelligence/query/README.md,intelligence/query/README.md,ADD,Completed production backend dependency or its module contract; preserve algorithm and selected model unchanged.,SOURCE,d8a444d2219a9df029038e97022aeb38541c04e5,,10171
intelligence/query/__init__.py,intelligence/query/__init__.py,ADD,Completed production backend dependency or its module contract; preserve algorithm and selected model unchanged.,SOURCE,a8d4edb45cb60ed2ba13599aad780310b95bb38c,,80
intelligence/query/actions.py,intelligence/query/actions.py,ADD,Completed production backend dependency or its module contract; preserve algorithm and selected model unchanged.,SOURCE,b3b9b56edf03bf7603f86fe1875a9800a627c3a4,,17833
intelligence/query/catalog.py,intelligence/query/catalog.py,ADD,Completed production backend dependency or its module contract; preserve algorithm and selected model unchanged.,SOURCE,87acad96a43b78671edbe92c35b3c4d6d521fa4f,,9838
intelligence/query/models.py,intelligence/query/models.py,ADD,Completed production backend dependency or its module contract; preserve algorithm and selected model unchanged.,SOURCE,3ef576e433abaed4a16cbb3b519dabe778a2e0cf,,13200
intelligence/query/registry.py,intelligence/query/registry.py,ADD,Completed production backend dependency or its module contract; preserve algorithm and selected model unchanged.,SOURCE,b309da8316c9167795d3f18a68562b915ed3b661,,3427
intelligence/query/resolution.py,intelligence/query/resolution.py,ADD,Completed production backend dependency or its module contract; preserve algorithm and selected model unchanged.,SOURCE,b03ce41da0d37465d8e99e91266a5bd49c41c56f,,5224
intelligence/query/router.py,intelligence/query/router.py,ADD,Completed production backend dependency or its module contract; preserve algorithm and selected model unchanged.,SOURCE,2e28b9d0e0d287618450a5a86c18737474745f39,,13838
intelligence/query/run.py,intelligence/query/run.py,ADD,Completed production backend dependency or its module contract; preserve algorithm and selected model unchanged.,SOURCE,fa0b9b3b10a91d936ce3507ddc733da815bd184f,,1213
intelligence/query/service.py,intelligence/query/service.py,ADD,Completed production backend dependency or its module contract; preserve algorithm and selected model unchanged.,SOURCE,8e25d7f495cc0b909c97dd58d401fa0a4fd9b2f5,,1367
intelligence/query/suggestions.py,intelligence/query/suggestions.py,ADD,Completed production backend dependency or its module contract; preserve algorithm and selected model unchanged.,SOURCE,e29046e2626b9e001ec3a52a0b3f7ef92f880150,,3772
intelligence/relevance/README.md,intelligence/relevance/README.md,ADD,Completed production backend dependency or its module contract; preserve algorithm and selected model unchanged.,SOURCE,f527457030f7303acce559441a980ace89c93240,,10340
intelligence/relevance/__init__.py,intelligence/relevance/__init__.py,ADD,Completed production backend dependency or its module contract; preserve algorithm and selected model unchanged.,SOURCE,975b5385772553f2f5d38ec92c855bce53bdb241,,68
intelligence/relevance/classify.py,intelligence/relevance/classify.py,ADD,Completed production backend dependency or its module contract; preserve algorithm and selected model unchanged.,SOURCE,2bd14e37bba8ded8c67305630bb38c0d85707b1a,,6212
intelligence/relevance/rules.py,intelligence/relevance/rules.py,ADD,Completed production backend dependency or its module contract; preserve algorithm and selected model unchanged.,SOURCE,1d67eb9c0c5d73abee9b73e89428927902070280,,5509
intelligence/schemas.py,intelligence/schemas.py,ADD,Completed production backend dependency or its module contract; preserve algorithm and selected model unchanged.,SOURCE,31ebfdc83d36a9c2c24888a78ba9f5871123efea,,31708
intelligence/serving/README.md,intelligence/serving/README.md,ADD,Completed production backend dependency or its module contract; preserve algorithm and selected model unchanged.,SOURCE,90b875b6cae7d97637378f110d07aa8753e5f46f,,10663
intelligence/serving/__init__.py,intelligence/serving/__init__.py,ADD,Completed production backend dependency or its module contract; preserve algorithm and selected model unchanged.,SOURCE,179f5d463f556f25d716b61c975a46d37993491c,,72
intelligence/serving/build.py,intelligence/serving/build.py,ADD,Completed production backend dependency or its module contract; preserve algorithm and selected model unchanged.,SOURCE,bbecc4fc2ab69f059fe31572f956c3e6db6e2003,,8096
intelligence/serving/movements.py,intelligence/serving/movements.py,ADD,Completed production backend dependency or its module contract; preserve algorithm and selected model unchanged.,SOURCE,6d4d46c18269473d672a7e4e8808277255206b15,,3337
intelligence/serving/periods.py,intelligence/serving/periods.py,ADD,Completed production backend dependency or its module contract; preserve algorithm and selected model unchanged.,SOURCE,fb3632149a18bb0c5c424ac2a7bd7f5080b991c2,,1260
intelligence/serving/policy.py,intelligence/serving/policy.py,ADD,Completed production backend dependency or its module contract; preserve algorithm and selected model unchanged.,SOURCE,b2d34887aaf2a70da710589c4cf48360ee37c912,,1766
intelligence/serving/rankings.py,intelligence/serving/rankings.py,ADD,Completed production backend dependency or its module contract; preserve algorithm and selected model unchanged.,SOURCE,8cf12fbc35350153c25a8bea565e0627640275f3,,1777
intelligence/serving/series.py,intelligence/serving/series.py,ADD,Completed production backend dependency or its module contract; preserve algorithm and selected model unchanged.,SOURCE,79eb92b111ecd28feeda3c5d1ef372982adf8522,,2513
intelligence/sources/__init__.py,intelligence/sources/__init__.py,ADD,Completed production backend dependency or its module contract; preserve algorithm and selected model unchanged.,SOURCE,05014c74bb417a034aef53012b672a1309e81472,,352
intelligence/sources/health.py,intelligence/sources/health.py,ADD,Completed production backend dependency or its module contract; preserve algorithm and selected model unchanged.,SOURCE,53dd48744bcf36d48d723097027edbceeee5b6f4,,6140
intelligence/sources/registry.py,intelligence/sources/registry.py,ADD,Completed production backend dependency or its module contract; preserve algorithm and selected model unchanged.,SOURCE,4a7b164ad6577cc9c91590f020341318c6ee2d59,,31518
intelligence/storage/__init__.py,intelligence/storage/__init__.py,ADD,Completed production backend dependency or its module contract; preserve algorithm and selected model unchanged.,SOURCE,cf24d92d009194e5df583d29b985fb62041567fb,,1328
intelligence/storage/check.py,intelligence/storage/check.py,ADD,Completed production backend dependency or its module contract; preserve algorithm and selected model unchanged.,SOURCE,5d9c94dcaa6d1339a90225d72346d8e9af25cb50,,8998
intelligence/storage/raw.py,intelligence/storage/raw.py,ADD,Completed production backend dependency or its module contract; preserve algorithm and selected model unchanged.,SOURCE,d766b63cc56eb644b28362a236b3aed01e5acb6d,,10778
intelligence/storage/rotation.py,intelligence/storage/rotation.py,ADD,Completed production backend dependency or its module contract; preserve algorithm and selected model unchanged.,SOURCE,5a3610eafcd492a35f92332c5a1759e513ef3d35,,3915
intelligence/storage/validate.py,intelligence/storage/validate.py,ADD,Completed production backend dependency or its module contract; preserve algorithm and selected model unchanged.,SOURCE,f82a690f8f583556d770eafdf273baa8d1f7d4c0,,4817
intelligence/tests/__init__.py,—,EXCLUDE,Local/test/runtime/history/audit or non-production file outside the exact source allowlist.,LOCAL_ONLY,e69de29bb2d1d6434b8b29ae775ad8c2e48c5391,,0
intelligence/tests/deployment_local_validation.py,—,EXCLUDE,Local/test/runtime/history/audit or non-production file outside the exact source allowlist.,LOCAL_ONLY,e7929185bf2562aa0e57921b81b6d48372498ace,,2906
intelligence/tests/deployment_regression.py,—,EXCLUDE,Local/test/runtime/history/audit or non-production file outside the exact source allowlist.,LOCAL_ONLY,87088d8d87d6b8f39433db76537117938c6b21a1,,1915
intelligence/tests/deployment_ui_smoke.py,—,EXCLUDE,Local/test/runtime/history/audit or non-production file outside the exact source allowlist.,LOCAL_ONLY,a17265b7a9a3813dfd2cb46cd10a923f2d1f25c7,,1810
intelligence/tests/fixtures/answer_engine.py,—,EXCLUDE,Local/test/runtime/history/audit or non-production file outside the exact source allowlist.,LOCAL_ONLY,4c43b857b99dc225869ee89eb5568343bd69351a,,2295
intelligence/tests/fixtures/deduplication.py,—,EXCLUDE,Local/test/runtime/history/audit or non-production file outside the exact source allowlist.,LOCAL_ONLY,cae294afb2e8b1a4df22cace87374adbf2259167,,5395
intelligence/tests/fixtures/entities.py,—,EXCLUDE,Local/test/runtime/history/audit or non-production file outside the exact source allowlist.,LOCAL_ONLY,f58bb1a6b0fac9c4f5de8877df55dcf601db28e7,,5891
intelligence/tests/fixtures/events.py,—,EXCLUDE,Local/test/runtime/history/audit or non-production file outside the exact source allowlist.,LOCAL_ONLY,2b7791ad356fecad8e233f954977c05f97fd693e,,10111
intelligence/tests/fixtures/intelligence.py,—,EXCLUDE,Local/test/runtime/history/audit or non-production file outside the exact source allowlist.,LOCAL_ONLY,7a8463109ee9b96ca20fbf6e84730b78e1f74d96,,980
intelligence/tests/fixtures/metrics.py,—,EXCLUDE,Local/test/runtime/history/audit or non-production file outside the exact source allowlist.,LOCAL_ONLY,d489501cafc54787db74e582dfee04ab5de060cc,,9653
intelligence/tests/fixtures/pipeline.py,—,EXCLUDE,Local/test/runtime/history/audit or non-production file outside the exact source allowlist.,LOCAL_ONLY,f2e1d8f98c82abf1f58faeb38936400f67f4c56a,,19452
intelligence/tests/fixtures/query.py,—,EXCLUDE,Local/test/runtime/history/audit or non-production file outside the exact source allowlist.,LOCAL_ONLY,959e4b37a77ea448e2d6c1f1296ed571265f7548,,3617
intelligence/tests/fixtures/relevance.py,—,EXCLUDE,Local/test/runtime/history/audit or non-production file outside the exact source allowlist.,LOCAL_ONLY,b47864c037c59bf5814d8a8abee67697dec6be38,,7956
intelligence/tests/fixtures/rss/empty_feed.xml,—,EXCLUDE,Local/test/runtime/history/audit or non-production file outside the exact source allowlist.,LOCAL_ONLY,01ebcd71f133faa8f8ce9f0b66439d049abf07f0,,241
intelligence/tests/fixtures/rss/malformed.xml,—,EXCLUDE,Local/test/runtime/history/audit or non-production file outside the exact source allowlist.,LOCAL_ONLY,9ac5f1f788caba408474f8291b80c5729a34628a,,272
intelligence/tests/fixtures/rss/missing_optional_fields.xml,—,EXCLUDE,Local/test/runtime/history/audit or non-production file outside the exact source allowlist.,LOCAL_ONLY,65a5e247d8a175c61d3962ea9c85946229bdb967,,775
intelligence/tests/fixtures/rss/valid_atom.xml,—,EXCLUDE,Local/test/runtime/history/audit or non-production file outside the exact source allowlist.,LOCAL_ONLY,9de7426451aa40782398c73238db5f4147fdad6f,,964
intelligence/tests/fixtures/rss/valid_rss20.xml,—,EXCLUDE,Local/test/runtime/history/audit or non-production file outside the exact source allowlist.,LOCAL_ONLY,24387e1be9ef2083a010521eba801043d1f9161c,,1584
intelligence/tests/fixtures/uae_relevance.py,—,EXCLUDE,Local/test/runtime/history/audit or non-production file outside the exact source allowlist.,LOCAL_ONLY,3ec215c6b28d004b5b0ce74ed05fdb7046c82a11,,8170
intelligence/tests/stage16_live_smoke.py,—,EXCLUDE,Local/test/runtime/history/audit or non-production file outside the exact source allowlist.,LOCAL_ONLY,d22aac846e3c0fc90d6f2794b8f3dfcc1debef72,,4591
intelligence/tests/stage17_live_smoke.py,—,EXCLUDE,Local/test/runtime/history/audit or non-production file outside the exact source allowlist.,LOCAL_ONLY,f47da63783a349a0c35e325946fc1f049499b4b5,,4817
intelligence/tests/stage18_live_smoke.py,—,EXCLUDE,Local/test/runtime/history/audit or non-production file outside the exact source allowlist.,LOCAL_ONLY,831fc734e7f989919093f44acaf1d0c415440cb0,,5534
intelligence/tests/stage18_ui_smoke.py,—,EXCLUDE,Local/test/runtime/history/audit or non-production file outside the exact source allowlist.,LOCAL_ONLY,9e705c940f62cd680b0227629a38dca437c679d2,,3660
intelligence/tests/verify_answer_engine.py,—,EXCLUDE,Local/test/runtime/history/audit or non-production file outside the exact source allowlist.,LOCAL_ONLY,4b7f6ff3de74e0045acd90f88263082e9f9dbcf3,,17623
intelligence/tests/verify_cleaning.py,—,EXCLUDE,Local/test/runtime/history/audit or non-production file outside the exact source allowlist.,LOCAL_ONLY,4515d58c5a9ea780763ee2edc389bd607d1ab23b,,27996
intelligence/tests/verify_deduplication.py,—,EXCLUDE,Local/test/runtime/history/audit or non-production file outside the exact source allowlist.,LOCAL_ONLY,baf91369c3a33633d46e0477cd0a3792dbc3a706,,35625
intelligence/tests/verify_entities.py,—,EXCLUDE,Local/test/runtime/history/audit or non-production file outside the exact source allowlist.,LOCAL_ONLY,880487b55ff55ffa9366957b4dfcdd85597f0cb3,,27076
intelligence/tests/verify_events.py,—,EXCLUDE,Local/test/runtime/history/audit or non-production file outside the exact source allowlist.,LOCAL_ONLY,2a32059ced36f983de14dcb3ef62a4580a570a50,,25769
intelligence/tests/verify_fetch.py,—,EXCLUDE,Local/test/runtime/history/audit or non-production file outside the exact source allowlist.,LOCAL_ONLY,fb7f324bed6d8abcdce86b6050c14d9ae3e2df04,,25797
intelligence/tests/verify_final_provider_recovery.py,—,EXCLUDE,Local/test/runtime/history/audit or non-production file outside the exact source allowlist.,LOCAL_ONLY,0c7cb478ee21d87f4152916db7d4846e386fc0ea,,3748
intelligence/tests/verify_final_qualification.py,—,EXCLUDE,Local/test/runtime/history/audit or non-production file outside the exact source allowlist.,LOCAL_ONLY,83b514f99dc5fd2dfb98b751919d59116e29741e,,3746
intelligence/tests/verify_intelligence.py,—,EXCLUDE,Local/test/runtime/history/audit or non-production file outside the exact source allowlist.,LOCAL_ONLY,46ad7b181eb9cf6a571d537b1b5dda2043c26d7a,,32618
intelligence/tests/verify_issue_fixes.py,—,EXCLUDE,Local/test/runtime/history/audit or non-production file outside the exact source allowlist.,LOCAL_ONLY,b1f080e0733233cdb45839f8e10214061aec9521,,17023
intelligence/tests/verify_live_fetch.py,—,EXCLUDE,Local/test/runtime/history/audit or non-production file outside the exact source allowlist.,LOCAL_ONLY,6198fdb497d74758f75df69130b559a9d8a9fc73,,1078
intelligence/tests/verify_metrics.py,—,EXCLUDE,Local/test/runtime/history/audit or non-production file outside the exact source allowlist.,LOCAL_ONLY,4acfc49d34c39609f8cb2fa85382af72058b0a14,,20475
intelligence/tests/verify_openrouter.py,—,EXCLUDE,Local/test/runtime/history/audit or non-production file outside the exact source allowlist.,LOCAL_ONLY,ba99b4b89eb42935eae158670fcd4fd54382359b,,14304
intelligence/tests/verify_openrouter_recovery.py,—,EXCLUDE,Local/test/runtime/history/audit or non-production file outside the exact source allowlist.,LOCAL_ONLY,a7740b608ce263d4eebcb5527b255dcfb5ba0817,,2651
intelligence/tests/verify_openrouter_recovery_continuation.py,—,EXCLUDE,Local/test/runtime/history/audit or non-production file outside the exact source allowlist.,LOCAL_ONLY,0c3e47ae959850496355db5b4736383cfaccdb40,,2834
intelligence/tests/verify_openrouter_t28_recovery.py,—,EXCLUDE,Local/test/runtime/history/audit or non-production file outside the exact source allowlist.,LOCAL_ONLY,87036d58133ffbd1cceeee2ad6f561ccd7c34915,,3757
intelligence/tests/verify_pipeline.py,—,EXCLUDE,Local/test/runtime/history/audit or non-production file outside the exact source allowlist.,LOCAL_ONLY,0f49ed81686490584b644c52ea760133f20a4839,,113121
intelligence/tests/verify_production_deployment.py,—,EXCLUDE,Local/test/runtime/history/audit or non-production file outside the exact source allowlist.,LOCAL_ONLY,c92718ca6c34bde28cd3b2522345eeaaf19bd259,,17904
intelligence/tests/verify_provenance_binding_audit.py,—,EXCLUDE,Local/test/runtime/history/audit or non-production file outside the exact source allowlist.,LOCAL_ONLY,c71de431d07a02f6b3ee8707668867f85f57136e,,2772
intelligence/tests/verify_query.py,—,EXCLUDE,Local/test/runtime/history/audit or non-production file outside the exact source allowlist.,LOCAL_ONLY,63dedcbd1d38e6b540b898e0c775d4f4f6f63f75,,20562
intelligence/tests/verify_registry.py,—,EXCLUDE,Local/test/runtime/history/audit or non-production file outside the exact source allowlist.,LOCAL_ONLY,53fee218f03d5e019aab86ac60bb1372e0f074e6,,8600
intelligence/tests/verify_relevance.py,—,EXCLUDE,Local/test/runtime/history/audit or non-production file outside the exact source allowlist.,LOCAL_ONLY,eb747ffee06dfa6aeb4620801e5b72c32360a157,,27215
intelligence/tests/verify_stage15.py,—,EXCLUDE,Local/test/runtime/history/audit or non-production file outside the exact source allowlist.,LOCAL_ONLY,cbceb39c23a5272c9fe83f7423ba4bec6044be5f,,5839
intelligence/tests/verify_stage15_continuation.py,—,EXCLUDE,Local/test/runtime/history/audit or non-production file outside the exact source allowlist.,LOCAL_ONLY,f6331cfe9f25ce7ac3976a0c245130e6007741e1,,5826
intelligence/tests/verify_stage15_mvp.py,—,EXCLUDE,Local/test/runtime/history/audit or non-production file outside the exact source allowlist.,LOCAL_ONLY,4e43f9da06f8fac3729fc05b3835d2daaf886f6e,,5707
intelligence/tests/verify_stage15_mvp_pipeline.py,—,EXCLUDE,Local/test/runtime/history/audit or non-production file outside the exact source allowlist.,LOCAL_ONLY,1316172152d8f4d4289666316e4484b58a317ed9,,1675
intelligence/tests/verify_stage15_small_models.py,—,EXCLUDE,Local/test/runtime/history/audit or non-production file outside the exact source allowlist.,LOCAL_ONLY,6eedc8f8d9b83a949424e7f2047afe0b7810339d,,3582
intelligence/tests/verify_stage16_pipeline.py,—,EXCLUDE,Local/test/runtime/history/audit or non-production file outside the exact source allowlist.,LOCAL_ONLY,ef35398be1207ba2cbfcdfc3d7f2cc1df3ffc61f,,3547
intelligence/tests/verify_stage16_regression.py,—,EXCLUDE,Local/test/runtime/history/audit or non-production file outside the exact source allowlist.,LOCAL_ONLY,f33c2d46e2dd9ff688f91f9bd66b281a251d0f37,,4348
intelligence/tests/verify_stage17_regression.py,—,EXCLUDE,Local/test/runtime/history/audit or non-production file outside the exact source allowlist.,LOCAL_ONLY,f33927d247fdb3ff824d250d88c18e5514fb46b9,,3192
intelligence/tests/verify_stage18_regression.py,—,EXCLUDE,Local/test/runtime/history/audit or non-production file outside the exact source allowlist.,LOCAL_ONLY,3a281492bb8c89874b778ec6f3cd815eaa20a9c2,,1026
intelligence/tests/verify_stage8_regressions.py,—,EXCLUDE,Local/test/runtime/history/audit or non-production file outside the exact source allowlist.,LOCAL_ONLY,5aec6bbd05b421d6b86aa7ad351ba48ffe270f79,,4384
intelligence/tests/verify_storage.py,—,EXCLUDE,Local/test/runtime/history/audit or non-production file outside the exact source allowlist.,LOCAL_ONLY,011c204d577431075c46d0fd3aaf2dcfcbd25b1e,,25827
intelligence/tests/verify_streamlit_integration.py,—,EXCLUDE,Local/test/runtime/history/audit or non-production file outside the exact source allowlist.,LOCAL_ONLY,63744b3356f7924d2c6f1ba7ac951cbb041fef5d,,13963
intelligence/tests/verify_system.py,—,EXCLUDE,Local/test/runtime/history/audit or non-production file outside the exact source allowlist.,LOCAL_ONLY,c685cc120dadd9becce3dc890321e3f777be3221,,18264
intelligence/tests/verify_targeted_completion.py,—,EXCLUDE,Local/test/runtime/history/audit or non-production file outside the exact source allowlist.,LOCAL_ONLY,9d0faf83d848917c7e9914c7b8579777aa024315,,6034
intelligence/tests/verify_targeted_provenance.py,—,EXCLUDE,Local/test/runtime/history/audit or non-production file outside the exact source allowlist.,LOCAL_ONLY,4bb359654a732f780cd2610ab3fa4b96baddbd6b,,4707
intelligence/tests/verify_uae_relevance.py,—,EXCLUDE,Local/test/runtime/history/audit or non-production file outside the exact source allowlist.,LOCAL_ONLY,b3c1595bf3d274469ecb1d7a83dc5544ebea7da4,,23061
intelligence/uae_relevance/README.md,intelligence/uae_relevance/README.md,ADD,Completed production backend dependency or its module contract; preserve algorithm and selected model unchanged.,SOURCE,dcb3df4663a9b81dea89ab239a414e4332d9fae6,,9434
intelligence/uae_relevance/__init__.py,intelligence/uae_relevance/__init__.py,ADD,Completed production backend dependency or its module contract; preserve algorithm and selected model unchanged.,SOURCE,da13d94ced94aef8f0cebac0fd440c9e96fff373,,76
intelligence/uae_relevance/classify.py,intelligence/uae_relevance/classify.py,ADD,Completed production backend dependency or its module contract; preserve algorithm and selected model unchanged.,SOURCE,a5c778a28a2609d61c37a0365f8a75a1acfaa6a9,,6465
intelligence/uae_relevance/rules.py,intelligence/uae_relevance/rules.py,ADD,Completed production backend dependency or its module contract; preserve algorithm and selected model unchanged.,SOURCE,443c9adf3e872a97e15168d40bce690fcff3b90b,,2063
intelligence/validation/deployment_closure/before.json,—,EXCLUDE,Local/test/runtime/history/audit or non-production file outside the exact source allowlist.,LOCAL_ONLY,1332bdcb714eec24708f4b56e4f29740f3ce330c,,147916
intelligence/validation/deployment_closure/diffs/.gitignore.diff,—,EXCLUDE,Local/test/runtime/history/audit or non-production file outside the exact source allowlist.,LOCAL_ONLY,37dbd6d902792df3b93517e9d1fc2f549b541b95,,395
intelligence/validation/deployment_closure/diffs/.streamlit/config.toml.diff,—,EXCLUDE,Local/test/runtime/history/audit or non-production file outside the exact source allowlist.,LOCAL_ONLY,fff4739b20148a8a083ec46ec9ff04a6096a933a,,1887
intelligence/validation/deployment_closure/diffs/DEPLOY.md.diff,—,EXCLUDE,Local/test/runtime/history/audit or non-production file outside the exact source allowlist.,LOCAL_ONLY,1859a069e6b208ac5a787beababd4d9d9f009c34,,11452
intelligence/validation/deployment_closure/diffs/README.md.diff,—,EXCLUDE,Local/test/runtime/history/audit or non-production file outside the exact source allowlist.,LOCAL_ONLY,84d3a8d4def000055ef630dd61c9621f776520cd,,190
intelligence/validation/deployment_closure/diffs/build_deploy.sh.diff,—,EXCLUDE,Local/test/runtime/history/audit or non-production file outside the exact source allowlist.,LOCAL_ONLY,a4d54d0551d5cafe98d3034914dac5ffafc466e8,,1198
intelligence/validation/deployment_closure/diffs/docs/CHECKLIST.md.diff,—,EXCLUDE,Local/test/runtime/history/audit or non-production file outside the exact source allowlist.,LOCAL_ONLY,b52d961c665645b6700c0793403202245b3df7d5,,509
intelligence/validation/deployment_closure/diffs/docs/Dashboard_Changes_and_Solutions.md.diff,—,EXCLUDE,Local/test/runtime/history/audit or non-production file outside the exact source allowlist.,LOCAL_ONLY,43e0dd7a6d099dd8e9185be5630c0b304d98bd1e,,463
intelligence/validation/deployment_closure/diffs/docs/Unified_Dashboard_Graph_and_Code_Explanation.md.diff,—,EXCLUDE,Local/test/runtime/history/audit or non-production file outside the exact source allowlist.,LOCAL_ONLY,7cd7a3e10ec286358f5fe6e79937a27e05516888,,416
intelligence/validation/deployment_closure/diffs/platform_core/__init__.py.diff,—,EXCLUDE,Local/test/runtime/history/audit or non-production file outside the exact source allowlist.,LOCAL_ONLY,9880a56a4cc3c14fe3ec3bdfe85200603941b212,,324
intelligence/validation/deployment_closure/diffs/platform_core/abu_dhabi_report.py.diff,—,EXCLUDE,Local/test/runtime/history/audit or non-production file outside the exact source allowlist.,LOCAL_ONLY,fe9c14e4b13c1c4d9ff4f90dc05657dfc7943d1d,,653
intelligence/validation/deployment_closure/diffs/platform_core/combined_report.py.diff,—,EXCLUDE,Local/test/runtime/history/audit or non-production file outside the exact source allowlist.,LOCAL_ONLY,5b974177a7729aac5c3b2be864eebab1041f94de,,1420
intelligence/validation/deployment_closure/diffs/platform_core/components.py.diff,—,EXCLUDE,Local/test/runtime/history/audit or non-production file outside the exact source allowlist.,LOCAL_ONLY,817cd084cb9995ce9128d260e9faab0bb52ce6dd,,3039
intelligence/validation/deployment_closure/diffs/platform_core/config.py.diff,—,EXCLUDE,Local/test/runtime/history/audit or non-production file outside the exact source allowlist.,LOCAL_ONLY,ca5c8ee300efca40ac678ce6dc3fbd2e2cc79ad3,,759
intelligence/validation/deployment_closure/diffs/platform_core/design_system.py.diff,—,EXCLUDE,Local/test/runtime/history/audit or non-production file outside the exact source allowlist.,LOCAL_ONLY,f0a80fb05cff7638bd10e0216b2cdc41609fc54a,,1987
intelligence/validation/deployment_closure/diffs/platform_core/dubai_report.py.diff,—,EXCLUDE,Local/test/runtime/history/audit or non-production file outside the exact source allowlist.,LOCAL_ONLY,228d5d025f8c4bfa66df07c5fe8f12ed16f0008c,,783
intelligence/validation/deployment_closure/diffs/platform_core/forecast_report.py.diff,—,EXCLUDE,Local/test/runtime/history/audit or non-production file outside the exact source allowlist.,LOCAL_ONLY,7bb731eeea7fc957cfa410ed1d36145693f30c41,,835
intelligence/validation/deployment_closure/diffs/platform_core/memory.py.diff,—,EXCLUDE,Local/test/runtime/history/audit or non-production file outside the exact source allowlist.,LOCAL_ONLY,0942417b18a3b9bce833c6ce231d8c0a021b67b0,,2329
intelligence/validation/deployment_closure/diffs/platform_core/pdf_report.py.diff,—,EXCLUDE,Local/test/runtime/history/audit or non-production file outside the exact source allowlist.,LOCAL_ONLY,e32e537a12e5c37371c93b574accf1b59359c3a3,,2251
intelligence/validation/deployment_closure/diffs/platform_core/runtime.py.diff,—,EXCLUDE,Local/test/runtime/history/audit or non-production file outside the exact source allowlist.,LOCAL_ONLY,b944b86a0ce7ca77821d55294e85721853ff7c4e,,659
intelligence/validation/deployment_closure/diffs/platform_pages/about.py.diff,—,EXCLUDE,Local/test/runtime/history/audit or non-production file outside the exact source allowlist.,LOCAL_ONLY,eb3961b7854b0ccf366ac9a38e57ddc4785eccb9,,525
intelligence/validation/deployment_closure/diffs/platform_pages/area.py.diff,—,EXCLUDE,Local/test/runtime/history/audit or non-production file outside the exact source allowlist.,LOCAL_ONLY,05c1c697db56e5112fda606d3f307459c3a19775,,924
intelligence/validation/deployment_closure/diffs/platform_pages/explore.py.diff,—,EXCLUDE,Local/test/runtime/history/audit or non-production file outside the exact source allowlist.,LOCAL_ONLY,c9ffb9bdf6a5ccc67f616dc156880763f25b8679,,355
intelligence/validation/deployment_closure/diffs/platform_pages/forecast.py.diff,—,EXCLUDE,Local/test/runtime/history/audit or non-production file outside the exact source allowlist.,LOCAL_ONLY,84f9563fdfc4b940b983ed07f42b4657a70765d2,,1206
intelligence/validation/deployment_closure/diffs/platform_pages/region_abu_dhabi.py.diff,—,EXCLUDE,Local/test/runtime/history/audit or non-production file outside the exact source allowlist.,LOCAL_ONLY,fecf1a17aa617a484f7fd1f510059a2040b7e457,,820
intelligence/validation/deployment_closure/diffs/platform_pages/region_dubai.py.diff,—,EXCLUDE,Local/test/runtime/history/audit or non-production file outside the exact source allowlist.,LOCAL_ONLY,76004cc35b875488b74d73aa95e0fbaca25d0dc2,,427
intelligence/validation/deployment_closure/diffs/platform_pages/region_experimental.py.diff,—,EXCLUDE,Local/test/runtime/history/audit or non-production file outside the exact source allowlist.,LOCAL_ONLY,a91afd3d36cb9e6faf1be82a90f6153ba07cd46a,,516
intelligence/validation/deployment_closure/diffs/platform_pages/region_rak.py.diff,—,EXCLUDE,Local/test/runtime/history/audit or non-production file outside the exact source allowlist.,LOCAL_ONLY,3d0f14b211f76aa19d74d561dbf9df97fc48487f,,343
intelligence/validation/deployment_closure/diffs/platform_pages/region_sharjah.py.diff,—,EXCLUDE,Local/test/runtime/history/audit or non-production file outside the exact source allowlist.,LOCAL_ONLY,f81863b68183574e9eb699e43d757fad4e024b5b,,348
intelligence/validation/deployment_closure/diffs/regions/dubai_market/chart_info.py.diff,—,EXCLUDE,Local/test/runtime/history/audit or non-production file outside the exact source allowlist.,LOCAL_ONLY,01319b6d58a4e570b786ce3c301dc707e13407a9,,1190
intelligence/validation/deployment_closure/diffs/regions/dubai_market/charts.py.diff,—,EXCLUDE,Local/test/runtime/history/audit or non-production file outside the exact source allowlist.,LOCAL_ONLY,bf51ef5f5c05b97c56c615453198e8d449996531,,606
intelligence/validation/deployment_closure/diffs/regions/dubai_market/dashboard.py.diff,—,EXCLUDE,Local/test/runtime/history/audit or non-production file outside the exact source allowlist.,LOCAL_ONLY,007e115b08c3727d275bb405eac4b3f236dab3e3,,742
intelligence/validation/deployment_closure/diffs/regions/dubai_market/data.py.diff,—,EXCLUDE,Local/test/runtime/history/audit or non-production file outside the exact source allowlist.,LOCAL_ONLY,ef29edf1e8288bc8ddc31230b31ad6a69db7121b,,3273
intelligence/validation/deployment_closure/diffs/regions/dubai_market/forecast_api.py.diff,—,EXCLUDE,Local/test/runtime/history/audit or non-production file outside the exact source allowlist.,LOCAL_ONLY,45f224d3c5792b96ad09de8b239084f4c13961ba,,643
intelligence/validation/deployment_closure/diffs/regions/dubai_market/forecast_ui.py.diff,—,EXCLUDE,Local/test/runtime/history/audit or non-production file outside the exact source allowlist.,LOCAL_ONLY,7c6092bb333bc0cf6732ee059aec1db531296938,,612
intelligence/validation/deployment_closure/diffs/requirements.txt.diff,—,EXCLUDE,Local/test/runtime/history/audit or non-production file outside the exact source allowlist.,LOCAL_ONLY,ff9969297446e10f0a351aa5314d5153a1fd9515,,1664
intelligence/validation/deployment_closure/diffs/streamlit_app.py.diff,—,EXCLUDE,Local/test/runtime/history/audit or non-production file outside the exact source allowlist.,LOCAL_ONLY,d216c4a84e24223d5532f7dc0f03a9a4f1c4ff5d,,2423
intelligence/validation/deployment_closure/diffs/tests/verify_forecast_api.py.diff,—,EXCLUDE,Local/test/runtime/history/audit or non-production file outside the exact source allowlist.,LOCAL_ONLY,307533f9427c6ada0e1556a18a09ec71f47807bb,,272
intelligence/validation/deployment_closure/github-actions-permissions.json,—,EXCLUDE,Local/test/runtime/history/audit or non-production file outside the exact source allowlist.,LOCAL_ONLY,4ebf8dcd8f5d39d118413a405c9ded74ec81eebc,,69
intelligence/validation/deployment_closure/github-branches.json,—,EXCLUDE,Local/test/runtime/history/audit or non-production file outside the exact source allowlist.,LOCAL_ONLY,4d9d14aab9cc7a36e930437f198e545ae8e3d241,,67
intelligence/validation/deployment_closure/github-deployments.json,—,EXCLUDE,Local/test/runtime/history/audit or non-production file outside the exact source allowlist.,LOCAL_ONLY,0637a088a01e8ddab3bf3fa98dbe804cbde1a0dc,,2
intelligence/validation/deployment_closure/github-environments.json,—,EXCLUDE,Local/test/runtime/history/audit or non-production file outside the exact source allowlist.,LOCAL_ONLY,76178ab9be916ecb729252396286ba84347eb500,,35
intelligence/validation/deployment_closure/github-head.json,—,EXCLUDE,Local/test/runtime/history/audit or non-production file outside the exact source allowlist.,LOCAL_ONLY,0b48f435dbc230885964f4704d607c7072f1ddc8,,389
intelligence/validation/deployment_closure/github-releases.json,—,EXCLUDE,Local/test/runtime/history/audit or non-production file outside the exact source allowlist.,LOCAL_ONLY,0637a088a01e8ddab3bf3fa98dbe804cbde1a0dc,,2
intelligence/validation/deployment_closure/github-tree.json,—,EXCLUDE,Local/test/runtime/history/audit or non-production file outside the exact source allowlist.,LOCAL_ONLY,efce4ececf25f7547ab894c1dd3dd49ba0ad11d8,,68045
intelligence/validation/deployment_closure/github-workflows.json,—,EXCLUDE,Local/test/runtime/history/audit or non-production file outside the exact source allowlist.,LOCAL_ONLY,2aaf5490b80fa69e572b2a1250c153487b0ab770,,32
intelligence/validation/deployment_closure/initial_comparison.json,—,EXCLUDE,Local/test/runtime/history/audit or non-production file outside the exact source allowlist.,LOCAL_ONLY,3ce2cb6005ba184b0f49dc295c43b82648f8bdeb,,10695
intelligence/validation/deployment_closure/large_files.json,—,EXCLUDE,Local/test/runtime/history/audit or non-production file outside the exact source allowlist.,LOCAL_ONLY,7c15600ee39d24830c028692b508e3353029d8fd,,1466
intelligence/validation/deployment_closure/proposed_files/.gitignore,—,EXCLUDE,Local/test/runtime/history/audit or non-production file outside the exact source allowlist.,LOCAL_ONLY,031123145706a30706b14df70a63ba1654541469,,885
intelligence/validation/deployment_closure/proposed_files/DEPLOY.md,—,EXCLUDE,Local/test/runtime/history/audit or non-production file outside the exact source allowlist.,LOCAL_ONLY,2adac71da980ed47e0545443bdbb68d903de3b7a,,1479
intelligence/validation/deployment_closure/proposed_files/README.md,—,EXCLUDE,Local/test/runtime/history/audit or non-production file outside the exact source allowlist.,LOCAL_ONLY,f5ee791d31498c67d92619734cc25d88f4a396ee,,4479
intelligence/validation/deployment_closure/proposed_files/build_deploy.sh,—,EXCLUDE,Local/test/runtime/history/audit or non-production file outside the exact source allowlist.,LOCAL_ONLY,bc8fd101ef7dcb51f0c42b8a3f02fdd8fd89e255,,3137
intelligence/validation/deployment_closure/proposed_files/platform_core/runtime.py,—,EXCLUDE,Local/test/runtime/history/audit or non-production file outside the exact source allowlist.,LOCAL_ONLY,52434c527041a175509f712b45c96880f4aa96e9,,5351
intelligence/validation/deployment_closure/proposed_files/platform_pages/area.py,—,EXCLUDE,Local/test/runtime/history/audit or non-production file outside the exact source allowlist.,LOCAL_ONLY,286fae92ad373efd162e9add20b5aed4d6639bfb,,6006
intelligence/validation/deployment_closure/proposed_files/platform_pages/forecast.py,—,EXCLUDE,Local/test/runtime/history/audit or non-production file outside the exact source allowlist.,LOCAL_ONLY,e3aced096f4dfab843d5348f4cb9f8a597d624c7,,3037
intelligence/validation/deployment_closure/proposed_files/platform_pages/region_abu_dhabi.py,—,EXCLUDE,Local/test/runtime/history/audit or non-production file outside the exact source allowlist.,LOCAL_ONLY,d3b7324213a1abe4c1251ac9523f6a191ec974c8,,5048
intelligence/validation/deployment_closure/proposed_files/platform_pages/region_rak.py,—,EXCLUDE,Local/test/runtime/history/audit or non-production file outside the exact source allowlist.,LOCAL_ONLY,5ac848315860567597956cf6bf049b085b58b3f1,,1933
intelligence/validation/deployment_closure/proposed_files/platform_pages/region_sharjah.py,—,EXCLUDE,Local/test/runtime/history/audit or non-production file outside the exact source allowlist.,LOCAL_ONLY,2700e3340346d36ad77dfc472511f20f88903a92,,2340
intelligence/validation/deployment_closure/proposed_files/regions/dubai_market/dashboard.py,—,EXCLUDE,Local/test/runtime/history/audit or non-production file outside the exact source allowlist.,LOCAL_ONLY,e9ad1fdcc5cd8a632751a8d0baa645650dd1eed9,,82524
intelligence/validation/deployment_closure/proposed_files/requirements.txt,—,EXCLUDE,Local/test/runtime/history/audit or non-production file outside the exact source allowlist.,LOCAL_ONLY,5e726420f4311e86efac75896b3b73f005b32658,,3437
intelligence/validation/deployment_closure/remote_main/.devcontainer/devcontainer.json,—,EXCLUDE,Local/test/runtime/history/audit or non-production file outside the exact source allowlist.,LOCAL_ONLY,0cc57cf104c0a2c33866773f3fc77bf6f3f54b6f,,1034
intelligence/validation/deployment_closure/remote_main/.gitignore,—,EXCLUDE,Local/test/runtime/history/audit or non-production file outside the exact source allowlist.,LOCAL_ONLY,05f1d74dec1396bccd63fe778b42cfef361552ae,,92
intelligence/validation/deployment_closure/remote_main/.streamlit/config.toml,—,EXCLUDE,Local/test/runtime/history/audit or non-production file outside the exact source allowlist.,LOCAL_ONLY,0bd9d35f6ea2493df98e8fefe300f4e52bb60efe,,2177
intelligence/validation/deployment_closure/remote_main/DEPLOY.md,—,EXCLUDE,Local/test/runtime/history/audit or non-production file outside the exact source allowlist.,LOCAL_ONLY,437c435605e26cd5092eb7993febaaefff82a203,,4600
intelligence/validation/deployment_closure/remote_main/README.md,—,EXCLUDE,Local/test/runtime/history/audit or non-production file outside the exact source allowlist.,LOCAL_ONLY,09d6fc3e9f3ab2abfa79b61c251c680917bee2f9,,4183
intelligence/validation/deployment_closure/remote_main/build_deploy.sh,—,EXCLUDE,Local/test/runtime/history/audit or non-production file outside the exact source allowlist.,LOCAL_ONLY,827c49b5fb19fd4339169a91abc5d7a69feb3ab5,,2973
intelligence/validation/deployment_closure/remote_main/docs/CHECKLIST.md,—,EXCLUDE,Local/test/runtime/history/audit or non-production file outside the exact source allowlist.,LOCAL_ONLY,5a858d5a258432fb42d1bc2dc3b0207f90653a31,,25019
intelligence/validation/deployment_closure/remote_main/docs/Dashboard_Changes_and_Solutions.md,—,EXCLUDE,Local/test/runtime/history/audit or non-production file outside the exact source allowlist.,LOCAL_ONLY,76f9f7f30135336b49216fbd13c1be6a5e1557d0,,17209
intelligence/validation/deployment_closure/remote_main/docs/Unified_Dashboard_Graph_and_Code_Explanation.md,—,EXCLUDE,Local/test/runtime/history/audit or non-production file outside the exact source allowlist.,LOCAL_ONLY,df8506ddbd769b2261377497f422b34d186a4621,,118053
intelligence/validation/deployment_closure/remote_main/platform_core/__init__.py,—,EXCLUDE,Local/test/runtime/history/audit or non-production file outside the exact source allowlist.,LOCAL_ONLY,4aa85fb62ed27a3fa6da74964f93f5979237ba40,,407
intelligence/validation/deployment_closure/remote_main/platform_core/abu_dhabi_report.py,—,EXCLUDE,Local/test/runtime/history/audit or non-production file outside the exact source allowlist.,LOCAL_ONLY,5d0edcc8fd8e77558db772452ca1f1fc8a9b5b64,,18384
intelligence/validation/deployment_closure/remote_main/platform_core/combined_report.py,—,EXCLUDE,Local/test/runtime/history/audit or non-production file outside the exact source allowlist.,LOCAL_ONLY,cf5e16ab9dc584f76f95e80114964b77e59437d7,,6751
intelligence/validation/deployment_closure/remote_main/platform_core/components.py,—,EXCLUDE,Local/test/runtime/history/audit or non-production file outside the exact source allowlist.,LOCAL_ONLY,efcb147825e758e4e7899385946370b660e9fef4,,14904
intelligence/validation/deployment_closure/remote_main/platform_core/config.py,—,EXCLUDE,Local/test/runtime/history/audit or non-production file outside the exact source allowlist.,LOCAL_ONLY,e8be996957e97f9b19d54fa09648694fb0838c91,,16745
intelligence/validation/deployment_closure/remote_main/platform_core/design_system.py,—,EXCLUDE,Local/test/runtime/history/audit or non-production file outside the exact source allowlist.,LOCAL_ONLY,e53be0fc87e9c1b3ac2d1b74c029fe28ff569a79,,47496
intelligence/validation/deployment_closure/remote_main/platform_core/dubai_report.py,—,EXCLUDE,Local/test/runtime/history/audit or non-production file outside the exact source allowlist.,LOCAL_ONLY,8e20e483e7c8537fff965da7d49f3934c5b6738c,,29096
intelligence/validation/deployment_closure/remote_main/platform_core/forecast_report.py,—,EXCLUDE,Local/test/runtime/history/audit or non-production file outside the exact source allowlist.,LOCAL_ONLY,679f63782b771e1bec2495c80a28181161bc54ab,,16572
intelligence/validation/deployment_closure/remote_main/platform_core/memory.py,—,EXCLUDE,Local/test/runtime/history/audit or non-production file outside the exact source allowlist.,LOCAL_ONLY,e9fed700c2b3de2d70a1959681f6a931c0522f6f,,6106
intelligence/validation/deployment_closure/remote_main/platform_core/pdf_report.py,—,EXCLUDE,Local/test/runtime/history/audit or non-production file outside the exact source allowlist.,LOCAL_ONLY,3381448f17b4310440e68cb90bea68ed9e988e8c,,20284
intelligence/validation/deployment_closure/remote_main/platform_core/runtime.py,—,EXCLUDE,Local/test/runtime/history/audit or non-production file outside the exact source allowlist.,LOCAL_ONLY,eb3c2095293deee8d3e6345f3007c5f1f28fa6a8,,5337
intelligence/validation/deployment_closure/remote_main/platform_pages/about.py,—,EXCLUDE,Local/test/runtime/history/audit or non-production file outside the exact source allowlist.,LOCAL_ONLY,750e5d3f7bdcd4fb1b1cf667c44490fd81addfab,,5475
intelligence/validation/deployment_closure/remote_main/platform_pages/area.py,—,EXCLUDE,Local/test/runtime/history/audit or non-production file outside the exact source allowlist.,LOCAL_ONLY,e5beae4f73f08a0ac3d8788b792d5c2a0012f61a,,5663
intelligence/validation/deployment_closure/remote_main/platform_pages/explore.py,—,EXCLUDE,Local/test/runtime/history/audit or non-production file outside the exact source allowlist.,LOCAL_ONLY,20515d1ca1a095f3ad2486f14604d21b07ec2915,,5882
intelligence/validation/deployment_closure/remote_main/platform_pages/forecast.py,—,EXCLUDE,Local/test/runtime/history/audit or non-production file outside the exact source allowlist.,LOCAL_ONLY,6cbf51c85557bec65777bade0994167929dcd186,,2899
intelligence/validation/deployment_closure/remote_main/platform_pages/region_abu_dhabi.py,—,EXCLUDE,Local/test/runtime/history/audit or non-production file outside the exact source allowlist.,LOCAL_ONLY,36f6114bd72e85158db93eb52e8c8b9ef6572d08,,4894
intelligence/validation/deployment_closure/remote_main/platform_pages/region_dubai.py,—,EXCLUDE,Local/test/runtime/history/audit or non-production file outside the exact source allowlist.,LOCAL_ONLY,897e74352a3c3b77d11ac1b100dd052ca170e42c,,2446
intelligence/validation/deployment_closure/remote_main/platform_pages/region_experimental.py,—,EXCLUDE,Local/test/runtime/history/audit or non-production file outside the exact source allowlist.,LOCAL_ONLY,05569994c41a6d1b6babf47c8a83a2a3abed3487,,14189
intelligence/validation/deployment_closure/remote_main/platform_pages/region_rak.py,—,EXCLUDE,Local/test/runtime/history/audit or non-production file outside the exact source allowlist.,LOCAL_ONLY,41f358e34c024ed5f4d037d51b037a5316aec539,,1821
intelligence/validation/deployment_closure/remote_main/platform_pages/region_sharjah.py,—,EXCLUDE,Local/test/runtime/history/audit or non-production file outside the exact source allowlist.,LOCAL_ONLY,b0b27555312d7ce3aa783fc8cbc0e07395cf5a87,,2235
intelligence/validation/deployment_closure/remote_main/regions/dubai_market/chart_info.py,—,EXCLUDE,Local/test/runtime/history/audit or non-production file outside the exact source allowlist.,LOCAL_ONLY,dc48d367adf645c89b12890dbd0090b592417a3e,,161574
intelligence/validation/deployment_closure/remote_main/regions/dubai_market/charts.py,—,EXCLUDE,Local/test/runtime/history/audit or non-production file outside the exact source allowlist.,LOCAL_ONLY,1478bdbb9d0d4254a978871b65f4bbd6b1c49634,,65986
intelligence/validation/deployment_closure/remote_main/regions/dubai_market/dashboard.py,—,EXCLUDE,Local/test/runtime/history/audit or non-production file outside the exact source allowlist.,LOCAL_ONLY,68ea047ac969d7ad1d789d75b5c4efea3f203514,,82352
intelligence/validation/deployment_closure/remote_main/regions/dubai_market/data.py,—,EXCLUDE,Local/test/runtime/history/audit or non-production file outside the exact source allowlist.,LOCAL_ONLY,978472aaa95eb2f735d7d4a69fd30571bbec2546,,16176
intelligence/validation/deployment_closure/remote_main/regions/dubai_market/forecast_api.py,—,EXCLUDE,Local/test/runtime/history/audit or non-production file outside the exact source allowlist.,LOCAL_ONLY,533f72b1976099c433e73a05cd3784998a65a34d,,23902
intelligence/validation/deployment_closure/remote_main/regions/dubai_market/forecast_ui.py,—,EXCLUDE,Local/test/runtime/history/audit or non-production file outside the exact source allowlist.,LOCAL_ONLY,dc4b441094f03de265485a4e1667719a07b3e51b,,26147
intelligence/validation/deployment_closure/remote_main/requirements.txt,—,EXCLUDE,Local/test/runtime/history/audit or non-production file outside the exact source allowlist.,LOCAL_ONLY,3d3d5cf824fdc1fc7cafd03285a27ad0bed57782,,2717
intelligence/validation/deployment_closure/remote_main/streamlit_app.py,—,EXCLUDE,Local/test/runtime/history/audit or non-production file outside the exact source allowlist.,LOCAL_ONLY,9fb8d77cb002170331fe4d9cd08267d195aa07aa,,7282
intelligence/validation/deployment_closure/remote_main/tests/verify_forecast_api.py,—,EXCLUDE,Local/test/runtime/history/audit or non-production file outside the exact source allowlist.,LOCAL_ONLY,aa2f0866e91caf30463df21021077b9d66b384db,,7867
intelligence/validation/deployment_closure/remote_reads.json,—,EXCLUDE,Local/test/runtime/history/audit or non-production file outside the exact source allowlist.,LOCAL_ONLY,f14041d036e8924a2fea2953dfe2ffed566eb53f,,2675
intelligence/validation/deployment_closure/reviewed_modifications.patch,—,EXCLUDE,Local/test/runtime/history/audit or non-production file outside the exact source allowlist.,LOCAL_ONLY,7d3374f7446924849e93b5dc95a3f0a0043906e2,,14532
intelligence/validation/deployment_closure/sync_manifest.json,—,EXCLUDE,Local/test/runtime/history/audit or non-production file outside the exact source allowlist.,LOCAL_ONLY,d80b7b8009e876a4e4a66c8155fcc7b225f12b69,,405355
intelligence/validation/deployment_closure/topology.json,—,EXCLUDE,Local/test/runtime/history/audit or non-production file outside the exact source allowlist.,LOCAL_ONLY,8cbd72a0e4548a439281ff9ba2e15b773410e459,,781
intelligence/validation/deployment_closure/workspace_move.json,—,EXCLUDE,Local/test/runtime/history/audit or non-production file outside the exact source allowlist.,LOCAL_ONLY,2d88cbdfa476e940062dc88acd47e414aedb4fa1,,232
intelligence/validation/deployment_prerequisites/approved_plans/GITHUB_SYNCHRONIZATION_PLAN.csv,—,EXCLUDE,Local/test/runtime/history/audit or non-production file outside the exact source allowlist.,LOCAL_ONLY,0c989faa7483008ea81fb509964e962db9ca0a6f,,232438
intelligence/validation/deployment_prerequisites/approved_plans/GITHUB_SYNCHRONIZATION_PLAN.md,—,EXCLUDE,Local/test/runtime/history/audit or non-production file outside the exact source allowlist.,LOCAL_ONLY,728211daa785dfaa4e9598b5b819949bab67fdb0,,32193
intelligence/validation/deployment_prerequisites/approved_plans/PRODUCTION_DEPLOYMENT.md,—,EXCLUDE,Local/test/runtime/history/audit or non-production file outside the exact source allowlist.,LOCAL_ONLY,94ad590b27c888febca27df7ae1452ca5041f762,,8187
intelligence/validation/deployment_prerequisites/approved_plans/PRODUCTION_DEPLOYMENT_CLOSURE_REPORT.md,—,EXCLUDE,Local/test/runtime/history/audit or non-production file outside the exact source allowlist.,LOCAL_ONLY,c91810b2b754f1db2e8aae31cb6ac381abf7f1eb,,6223
intelligence/validation/deployment_prerequisites/approved_plans/STREAMLIT_DEPLOYMENT_PLAN.md,—,EXCLUDE,Local/test/runtime/history/audit or non-production file outside the exact source allowlist.,LOCAL_ONLY,4c0eef9395aeafa3bb5c3d218b0f5fc46784cffa,,5236
intelligence/validation/deployment_prerequisites/before.json,—,EXCLUDE,Local/test/runtime/history/audit or non-production file outside the exact source allowlist.,LOCAL_ONLY,35a19df6935e1b94bd8b7d2235ec908f97e18ff9,,128465
intelligence/validation/deployment_prerequisites/bootstrap-release/production-publisher-state.tar.gz,—,EXCLUDE,Local/test/runtime/history/audit or non-production file outside the exact source allowlist.,LOCAL_ONLY,b2905a74680d27e387a940db1abed652943ee7e1,,1463415
intelligence/validation/deployment_prerequisites/bootstrap-release/production-release.json,—,EXCLUDE,Local/test/runtime/history/audit or non-production file outside the exact source allowlist.,LOCAL_ONLY,d28727aec4babd39864a43a482b5c2a0964116af,,655
intelligence/validation/deployment_prerequisites/bootstrap-release/production-serving.tar.gz,—,EXCLUDE,Local/test/runtime/history/audit or non-production file outside the exact source allowlist.,LOCAL_ONLY,963c08f7dc8ef997939841dc81666d0b48a17744,,548574
intelligence/validation/deployment_prerequisites/clean_runner_simulation.json,—,EXCLUDE,Local/test/runtime/history/audit or non-production file outside the exact source allowlist.,LOCAL_ONLY,84309fe2d93a1babc46fa3589dad3a2c1ff651ba,,926
intelligence/validation/deployment_prerequisites/deployment_tests.txt,—,EXCLUDE,Local/test/runtime/history/audit or non-production file outside the exact source allowlist.,LOCAL_ONLY,ccbbde14da5bd5871ccf530e881b1218b472009c,,4001
intelligence/validation/deployment_prerequisites/deployment_tests_final.txt,—,EXCLUDE,Local/test/runtime/history/audit or non-production file outside the exact source allowlist.,LOCAL_ONLY,789b57c671242453d5efd06f6243d8fe22c6f4ec,,4619
intelligence/validation/deployment_prerequisites/deterministic_query.json,—,EXCLUDE,Local/test/runtime/history/audit or non-production file outside the exact source allowlist.,LOCAL_ONLY,78472b472cad67653c9d1486e29673463ffffc24,,4440
intelligence/validation/deployment_prerequisites/final_checks.json,—,EXCLUDE,Local/test/runtime/history/audit or non-production file outside the exact source allowlist.,LOCAL_ONLY,56fd0b4cf3cee86df395ffd2d0b816470400ecab,,435
intelligence/validation/deployment_prerequisites/originals/.gitignore,—,EXCLUDE,Local/test/runtime/history/audit or non-production file outside the exact source allowlist.,LOCAL_ONLY,74d21d3137e0f167c1b9a76d9cbaa7fe940585ae,,353
intelligence/validation/deployment_prerequisites/originals/.streamlit/config.toml,—,EXCLUDE,Local/test/runtime/history/audit or non-production file outside the exact source allowlist.,LOCAL_ONLY,81a7b956682eb06e982d5d734aaa13ecc0e949b6,,450
intelligence/validation/deployment_prerequisites/originals/DEPLOY.md,—,EXCLUDE,Local/test/runtime/history/audit or non-production file outside the exact source allowlist.,LOCAL_ONLY,258ca0d035538e3e53ce82783211e71c9eca1f5c,,6646
intelligence/validation/deployment_prerequisites/originals/README.md,—,EXCLUDE,Local/test/runtime/history/audit or non-production file outside the exact source allowlist.,LOCAL_ONLY,d2b7670e9007a13287d8993f0aca5cf5c87e24b9,,4182
intelligence/validation/deployment_prerequisites/originals/build_deploy.sh,—,EXCLUDE,Local/test/runtime/history/audit or non-production file outside the exact source allowlist.,LOCAL_ONLY,bc8fd101ef7dcb51f0c42b8a3f02fdd8fd89e255,,3137
intelligence/validation/deployment_prerequisites/originals/docs/CHECKLIST.md,—,EXCLUDE,Local/test/runtime/history/audit or non-production file outside the exact source allowlist.,LOCAL_ONLY,bcab3b3767076c6766164f9c6de30098cd218fb8,,25018
intelligence/validation/deployment_prerequisites/originals/docs/Dashboard_Changes_and_Solutions.md,—,EXCLUDE,Local/test/runtime/history/audit or non-production file outside the exact source allowlist.,LOCAL_ONLY,1579eafc50ddf17db08cf840b8ccb9826e576fd0,,17208
intelligence/validation/deployment_prerequisites/originals/docs/Unified_Dashboard_Graph_and_Code_Explanation.md,—,EXCLUDE,Local/test/runtime/history/audit or non-production file outside the exact source allowlist.,LOCAL_ONLY,50af6e14661327040f413d97f8f54097e72d8736,,118052
intelligence/validation/deployment_prerequisites/originals/platform_core/__init__.py,—,EXCLUDE,Local/test/runtime/history/audit or non-production file outside the exact source allowlist.,LOCAL_ONLY,ed14d4dd034125cfc0e69aa9721619917f05d761,,405
intelligence/validation/deployment_prerequisites/originals/platform_core/abu_dhabi_report.py,—,EXCLUDE,Local/test/runtime/history/audit or non-production file outside the exact source allowlist.,LOCAL_ONLY,4ecaf6b8704d9e148f3dba02b7384dde2c2b3da9,,18383
intelligence/validation/deployment_prerequisites/originals/platform_core/ai_ui.py,—,EXCLUDE,Local/test/runtime/history/audit or non-production file outside the exact source allowlist.,LOCAL_ONLY,e88be90b96605131869f02bea9a1eecc7038a31c,,5210
intelligence/validation/deployment_prerequisites/originals/platform_core/combined_report.py,—,EXCLUDE,Local/test/runtime/history/audit or non-production file outside the exact source allowlist.,LOCAL_ONLY,fbaa9a08963a6ec41a0780e6a686072353f08063,,6581
intelligence/validation/deployment_prerequisites/originals/platform_core/components.py,—,EXCLUDE,Local/test/runtime/history/audit or non-production file outside the exact source allowlist.,LOCAL_ONLY,8ebaff46c8a487d40191939406afdaffdd2a0d3b,,14505
intelligence/validation/deployment_prerequisites/originals/platform_core/config.py,—,EXCLUDE,Local/test/runtime/history/audit or non-production file outside the exact source allowlist.,LOCAL_ONLY,55aee4e46447abe2e34ae965a86deac1faaf6363,,16743
intelligence/validation/deployment_prerequisites/originals/platform_core/design_system.py,—,EXCLUDE,Local/test/runtime/history/audit or non-production file outside the exact source allowlist.,LOCAL_ONLY,1a4756d6ecf5484f90dc4550ff5be8aee2ec1cad,,47043
intelligence/validation/deployment_prerequisites/originals/platform_core/dubai_report.py,—,EXCLUDE,Local/test/runtime/history/audit or non-production file outside the exact source allowlist.,LOCAL_ONLY,5ed2815aae465e48ece50d0d846657d3fa11787c,,29095
intelligence/validation/deployment_prerequisites/originals/platform_core/forecast_report.py,—,EXCLUDE,Local/test/runtime/history/audit or non-production file outside the exact source allowlist.,LOCAL_ONLY,d3c4119949d2f2bbd4f9b44ff836d67e24ac3c0b,,16570
intelligence/validation/deployment_prerequisites/originals/platform_core/memory.py,—,EXCLUDE,Local/test/runtime/history/audit or non-production file outside the exact source allowlist.,LOCAL_ONLY,5849084400a95834eb9ebc95b4548c786eeba1b5,,4442
intelligence/validation/deployment_prerequisites/originals/platform_core/pdf_report.py,—,EXCLUDE,Local/test/runtime/history/audit or non-production file outside the exact source allowlist.,LOCAL_ONLY,340bf4ca9c7f18296a0078028cb83ecf4903c4a0,,19572
intelligence/validation/deployment_prerequisites/originals/platform_core/runtime.py,—,EXCLUDE,Local/test/runtime/history/audit or non-production file outside the exact source allowlist.,LOCAL_ONLY,52434c527041a175509f712b45c96880f4aa96e9,,5351
intelligence/validation/deployment_prerequisites/originals/platform_pages/about.py,—,EXCLUDE,Local/test/runtime/history/audit or non-production file outside the exact source allowlist.,LOCAL_ONLY,cb3d5b38eafa933c4901892cc35a8a98084009da,,5473
intelligence/validation/deployment_prerequisites/originals/platform_pages/area.py,—,EXCLUDE,Local/test/runtime/history/audit or non-production file outside the exact source allowlist.,LOCAL_ONLY,dbc135f326a2deef68d18160ad8057c0a5a638ef,,6005
intelligence/validation/deployment_prerequisites/originals/platform_pages/explore.py,—,EXCLUDE,Local/test/runtime/history/audit or non-production file outside the exact source allowlist.,LOCAL_ONLY,4cacf0709c3cc31614cc79576b5953f8f0256a3f,,5881
intelligence/validation/deployment_prerequisites/originals/platform_pages/forecast.py,—,EXCLUDE,Local/test/runtime/history/audit or non-production file outside the exact source allowlist.,LOCAL_ONLY,1aa39176ded8d291c37c4723b67edb6ae8459c83,,3035
intelligence/validation/deployment_prerequisites/originals/platform_pages/region_abu_dhabi.py,—,EXCLUDE,Local/test/runtime/history/audit or non-production file outside the exact source allowlist.,LOCAL_ONLY,d3b7324213a1abe4c1251ac9523f6a191ec974c8,,5048
intelligence/validation/deployment_prerequisites/originals/platform_pages/region_dubai.py,—,EXCLUDE,Local/test/runtime/history/audit or non-production file outside the exact source allowlist.,LOCAL_ONLY,c37d39e04e9843094907f4b1ee9e9f54c3e9cb74,,2445
intelligence/validation/deployment_prerequisites/originals/platform_pages/region_experimental.py,—,EXCLUDE,Local/test/runtime/history/audit or non-production file outside the exact source allowlist.,LOCAL_ONLY,a883811b96608de882f6a9272a96d8bcf8588208,,14188
intelligence/validation/deployment_prerequisites/originals/platform_pages/region_rak.py,—,EXCLUDE,Local/test/runtime/history/audit or non-production file outside the exact source allowlist.,LOCAL_ONLY,5ac848315860567597956cf6bf049b085b58b3f1,,1933
intelligence/validation/deployment_prerequisites/originals/platform_pages/region_sharjah.py,—,EXCLUDE,Local/test/runtime/history/audit or non-production file outside the exact source allowlist.,LOCAL_ONLY,2700e3340346d36ad77dfc472511f20f88903a92,,2340
intelligence/validation/deployment_prerequisites/originals/regions/dubai_market/chart_info.py,—,EXCLUDE,Local/test/runtime/history/audit or non-production file outside the exact source allowlist.,LOCAL_ONLY,d736f7ca044826096f094d4d6ba778ea93568fc4,,161572
intelligence/validation/deployment_prerequisites/originals/regions/dubai_market/charts.py,—,EXCLUDE,Local/test/runtime/history/audit or non-production file outside the exact source allowlist.,LOCAL_ONLY,d460ac911ee368ae89aa6ef13cad1495ed95b00e,,65985
intelligence/validation/deployment_prerequisites/originals/regions/dubai_market/dashboard.py,—,EXCLUDE,Local/test/runtime/history/audit or non-production file outside the exact source allowlist.,LOCAL_ONLY,e9ad1fdcc5cd8a632751a8d0baa645650dd1eed9,,82524
intelligence/validation/deployment_prerequisites/originals/regions/dubai_market/data.py,—,EXCLUDE,Local/test/runtime/history/audit or non-production file outside the exact source allowlist.,LOCAL_ONLY,3e47d38dd7e8c2d799997ae170ad41f3846379bd,,13626
intelligence/validation/deployment_prerequisites/originals/regions/dubai_market/forecast_api.py,—,EXCLUDE,Local/test/runtime/history/audit or non-production file outside the exact source allowlist.,LOCAL_ONLY,7e268f09aa3db6676e03887503685ff127f8bc0d,,23900
intelligence/validation/deployment_prerequisites/originals/regions/dubai_market/forecast_ui.py,—,EXCLUDE,Local/test/runtime/history/audit or non-production file outside the exact source allowlist.,LOCAL_ONLY,f6d068e7c4760c9eeeb275565904a06b60671d3d,,26146
intelligence/validation/deployment_prerequisites/originals/requirements.txt,—,EXCLUDE,Local/test/runtime/history/audit or non-production file outside the exact source allowlist.,LOCAL_ONLY,1813fe550db3d26014a4784c7b48c6c7f61a0b5b,,3456
intelligence/validation/deployment_prerequisites/originals/streamlit_app.py,—,EXCLUDE,Local/test/runtime/history/audit or non-production file outside the exact source allowlist.,LOCAL_ONLY,ffeb371ede227006d293f5a345d5cca6f6aba83a,,6197
intelligence/validation/deployment_prerequisites/originals/tests/verify_forecast_api.py,—,EXCLUDE,Local/test/runtime/history/audit or non-production file outside the exact source allowlist.,LOCAL_ONLY,2eea566ae13dad7277b66dc917f996ee1827463d,,7866
intelligence/validation/deployment_prerequisites/preservation.json,—,EXCLUDE,Local/test/runtime/history/audit or non-production file outside the exact source allowlist.,LOCAL_ONLY,3e3217adc614c444ddafb294965779572fd21815,,1576
intelligence/validation/deployment_prerequisites/regression/connected.log,—,EXCLUDE,Local/test/runtime/history/audit or non-production file outside the exact source allowlist.,LOCAL_ONLY,ab6947dddcf98eda096092674ebb3c09b57ddf6b,,953641
intelligence/validation/deployment_prerequisites/regression/stage17/final/application_imports.json,—,EXCLUDE,Local/test/runtime/history/audit or non-production file outside the exact source allowlist.,LOCAL_ONLY,38b79ac6ead72885b6f436df7aab2c401652b568,,1860
intelligence/validation/deployment_prerequisites/regression/stage17/final/regression.json,—,EXCLUDE,Local/test/runtime/history/audit or non-production file outside the exact source allowlist.,LOCAL_ONLY,a1e923305028f930170692ec2fa6a556d62fbd12,,5139
intelligence/validation/deployment_prerequisites/regression/stage17/final/regression_summary.json,—,EXCLUDE,Local/test/runtime/history/audit or non-production file outside the exact source allowlist.,LOCAL_ONLY,ab48880a5d3ddb3d535c804c49f0f7a1e88cb1a5,,92
intelligence/validation/deployment_prerequisites/regression/stage17/final/stage16_recheck/live_smoke.json,—,EXCLUDE,Local/test/runtime/history/audit or non-production file outside the exact source allowlist.,LOCAL_ONLY,e2bfd81b7717ed234a2e77c6cddd7c8a166d1f8e,,29413
intelligence/validation/deployment_prerequisites/regression/stage17/final/stage16_recheck/offline.json,—,EXCLUDE,Local/test/runtime/history/audit or non-production file outside the exact source allowlist.,LOCAL_ONLY,1b08ff55d1f2bdd68e9feb69b4e5b160c581f309,,1022815
intelligence/validation/deployment_prerequisites/regression/stage17/final/stage16_recheck/pipeline.json,—,EXCLUDE,Local/test/runtime/history/audit or non-production file outside the exact source allowlist.,LOCAL_ONLY,2ac9360bc38c5b70ab5065b7bc42987512bf3fb0,,2657066
intelligence/validation/deployment_prerequisites/regression/stage17/final/system.json,—,EXCLUDE,Local/test/runtime/history/audit or non-production file outside the exact source allowlist.,LOCAL_ONLY,bfe7da1899844f302040704f75e15ab252c433f3,,318566
intelligence/validation/deployment_prerequisites/regression/stage17_regression.log,—,EXCLUDE,Local/test/runtime/history/audit or non-production file outside the exact source allowlist.,LOCAL_ONLY,06f3bd6fa3177304bd2bcf74cff88cbe46f393bb,,4935
intelligence/validation/deployment_prerequisites/regression/stage18/integration_tests.json,—,EXCLUDE,Local/test/runtime/history/audit or non-production file outside the exact source allowlist.,LOCAL_ONLY,61c54902013e0f4fcec144a79e164c3d5482ec38,,161
intelligence/validation/deployment_prerequisites/regression/stage18.log,—,EXCLUDE,Local/test/runtime/history/audit or non-production file outside the exact source allowlist.,LOCAL_ONLY,f192a3974850748b32343fe247172b046af5ba4b,,2219
intelligence/validation/deployment_prerequisites/regression/stage18_final/integration_tests.json,—,EXCLUDE,Local/test/runtime/history/audit or non-production file outside the exact source allowlist.,LOCAL_ONLY,61c54902013e0f4fcec144a79e164c3d5482ec38,,161
intelligence/validation/deployment_prerequisites/regression/summary.json,—,EXCLUDE,Local/test/runtime/history/audit or non-production file outside the exact source allowlist.,LOCAL_ONLY,ba15f02166ca5811ec9dc2b327145be3b8340c42,,239
intelligence/validation/deployment_prerequisites/reviewed_modifications.patch,—,EXCLUDE,Local/test/runtime/history/audit or non-production file outside the exact source allowlist.,LOCAL_ONLY,b8613bfe2f767091b8b063a5dab0667ee7d460e9,,15452
intelligence/validation/deployment_prerequisites/runner-a/builds/044ab2365318b15ea43dbfdf8ff9c95bc6f01a3e3992ec4e3accffbd4311e805/intelligence.db,—,EXCLUDE,Local/test/runtime/history/audit or non-production file outside the exact source allowlist.,LOCAL_ONLY,251c1e70e42a31c92a9a180e9ae14e0fc27a898d,,2265088
intelligence/validation/deployment_prerequisites/runner-a/builds/044ab2365318b15ea43dbfdf8ff9c95bc6f01a3e3992ec4e3accffbd4311e805/manifest.json,—,EXCLUDE,Local/test/runtime/history/audit or non-production file outside the exact source allowlist.,LOCAL_ONLY,48495b9d435fda263b0ae5c1707e4cab8e87380b,,49799
intelligence/validation/deployment_prerequisites/runner-a/builds/1eafc768573ca6dc677e012312ca6bbf11f4a7e1d0a323447737092cdd73b581/intelligence.db,—,EXCLUDE,Local/test/runtime/history/audit or non-production file outside the exact source allowlist.,LOCAL_ONLY,cc01fe53681a58e2ae19f85c525b35ae1428c290,,2412544
intelligence/validation/deployment_prerequisites/runner-a/builds/1eafc768573ca6dc677e012312ca6bbf11f4a7e1d0a323447737092cdd73b581/manifest.json,—,EXCLUDE,Local/test/runtime/history/audit or non-production file outside the exact source allowlist.,LOCAL_ONLY,4f8c192ab64bd0182762555bf16038695e41c2c6,,49799
intelligence/validation/deployment_prerequisites/runner-a/builds/a3d11387f4f5a5b18bf32d26beb016826be2340dec5e1d7a4bed69800b7b22d2/intelligence.db,—,EXCLUDE,Local/test/runtime/history/audit or non-production file outside the exact source allowlist.,LOCAL_ONLY,0ba39dfcfda8c8af931c3818a50b4f5f67a58890,,2101248
intelligence/validation/deployment_prerequisites/runner-a/builds/a3d11387f4f5a5b18bf32d26beb016826be2340dec5e1d7a4bed69800b7b22d2/manifest.json,—,EXCLUDE,Local/test/runtime/history/audit or non-production file outside the exact source allowlist.,LOCAL_ONLY,a6f6a4eaaca14abf0dc9a937882391d8eb227d0d,,49799
intelligence/validation/deployment_prerequisites/runner-a/current.json,—,EXCLUDE,Local/test/runtime/history/audit or non-production file outside the exact source allowlist.,LOCAL_ONLY,8523d93dbcd1a3b6768064b331311360d2b9572b,,85
intelligence/validation/deployment_prerequisites/runner-a/history.json,—,EXCLUDE,Local/test/runtime/history/audit or non-production file outside the exact source allowlist.,LOCAL_ONLY,a6f6a4eaaca14abf0dc9a937882391d8eb227d0d,,49799
intelligence/validation/deployment_prerequisites/runner-a/receipts.json,—,EXCLUDE,Local/test/runtime/history/audit or non-production file outside the exact source allowlist.,LOCAL_ONLY,d9c375eb9e1b08b067cd8f10b7a9b09b41d3d4b1,,46833
intelligence/validation/deployment_prerequisites/runner-a/work/.intelligence.db.clean.lock,—,EXCLUDE,Local/test/runtime/history/audit or non-production file outside the exact source allowlist.,LOCAL_ONLY,e69de29bb2d1d6434b8b29ae775ad8c2e48c5391,,0
intelligence/validation/deployment_prerequisites/runner-a/work/.intelligence.db.dedupe.lock,—,EXCLUDE,Local/test/runtime/history/audit or non-production file outside the exact source allowlist.,LOCAL_ONLY,e69de29bb2d1d6434b8b29ae775ad8c2e48c5391,,0
intelligence/validation/deployment_prerequisites/runner-a/work/.intelligence.db.entities.lock,—,EXCLUDE,Local/test/runtime/history/audit or non-production file outside the exact source allowlist.,LOCAL_ONLY,e69de29bb2d1d6434b8b29ae775ad8c2e48c5391,,0
intelligence/validation/deployment_prerequisites/runner-a/work/.intelligence.db.events.lock,—,EXCLUDE,Local/test/runtime/history/audit or non-production file outside the exact source allowlist.,LOCAL_ONLY,e69de29bb2d1d6434b8b29ae775ad8c2e48c5391,,0
intelligence/validation/deployment_prerequisites/runner-a/work/.intelligence.db.intelligence.lock,—,EXCLUDE,Local/test/runtime/history/audit or non-production file outside the exact source allowlist.,LOCAL_ONLY,e69de29bb2d1d6434b8b29ae775ad8c2e48c5391,,0
intelligence/validation/deployment_prerequisites/runner-a/work/.intelligence.db.metrics.lock,—,EXCLUDE,Local/test/runtime/history/audit or non-production file outside the exact source allowlist.,LOCAL_ONLY,e69de29bb2d1d6434b8b29ae775ad8c2e48c5391,,0
intelligence/validation/deployment_prerequisites/runner-a/work/.intelligence.db.relevance.lock,—,EXCLUDE,Local/test/runtime/history/audit or non-production file outside the exact source allowlist.,LOCAL_ONLY,e69de29bb2d1d6434b8b29ae775ad8c2e48c5391,,0
intelligence/validation/deployment_prerequisites/runner-a/work/.intelligence.db.uae_relevance.lock,—,EXCLUDE,Local/test/runtime/history/audit or non-production file outside the exact source allowlist.,LOCAL_ONLY,e69de29bb2d1d6434b8b29ae775ad8c2e48c5391,,0
intelligence/validation/deployment_prerequisites/runner-a/work/intelligence.db,—,EXCLUDE,Local/test/runtime/history/audit or non-production file outside the exact source allowlist.,LOCAL_ONLY,791be8d3439a67c0b74037b253e17d516ac88acf,,2424832
intelligence/validation/deployment_prerequisites/runner-a/work/raw_articles/2026-09-08.jsonl,—,EXCLUDE,Local/test/runtime/history/audit or non-production file outside the exact source allowlist.,LOCAL_ONLY,7317009585113f7ef0a9caeef50c389611a69368,,2193223
intelligence/validation/deployment_prerequisites/runner-b/builds/722ff548be52d916c8eff04f724f89672a88ffb6b236fba56dda5eb4895c6fcd/intelligence.db,—,EXCLUDE,Local/test/runtime/history/audit or non-production file outside the exact source allowlist.,LOCAL_ONLY,89359cd92b20515a96e5ba8e90baff0f50c4198e,,2412544
intelligence/validation/deployment_prerequisites/runner-b/builds/722ff548be52d916c8eff04f724f89672a88ffb6b236fba56dda5eb4895c6fcd/manifest.json,—,EXCLUDE,Local/test/runtime/history/audit or non-production file outside the exact source allowlist.,LOCAL_ONLY,a262cf8066f8fdb52dfef07819d6747bc4ab1fa3,,49799
intelligence/validation/deployment_prerequisites/runner-b/current.json,—,EXCLUDE,Local/test/runtime/history/audit or non-production file outside the exact source allowlist.,LOCAL_ONLY,40a5f03c64e924f81cf20715eb5856c8e5c16ed9,,85
intelligence/validation/deployment_prerequisites/runner-c/builds/722ff548be52d916c8eff04f724f89672a88ffb6b236fba56dda5eb4895c6fcd/intelligence.db,—,EXCLUDE,Local/test/runtime/history/audit or non-production file outside the exact source allowlist.,LOCAL_ONLY,89359cd92b20515a96e5ba8e90baff0f50c4198e,,2412544
intelligence/validation/deployment_prerequisites/runner-c/builds/722ff548be52d916c8eff04f724f89672a88ffb6b236fba56dda5eb4895c6fcd/manifest.json,—,EXCLUDE,Local/test/runtime/history/audit or non-production file outside the exact source allowlist.,LOCAL_ONLY,a262cf8066f8fdb52dfef07819d6747bc4ab1fa3,,49799
intelligence/validation/deployment_prerequisites/runner-c/current.json,—,EXCLUDE,Local/test/runtime/history/audit or non-production file outside the exact source allowlist.,LOCAL_ONLY,40a5f03c64e924f81cf20715eb5856c8e5c16ed9,,85
intelligence/validation/deployment_prerequisites/runner-c/history.json,—,EXCLUDE,Local/test/runtime/history/audit or non-production file outside the exact source allowlist.,LOCAL_ONLY,4f8c192ab64bd0182762555bf16038695e41c2c6,,49799
intelligence/validation/deployment_prerequisites/runner-c/receipts.json,—,EXCLUDE,Local/test/runtime/history/audit or non-production file outside the exact source allowlist.,LOCAL_ONLY,d9c375eb9e1b08b067cd8f10b7a9b09b41d3d4b1,,46833
intelligence/validation/deployment_prerequisites/runner-c/work/intelligence.db,—,EXCLUDE,Local/test/runtime/history/audit or non-production file outside the exact source allowlist.,LOCAL_ONLY,cc01fe53681a58e2ae19f85c525b35ae1428c290,,2412544
intelligence/validation/deployment_prerequisites/runner-c/work/raw_articles/2026-09-08.jsonl,—,EXCLUDE,Local/test/runtime/history/audit or non-production file outside the exact source allowlist.,LOCAL_ONLY,7317009585113f7ef0a9caeef50c389611a69368,,2193223
intelligence/validation/deployment_prerequisites/simulated-release/production-publisher-state.tar.gz,—,EXCLUDE,Local/test/runtime/history/audit or non-production file outside the exact source allowlist.,LOCAL_ONLY,79b769478ad92d816598f3df94f2e9039db8b17e,,1700765
intelligence/validation/deployment_prerequisites/simulated-release/production-release.json,—,EXCLUDE,Local/test/runtime/history/audit or non-production file outside the exact source allowlist.,LOCAL_ONLY,c6b98a34a05bf4f401a809b3b9dc8a212c0de5f7,,655
intelligence/validation/deployment_prerequisites/simulated-release/production-serving.tar.gz,—,EXCLUDE,Local/test/runtime/history/audit or non-production file outside the exact source allowlist.,LOCAL_ONLY,da40301ff549a9505e47ef538b505828bfeb1979,,667018
intelligence/validation/deployment_prerequisites/sync_manifest.json,—,EXCLUDE,Local/test/runtime/history/audit or non-production file outside the exact source allowlist.,LOCAL_ONLY,02443c6da7cce4bb14176aaa13823f6ee4a8e42b,,37543
intelligence/validation/deployment_prerequisites/ui/abu_dhabi.json,—,EXCLUDE,Local/test/runtime/history/audit or non-production file outside the exact source allowlist.,LOCAL_ONLY,0cf2f366f95bfdfae902ed1def051230e12683e9,,1225
intelligence/validation/deployment_prerequisites/ui/abu_dhabi.log,—,EXCLUDE,Local/test/runtime/history/audit or non-production file outside the exact source allowlist.,LOCAL_ONLY,b11290fcabeaa83b20d6c386a4da730cf364ffb2,,33432
intelligence/validation/deployment_prerequisites/ui/area.json,—,EXCLUDE,Local/test/runtime/history/audit or non-production file outside the exact source allowlist.,LOCAL_ONLY,26664e1aa32ec48422871a614305d959a36af44a,,764
intelligence/validation/deployment_prerequisites/ui/area.log,—,EXCLUDE,Local/test/runtime/history/audit or non-production file outside the exact source allowlist.,LOCAL_ONLY,74b7a37b9aaa5521879ab9453a95fabf19419bce,,1897
intelligence/validation/deployment_prerequisites/ui/dubai.json,—,EXCLUDE,Local/test/runtime/history/audit or non-production file outside the exact source allowlist.,LOCAL_ONLY,37d49dde36526c8e3b1b5c0dcbbe0e6287141144,,1535
intelligence/validation/deployment_prerequisites/ui/dubai.log,—,EXCLUDE,Local/test/runtime/history/audit or non-production file outside the exact source allowlist.,LOCAL_ONLY,015b357d8386298eac7a3adf489faf221af7942b,,60268
intelligence/validation/deployment_prerequisites/ui/forecast.json,—,EXCLUDE,Local/test/runtime/history/audit or non-production file outside the exact source allowlist.,LOCAL_ONLY,ef11a40c3a53b77b8a9cbbd9a9f9d86d63f37fbb,,690
intelligence/validation/deployment_prerequisites/ui/forecast.log,—,EXCLUDE,Local/test/runtime/history/audit or non-production file outside the exact source allowlist.,LOCAL_ONLY,5ec5d558fa99caf78ce55f1d914660741d080b97,,681
intelligence/validation/deployment_prerequisites/ui/rak.json,—,EXCLUDE,Local/test/runtime/history/audit or non-production file outside the exact source allowlist.,LOCAL_ONLY,7b53cf4c59d6daad06a0401d2cad4310b9e78a8a,,1549
intelligence/validation/deployment_prerequisites/ui/rak.log,—,EXCLUDE,Local/test/runtime/history/audit or non-production file outside the exact source allowlist.,LOCAL_ONLY,2ce43c44417d09c266bedaaed6d5c067b27838e5,,38305
intelligence/validation/deployment_prerequisites/ui/sharjah.json,—,EXCLUDE,Local/test/runtime/history/audit or non-production file outside the exact source allowlist.,LOCAL_ONLY,06967f0b92886c6ba3d473fcc2b1db552ab311c3,,1107
intelligence/validation/deployment_prerequisites/ui/sharjah.log,—,EXCLUDE,Local/test/runtime/history/audit or non-production file outside the exact source allowlist.,LOCAL_ONLY,dbe3ea0eb709f6565cf6b558bd6c5a06f783a970,,12689
intelligence/validation/deployment_prerequisites/website_fixes.json,—,EXCLUDE,Local/test/runtime/history/audit or non-production file outside the exact source allowlist.,LOCAL_ONLY,82dd555da770c2a748d55be61d4397241e03d59a,,317
intelligence/validation/stage16/application_imports.json,—,EXCLUDE,Local/test/runtime/history/audit or non-production file outside the exact source allowlist.,LOCAL_ONLY,0634cc5be16f75838b8aa0b787ebcc9cef1fb9ea,,1771
intelligence/validation/stage16/baseline.json,—,EXCLUDE,Local/test/runtime/history/audit or non-production file outside the exact source allowlist.,LOCAL_ONLY,44b3d860d613e4c1bf309ee62c706f009fbb9e2c,,2493427
intelligence/validation/stage16/before_sha256.json,—,EXCLUDE,Local/test/runtime/history/audit or non-production file outside the exact source allowlist.,LOCAL_ONLY,59908eb4ce25802137f2e495f0bf758e57c2b230,,68234
intelligence/validation/stage16/closure.json,—,EXCLUDE,Local/test/runtime/history/audit or non-production file outside the exact source allowlist.,LOCAL_ONLY,5f59eacaed21c8f56e4865cc0f2779652214b882,,1019
intelligence/validation/stage16/integrity.json,—,EXCLUDE,Local/test/runtime/history/audit or non-production file outside the exact source allowlist.,LOCAL_ONLY,adae9e82895143e2044b643a757f18447c6dc1cb,,79
intelligence/validation/stage16/legacy_checkpoint_audit.json,—,EXCLUDE,Local/test/runtime/history/audit or non-production file outside the exact source allowlist.,LOCAL_ONLY,2f6e654be91d5fe90be6d265d32e2b84ffb1a0e8,,669
intelligence/validation/stage16/live_smoke.json,—,EXCLUDE,Local/test/runtime/history/audit or non-production file outside the exact source allowlist.,LOCAL_ONLY,e2bfd81b7717ed234a2e77c6cddd7c8a166d1f8e,,29413
intelligence/validation/stage16/offline.json,—,EXCLUDE,Local/test/runtime/history/audit or non-production file outside the exact source allowlist.,LOCAL_ONLY,399c05ac344b715ebae93401fbc612d0c743342f,,1022811
intelligence/validation/stage16/pipeline.json,—,EXCLUDE,Local/test/runtime/history/audit or non-production file outside the exact source allowlist.,LOCAL_ONLY,cf440da06788433207ae73826fc9e4377bcee891,,2657067
intelligence/validation/stage16/raw_script_import_attempt.json,—,EXCLUDE,Local/test/runtime/history/audit or non-production file outside the exact source allowlist.,LOCAL_ONLY,4298792dad043404a6c9037d8c844e298fb0a8be,,1908
intelligence/validation/stage16/regression.json,—,EXCLUDE,Local/test/runtime/history/audit or non-production file outside the exact source allowlist.,LOCAL_ONLY,f7cf459d5773c0aff4755bd2f9f75fb89814d76b,,13314
intelligence/validation/stage16/regression_summary.json,—,EXCLUDE,Local/test/runtime/history/audit or non-production file outside the exact source allowlist.,LOCAL_ONLY,24b33808d5f299db548c072c9835704cdc278591,,342
intelligence/validation/stage17/application_imports.json,—,EXCLUDE,Local/test/runtime/history/audit or non-production file outside the exact source allowlist.,LOCAL_ONLY,0634cc5be16f75838b8aa0b787ebcc9cef1fb9ea,,1771
intelligence/validation/stage17/before_sha256.json,—,EXCLUDE,Local/test/runtime/history/audit or non-production file outside the exact source allowlist.,LOCAL_ONLY,6df115b09d0326e9febbe342df50ff3342ad3e99,,71193
intelligence/validation/stage17/bugs.json,—,EXCLUDE,Local/test/runtime/history/audit or non-production file outside the exact source allowlist.,LOCAL_ONLY,4fae033c58836ba5123b3a8885a6821671b6243d,,610
intelligence/validation/stage17/closure.json,—,EXCLUDE,Local/test/runtime/history/audit or non-production file outside the exact source allowlist.,LOCAL_ONLY,590e36c15856f1382efe42057f3fff2820b05d9d,,1191
intelligence/validation/stage17/initial_scenarios.json,—,EXCLUDE,Local/test/runtime/history/audit or non-production file outside the exact source allowlist.,LOCAL_ONLY,f2c4310d77e26960a30221b79c88a7368a565247,,2243
intelligence/validation/stage17/integrity.json,—,EXCLUDE,Local/test/runtime/history/audit or non-production file outside the exact source allowlist.,LOCAL_ONLY,84831cb49d6003bbbebe20c14c1db633d4dfa188,,487
intelligence/validation/stage17/live_smoke.json,—,EXCLUDE,Local/test/runtime/history/audit or non-production file outside the exact source allowlist.,LOCAL_ONLY,2d373c308e3cd277174954800ebe69a6ff203055,,56775
intelligence/validation/stage17/regression.json,—,EXCLUDE,Local/test/runtime/history/audit or non-production file outside the exact source allowlist.,LOCAL_ONLY,3586cc8cd29a4edc1e14a88e7ded14ac1477ded8,,5141
intelligence/validation/stage17/regression_summary.json,—,EXCLUDE,Local/test/runtime/history/audit or non-production file outside the exact source allowlist.,LOCAL_ONLY,ab48880a5d3ddb3d535c804c49f0f7a1e88cb1a5,,92
intelligence/validation/stage17/stage16_recheck/live_smoke.json,—,EXCLUDE,Local/test/runtime/history/audit or non-production file outside the exact source allowlist.,LOCAL_ONLY,e2bfd81b7717ed234a2e77c6cddd7c8a166d1f8e,,29413
intelligence/validation/stage17/stage16_recheck/offline.json,—,EXCLUDE,Local/test/runtime/history/audit or non-production file outside the exact source allowlist.,LOCAL_ONLY,6d082585c703ca14634dc91877615f233c1c4a7a,,1022810
intelligence/validation/stage17/stage16_recheck/pipeline.json,—,EXCLUDE,Local/test/runtime/history/audit or non-production file outside the exact source allowlist.,LOCAL_ONLY,7d3b57de0c541b6c303b9c1714d636346bf1191c,,2657067
intelligence/validation/stage17/system.json,—,EXCLUDE,Local/test/runtime/history/audit or non-production file outside the exact source allowlist.,LOCAL_ONLY,51e3a68cd4f046c5f114cae4e51956874cda3521,,318569
intelligence/validation/stage17/system_before_fixes.json,—,EXCLUDE,Local/test/runtime/history/audit or non-production file outside the exact source allowlist.,LOCAL_ONLY,6c958afaf921c48c4ea78edac6db847f90f8c1a1,,316761
intelligence/validation/stage17/workspace_diff.json,—,EXCLUDE,Local/test/runtime/history/audit or non-production file outside the exact source allowlist.,LOCAL_ONLY,a7fbc809e31ae812847ccb832b141084794c8a59,,1181
intelligence/validation/stage18/after.json,—,EXCLUDE,Local/test/runtime/history/audit or non-production file outside the exact source allowlist.,LOCAL_ONLY,e1a2ea75fb74cfca55278e7c2ff8400fe68052fb,,156285
intelligence/validation/stage18/baseline/DEPLOY.before.md,—,EXCLUDE,Local/test/runtime/history/audit or non-production file outside the exact source allowlist.,LOCAL_ONLY,d0b9f71617b76c5f8e893a0dfcef326c21bc4e30,,4598
intelligence/validation/stage18/baseline/application_imports.json,—,EXCLUDE,Local/test/runtime/history/audit or non-production file outside the exact source allowlist.,LOCAL_ONLY,0634cc5be16f75838b8aa0b787ebcc9cef1fb9ea,,1771
intelligence/validation/stage18/baseline/harness_note.json,—,EXCLUDE,Local/test/runtime/history/audit or non-production file outside the exact source allowlist.,LOCAL_ONLY,555c60c6da322cab4466d20ed2b0e1a1aee4ca86,,226
intelligence/validation/stage18/baseline/regression.json,—,EXCLUDE,Local/test/runtime/history/audit or non-production file outside the exact source allowlist.,LOCAL_ONLY,e20d9000e328b763d2683d3c772c1dc3755e5978,,5139
intelligence/validation/stage18/baseline/regression_summary.json,—,EXCLUDE,Local/test/runtime/history/audit or non-production file outside the exact source allowlist.,LOCAL_ONLY,ab48880a5d3ddb3d535c804c49f0f7a1e88cb1a5,,92
intelligence/validation/stage18/baseline/stage16_recheck/live_smoke.json,—,EXCLUDE,Local/test/runtime/history/audit or non-production file outside the exact source allowlist.,LOCAL_ONLY,e2bfd81b7717ed234a2e77c6cddd7c8a166d1f8e,,29413
intelligence/validation/stage18/baseline/stage16_recheck/offline.json,—,EXCLUDE,Local/test/runtime/history/audit or non-production file outside the exact source allowlist.,LOCAL_ONLY,b61634ed55e7f64806a3d03992d5bde9db193f3c,,1022813
intelligence/validation/stage18/baseline/stage16_recheck/pipeline.json,—,EXCLUDE,Local/test/runtime/history/audit or non-production file outside the exact source allowlist.,LOCAL_ONLY,a0847dcced3ea66a097515900f5bf64793ca8c93,,2657066
intelligence/validation/stage18/baseline/system.json,—,EXCLUDE,Local/test/runtime/history/audit or non-production file outside the exact source allowlist.,LOCAL_ONLY,7673614dd67b17046ccf41ea6aa6ad99d08a8600,,318569
intelligence/validation/stage18/before.json,—,EXCLUDE,Local/test/runtime/history/audit or non-production file outside the exact source allowlist.,LOCAL_ONLY,f0991dede6bfee6a40c5d93f15bd4c7ea92cca15,,128007
intelligence/validation/stage18/data_classification.json,—,EXCLUDE,Local/test/runtime/history/audit or non-production file outside the exact source allowlist.,LOCAL_ONLY,4fc81b2795ec63e18ca5f5f894c982261669791c,,42085
intelligence/validation/stage18/deployment_audit.json,—,EXCLUDE,Local/test/runtime/history/audit or non-production file outside the exact source allowlist.,LOCAL_ONLY,e69a9f09ebbc35892bbc6024896129fb120ea12b,,232
intelligence/validation/stage18/final/application_imports.json,—,EXCLUDE,Local/test/runtime/history/audit or non-production file outside the exact source allowlist.,LOCAL_ONLY,38b79ac6ead72885b6f436df7aab2c401652b568,,1860
intelligence/validation/stage18/final/regression.json,—,EXCLUDE,Local/test/runtime/history/audit or non-production file outside the exact source allowlist.,LOCAL_ONLY,fb9ea0f1a067a89d114628cfbb782a8bb690d40a,,5141
intelligence/validation/stage18/final/regression_summary.json,—,EXCLUDE,Local/test/runtime/history/audit or non-production file outside the exact source allowlist.,LOCAL_ONLY,ab48880a5d3ddb3d535c804c49f0f7a1e88cb1a5,,92
intelligence/validation/stage18/final/stage16_recheck/live_smoke.json,—,EXCLUDE,Local/test/runtime/history/audit or non-production file outside the exact source allowlist.,LOCAL_ONLY,e2bfd81b7717ed234a2e77c6cddd7c8a166d1f8e,,29413
intelligence/validation/stage18/final/stage16_recheck/offline.json,—,EXCLUDE,Local/test/runtime/history/audit or non-production file outside the exact source allowlist.,LOCAL_ONLY,023a87fcc0281d45bea39b41c0c7793b6e55f0d7,,1022815
intelligence/validation/stage18/final/stage16_recheck/pipeline.json,—,EXCLUDE,Local/test/runtime/history/audit or non-production file outside the exact source allowlist.,LOCAL_ONLY,b94bf471a713749b4f9becb27ccb7df790309429,,2657067
intelligence/validation/stage18/final/system.json,—,EXCLUDE,Local/test/runtime/history/audit or non-production file outside the exact source allowlist.,LOCAL_ONLY,da6557fff40277c6885f0258c4575d94c2858c00,,318568
intelligence/validation/stage18/final_integrity.json,—,EXCLUDE,Local/test/runtime/history/audit or non-production file outside the exact source allowlist.,LOCAL_ONLY,e4402009836bc5ee67cf0466fdffe4b225c6d657,,789
intelligence/validation/stage18/integration_tests.json,—,EXCLUDE,Local/test/runtime/history/audit or non-production file outside the exact source allowlist.,LOCAL_ONLY,61c54902013e0f4fcec144a79e164c3d5482ec38,,161
intelligence/validation/stage18/live_smoke.json,—,EXCLUDE,Local/test/runtime/history/audit or non-production file outside the exact source allowlist.,LOCAL_ONLY,e27587c9da6e6636e31f33e6ab8caf1c4b451da1,,21666
intelligence/validation/stage18/logs/abu-dhabi.log,—,EXCLUDE,Local/test/runtime/history/audit or non-production file outside the exact source allowlist.,LOCAL_ONLY,64b2cf5e3400e4b476df6a27b7a457974ffd51d6,,34096
intelligence/validation/stage18/logs/area.log,—,EXCLUDE,Local/test/runtime/history/audit or non-production file outside the exact source allowlist.,LOCAL_ONLY,6d96eb099a734a459105b1dbf0b695fa7f3d25b1,,3253
intelligence/validation/stage18/logs/dubai.log,—,EXCLUDE,Local/test/runtime/history/audit or non-production file outside the exact source allowlist.,LOCAL_ONLY,18375fe1c0260446e2989a8a4bcc17a088cdc1f3,,61622
intelligence/validation/stage18/logs/forecast.log,—,EXCLUDE,Local/test/runtime/history/audit or non-production file outside the exact source allowlist.,LOCAL_ONLY,c0d22400c732fdbe9c07b364745ca4eb71c14606,,1372
intelligence/validation/stage18/logs/live.log,—,EXCLUDE,Local/test/runtime/history/audit or non-production file outside the exact source allowlist.,LOCAL_ONLY,6d09d05f116cf9f8603491190a9cbf0f9587c14c,,378
intelligence/validation/stage18/logs/rak.log,—,EXCLUDE,Local/test/runtime/history/audit or non-production file outside the exact source allowlist.,LOCAL_ONLY,0b762d90578453576f7af11f6d4afb1e5913eaee,,38968
intelligence/validation/stage18/logs/regression.log,—,EXCLUDE,Local/test/runtime/history/audit or non-production file outside the exact source allowlist.,LOCAL_ONLY,ac5983bea7c4e6cfdff45a199e3beedcca308b3d,,4937
intelligence/validation/stage18/logs/server.log,—,EXCLUDE,Local/test/runtime/history/audit or non-production file outside the exact source allowlist.,LOCAL_ONLY,6d986849391498a7bd1416c733e6268a28571f00,,287
intelligence/validation/stage18/logs/sharjah.log,—,EXCLUDE,Local/test/runtime/history/audit or non-production file outside the exact source allowlist.,LOCAL_ONLY,fc7c701ee93df924d1f9fefb46ca099ffc856c0a,,13354
intelligence/validation/stage18/logs/tests.log,—,EXCLUDE,Local/test/runtime/history/audit or non-production file outside the exact source allowlist.,LOCAL_ONLY,7c31fb6ca1331834c95776916c53c329e7f426c7,,1751
intelligence/validation/stage18/production_lineage.json,—,EXCLUDE,Local/test/runtime/history/audit or non-production file outside the exact source allowlist.,LOCAL_ONLY,7a9a75f1bc125f6b93248c12fd9d7a503149488e,,78364
intelligence/validation/stage18/production_queries.json,—,EXCLUDE,Local/test/runtime/history/audit or non-production file outside the exact source allowlist.,LOCAL_ONLY,463183c683c494f84d0712815e5fe9ca3b17b4dd,,42351
intelligence/validation/stage18/production_table_counts.json,—,EXCLUDE,Local/test/runtime/history/audit or non-production file outside the exact source allowlist.,LOCAL_ONLY,af5dcffb10acf362f18769f9d1c61162bcda412c,,1369
intelligence/validation/stage18/registry_audit.json,—,EXCLUDE,Local/test/runtime/history/audit or non-production file outside the exact source allowlist.,LOCAL_ONLY,7e0438025d1d4f570f047a373057b4a38f98a771,,22264
intelligence/validation/stage18/server_smoke.json,—,EXCLUDE,Local/test/runtime/history/audit or non-production file outside the exact source allowlist.,LOCAL_ONLY,f652821fdd8a5953dec8f63226a47734b7afc9ee,,329
intelligence/validation/stage18/ui_smoke/abu_dhabi.json,—,EXCLUDE,Local/test/runtime/history/audit or non-production file outside the exact source allowlist.,LOCAL_ONLY,c84102a2328b09238da4a0e936255dad5ac2fa3c,,965
intelligence/validation/stage18/ui_smoke/area.json,—,EXCLUDE,Local/test/runtime/history/audit or non-production file outside the exact source allowlist.,LOCAL_ONLY,d8e6885da24390c1e53657dd6326519a85033016,,505
intelligence/validation/stage18/ui_smoke/dubai.json,—,EXCLUDE,Local/test/runtime/history/audit or non-production file outside the exact source allowlist.,LOCAL_ONLY,84636d4fc7912fc8d67b8a056378d6c2da29c746,,1274
intelligence/validation/stage18/ui_smoke/forecast.json,—,EXCLUDE,Local/test/runtime/history/audit or non-production file outside the exact source allowlist.,LOCAL_ONLY,27dac9f76c0ceafea944c3f25b6be177f39f872a,,430
intelligence/validation/stage18/ui_smoke/rak.json,—,EXCLUDE,Local/test/runtime/history/audit or non-production file outside the exact source allowlist.,LOCAL_ONLY,291584acc4c7caed5200515e17fe3671b3906979,,1288
intelligence/validation/stage18/ui_smoke/sharjah.json,—,EXCLUDE,Local/test/runtime/history/audit or non-production file outside the exact source allowlist.,LOCAL_ONLY,fdede0d8bf01e4aaa67e504d82b655c47c16a189,,848
intelligence/validation/stage18/workspace_acceptance.json,—,EXCLUDE,Local/test/runtime/history/audit or non-production file outside the exact source allowlist.,LOCAL_ONLY,96f3f21666bfdd15c9fd164d653c0e50cb5fc394,,1211
intelligence/validation/stage18/workspace_diff.json,—,EXCLUDE,Local/test/runtime/history/audit or non-production file outside the exact source allowlist.,LOCAL_ONLY,429f5efb696afacfc85fa6979f1f2c14afcf53f8,,6542
notebooks/README.md,notebooks/README.md,EXCLUDE,Retain current GitHub main file unchanged; do not upload a local replacement.,RETAIN_MAIN,bc107a45d27bca98c7287198446665e44bf047a8,bc107a45d27bca98c7287198446665e44bf047a8,5166
notebooks/Unified_Dashboard_Graph_Analysis.ipynb,notebooks/Unified_Dashboard_Graph_Analysis.ipynb,EXCLUDE,Retain current GitHub main file unchanged; do not upload a local replacement.,RETAIN_MAIN,a033bfce90cef8b31d37098cd76377f117823b43,a033bfce90cef8b31d37098cd76377f117823b43,73489
notebooks/requirements.txt,notebooks/requirements.txt,EXCLUDE,Retain current GitHub main file unchanged; do not upload a local replacement.,RETAIN_MAIN,4f2895973fd42406f43c628379769143323426dd,4f2895973fd42406f43c628379769143323426dd,1571
platform_core/__init__.py,platform_core/__init__.py,EXCLUDE,Retain current GitHub main file unchanged; do not upload a local replacement.,RETAIN_MAIN,4aa85fb62ed27a3fa6da74964f93f5979237ba40,4aa85fb62ed27a3fa6da74964f93f5979237ba40,407
platform_core/abu_dhabi_report.py,platform_core/abu_dhabi_report.py,EXCLUDE,Retain current GitHub main file unchanged; do not upload a local replacement.,RETAIN_MAIN,5d0edcc8fd8e77558db772452ca1f1fc8a9b5b64,5d0edcc8fd8e77558db772452ca1f1fc8a9b5b64,18384
platform_core/ai_facts.py,platform_core/ai_facts.py,ADD,"Shared Stage 18 trusted-fact adapter, safe serving boundary or native AI UI.",SOURCE,2d06841257e04a9e9b169ad8ab935268b46468a7,,4743
platform_core/ai_service.py,platform_core/ai_service.py,ADD,"Shared Stage 18 trusted-fact adapter, safe serving boundary or native AI UI.",SOURCE,174680a59d23c7d441c5e421d0d332ed00ef5d34,,4344
platform_core/ai_ui.py,platform_core/ai_ui.py,ADD,"Retain Stage 18 UI, require portable production read gate, show exact unavailable text and actual completion timestamp.",SOURCE,69c6cff29595dbec3aeaaa7519fe04d603dfbe03,,5233
platform_core/assets/truestates_logo.png,platform_core/assets/truestates_logo.png,EXCLUDE,Retain current GitHub main file unchanged; do not upload a local replacement.,RETAIN_MAIN,1ad4997e6938d574c082102564d4db9f4e8f8724,1ad4997e6938d574c082102564d4db9f4e8f8724,7821
platform_core/chart_theme.py,platform_core/chart_theme.py,EXCLUDE,Retain current GitHub main file unchanged; do not upload a local replacement.,RETAIN_MAIN,031d02aa885fa160f5863bc94603f29dc86e34d7,031d02aa885fa160f5863bc94603f29dc86e34d7,4128
platform_core/combined_report.py,platform_core/combined_report.py,EXCLUDE,Retain current GitHub main file unchanged; do not upload a local replacement.,RETAIN_MAIN,cf5e16ab9dc584f76f95e80114964b77e59437d7,cf5e16ab9dc584f76f95e80114964b77e59437d7,6751
platform_core/components.py,platform_core/components.py,EXCLUDE,Retain current GitHub main file unchanged; do not upload a local replacement.,RETAIN_MAIN,efcb147825e758e4e7899385946370b660e9fef4,efcb147825e758e4e7899385946370b660e9fef4,14904
platform_core/config.py,platform_core/config.py,EXCLUDE,Retain current GitHub main file unchanged; do not upload a local replacement.,RETAIN_MAIN,e8be996957e97f9b19d54fa09648694fb0838c91,e8be996957e97f9b19d54fa09648694fb0838c91,16745
platform_core/design_system.py,platform_core/design_system.py,EXCLUDE,Retain current GitHub main file unchanged; do not upload a local replacement.,RETAIN_MAIN,e53be0fc87e9c1b3ac2d1b74c029fe28ff569a79,e53be0fc87e9c1b3ac2d1b74c029fe28ff569a79,47496
platform_core/dubai_report.py,platform_core/dubai_report.py,EXCLUDE,Retain current GitHub main file unchanged; do not upload a local replacement.,RETAIN_MAIN,8e20e483e7c8537fff965da7d49f3934c5b6738c,8e20e483e7c8537fff965da7d49f3934c5b6738c,29096
platform_core/forecast_report.py,platform_core/forecast_report.py,EXCLUDE,Retain current GitHub main file unchanged; do not upload a local replacement.,RETAIN_MAIN,679f63782b771e1bec2495c80a28181161bc54ab,679f63782b771e1bec2495c80a28181161bc54ab,16572
platform_core/memory.py,platform_core/memory.py,EXCLUDE,Retain current GitHub main file unchanged; do not upload a local replacement.,RETAIN_MAIN,e9fed700c2b3de2d70a1959681f6a931c0522f6f,e9fed700c2b3de2d70a1959681f6a931c0522f6f,6106
platform_core/navigation.py,platform_core/navigation.py,EXCLUDE,Retain current GitHub main file unchanged; do not upload a local replacement.,RETAIN_MAIN,ae752d4cc6be04d65fb39196d14a06d6f3b4e297,ae752d4cc6be04d65fb39196d14a06d6f3b4e297,9783
platform_core/pdf_report.py,platform_core/pdf_report.py,EXCLUDE,Retain current GitHub main file unchanged; do not upload a local replacement.,RETAIN_MAIN,3381448f17b4310440e68cb90bea68ed9e988e8c,3381448f17b4310440e68cb90bea68ed9e988e8c,20284
platform_core/rak_report.py,platform_core/rak_report.py,EXCLUDE,Retain current GitHub main file unchanged; do not upload a local replacement.,RETAIN_MAIN,8808807c76ef0a0e564a63d802963cd063fe0cd6,8808807c76ef0a0e564a63d802963cd063fe0cd6,23586
platform_core/region_bridge.py,platform_core/region_bridge.py,EXCLUDE,Retain current GitHub main file unchanged; do not upload a local replacement.,RETAIN_MAIN,57c76a60bbb8fde164adf5685f1cfd5d703eb6ab,57c76a60bbb8fde164adf5685f1cfd5d703eb6ab,6358
platform_core/runtime.py,platform_core/runtime.py,MODIFY,Apply only the Stage 18 integration delta; keep GitHub branding and other existing behavior.,SOURCE,52434c527041a175509f712b45c96880f4aa96e9,eb3c2095293deee8d3e6345f3007c5f1f28fa6a8,5351
platform_core/sharjah_report.py,platform_core/sharjah_report.py,EXCLUDE,Retain current GitHub main file unchanged; do not upload a local replacement.,RETAIN_MAIN,8a09fb38a3f50c9438b74b15a73c7b61ce55d351,8a09fb38a3f50c9438b74b15a73c7b61ce55d351,15774
platform_pages/__init__.py,platform_pages/__init__.py,EXCLUDE,Retain current GitHub main file unchanged; do not upload a local replacement.,RETAIN_MAIN,307c5ac55895307b629ce964e4e4b7d4a98fbbf5,307c5ac55895307b629ce964e4e4b7d4a98fbbf5,65
platform_pages/about.py,platform_pages/about.py,EXCLUDE,Retain current GitHub main file unchanged; do not upload a local replacement.,RETAIN_MAIN,750e5d3f7bdcd4fb1b1cf667c44490fd81addfab,750e5d3f7bdcd4fb1b1cf667c44490fd81addfab,5475
platform_pages/area.py,platform_pages/area.py,MODIFY,Apply only the Stage 18 integration delta; keep GitHub branding and other existing behavior.,SOURCE,286fae92ad373efd162e9add20b5aed4d6639bfb,e5beae4f73f08a0ac3d8788b792d5c2a0012f61a,6006
platform_pages/explore.py,platform_pages/explore.py,EXCLUDE,Retain current GitHub main file unchanged; do not upload a local replacement.,RETAIN_MAIN,20515d1ca1a095f3ad2486f14604d21b07ec2915,20515d1ca1a095f3ad2486f14604d21b07ec2915,5882
platform_pages/forecast.py,platform_pages/forecast.py,MODIFY,Apply only the Stage 18 integration delta; keep GitHub branding and other existing behavior.,SOURCE,e3aced096f4dfab843d5348f4cb9f8a597d624c7,6cbf51c85557bec65777bade0994167929dcd186,3037
platform_pages/overview.py,platform_pages/overview.py,EXCLUDE,Retain current GitHub main file unchanged; do not upload a local replacement.,RETAIN_MAIN,b725768ec4bc72ed71bb805e471e9e010eedcadb,b725768ec4bc72ed71bb805e471e9e010eedcadb,6334
platform_pages/region_abu_dhabi.py,platform_pages/region_abu_dhabi.py,MODIFY,Apply only the Stage 18 integration delta; keep GitHub branding and other existing behavior.,SOURCE,d3b7324213a1abe4c1251ac9523f6a191ec974c8,36f6114bd72e85158db93eb52e8c8b9ef6572d08,5048
platform_pages/region_dubai.py,platform_pages/region_dubai.py,EXCLUDE,Retain current GitHub main file unchanged; do not upload a local replacement.,RETAIN_MAIN,897e74352a3c3b77d11ac1b100dd052ca170e42c,897e74352a3c3b77d11ac1b100dd052ca170e42c,2446
platform_pages/region_experimental.py,platform_pages/region_experimental.py,EXCLUDE,Retain current GitHub main file unchanged; do not upload a local replacement.,RETAIN_MAIN,05569994c41a6d1b6babf47c8a83a2a3abed3487,05569994c41a6d1b6babf47c8a83a2a3abed3487,14189
platform_pages/region_rak.py,platform_pages/region_rak.py,MODIFY,Apply only the Stage 18 integration delta; keep GitHub branding and other existing behavior.,SOURCE,5ac848315860567597956cf6bf049b085b58b3f1,41f358e34c024ed5f4d037d51b037a5316aec539,1933
platform_pages/region_sharjah.py,platform_pages/region_sharjah.py,MODIFY,Apply only the Stage 18 integration delta; keep GitHub branding and other existing behavior.,SOURCE,2700e3340346d36ad77dfc472511f20f88903a92,b0b27555312d7ce3aa783fc8cbc0e07395cf5a87,2340
platform_pages/report.py,platform_pages/report.py,EXCLUDE,Retain current GitHub main file unchanged; do not upload a local replacement.,RETAIN_MAIN,8bee55e762eb6f4fee25b165b70790b68244d37c,8bee55e762eb6f4fee25b165b70790b68244d37c,18096
regions/.DS_Store,—,EXCLUDE,Local/test/runtime/history/audit or non-production file outside the exact source allowlist.,LOCAL_ONLY,59749c0c8b583c312b9b498869cedd4bf4cd820c,,6148
regions/README.txt,regions/README.txt,EXCLUDE,Retain current GitHub main file unchanged; do not upload a local replacement.,RETAIN_MAIN,580ac8ab1bf9f18d95fcfa9c2dd567ff1663878b,580ac8ab1bf9f18d95fcfa9c2dd567ff1663878b,57
regions/abu_dhabi/.DS_Store,—,EXCLUDE,Local/test/runtime/history/audit or non-production file outside the exact source allowlist.,LOCAL_ONLY,14c7a0ede45bc2183c34a667a0ecd53966409527,,6148
regions/abu_dhabi/Abu_Dhabi_Real_Estate_Market_Analysis (4).ipynb,regions/abu_dhabi/Abu_Dhabi_Real_Estate_Market_Analysis (4).ipynb,EXCLUDE,Retain current GitHub main file unchanged; do not upload a local replacement.,RETAIN_MAIN,9f8026e3cee60fcd875a85aa0fa2993cf3e46b99,9f8026e3cee60fcd875a85aa0fa2993cf3e46b99,2286345
regions/abu_dhabi/Abu_Dhabi_Sales_Cleaned (1).csv,regions/abu_dhabi/Abu_Dhabi_Sales_Cleaned (1).csv,EXCLUDE,Retain current GitHub main file unchanged; do not upload a local replacement.,RETAIN_MAIN,1b99a4c662a184c182b022dfa6b4acd52b799381,1b99a4c662a184c182b022dfa6b4acd52b799381,17489850
regions/abu_dhabi/README.md,regions/abu_dhabi/README.md,EXCLUDE,Retain current GitHub main file unchanged; do not upload a local replacement.,RETAIN_MAIN,e996282e3b67006ad0d8a1cb8dced4685e90470b,e996282e3b67006ad0d8a1cb8dced4685e90470b,3100
regions/abu_dhabi/app.py,regions/abu_dhabi/app.py,EXCLUDE,Retain current GitHub main file unchanged; do not upload a local replacement.,RETAIN_MAIN,df781bfb672808f5c711e0e46796ff1bcd991fd0,df781bfb672808f5c711e0e46796ff1bcd991fd0,60564
regions/abu_dhabi/charts/__init__.py,regions/abu_dhabi/charts/__init__.py,EXCLUDE,Retain current GitHub main file unchanged; do not upload a local replacement.,RETAIN_MAIN,d5f6ee43c494f856bb7dcd51bea2cc6836ba71bc,d5f6ee43c494f856bb7dcd51bea2cc6836ba71bc,19
regions/abu_dhabi/charts/plotly_charts.py,regions/abu_dhabi/charts/plotly_charts.py,EXCLUDE,Retain current GitHub main file unchanged; do not upload a local replacement.,RETAIN_MAIN,6a4f4de1d9c7c4dd4f97041bf949a639b450710d,6a4f4de1d9c7c4dd4f97041bf949a639b450710d,52197
regions/abu_dhabi/components/__init__.py,regions/abu_dhabi/components/__init__.py,EXCLUDE,Retain current GitHub main file unchanged; do not upload a local replacement.,RETAIN_MAIN,d5f6ee43c494f856bb7dcd51bea2cc6836ba71bc,d5f6ee43c494f856bb7dcd51bea2cc6836ba71bc,19
regions/abu_dhabi/components/ui_components.py,regions/abu_dhabi/components/ui_components.py,EXCLUDE,Retain current GitHub main file unchanged; do not upload a local replacement.,RETAIN_MAIN,e01eeb712465180a0f5341b00b49219f0273fc22,e01eeb712465180a0f5341b00b49219f0273fc22,8781
regions/abu_dhabi/config/__init__.py,regions/abu_dhabi/config/__init__.py,EXCLUDE,Retain current GitHub main file unchanged; do not upload a local replacement.,RETAIN_MAIN,d5f6ee43c494f856bb7dcd51bea2cc6836ba71bc,d5f6ee43c494f856bb7dcd51bea2cc6836ba71bc,19
regions/abu_dhabi/config/settings.py,regions/abu_dhabi/config/settings.py,EXCLUDE,Retain current GitHub main file unchanged; do not upload a local replacement.,RETAIN_MAIN,d0214bfd03bc6c6b96e1b81916b840c619302a8a,d0214bfd03bc6c6b96e1b81916b840c619302a8a,1686
regions/abu_dhabi/deployment_guide.md,regions/abu_dhabi/deployment_guide.md,EXCLUDE,Retain current GitHub main file unchanged; do not upload a local replacement.,RETAIN_MAIN,858f713f6c3ec8b6f4687e37a2b2629d10fac7bb,858f713f6c3ec8b6f4687e37a2b2629d10fac7bb,2845
regions/abu_dhabi/requirements.txt,regions/abu_dhabi/requirements.txt,EXCLUDE,Retain current GitHub main file unchanged; do not upload a local replacement.,RETAIN_MAIN,3a22ff14e49e1d40231141d0d33d5d5df6556dc5,3a22ff14e49e1d40231141d0d33d5d5df6556dc5,136
regions/abu_dhabi/styles/__init__.py,regions/abu_dhabi/styles/__init__.py,EXCLUDE,Retain current GitHub main file unchanged; do not upload a local replacement.,RETAIN_MAIN,d5f6ee43c494f856bb7dcd51bea2cc6836ba71bc,d5f6ee43c494f856bb7dcd51bea2cc6836ba71bc,19
regions/abu_dhabi/styles/theme.py,regions/abu_dhabi/styles/theme.py,EXCLUDE,Retain current GitHub main file unchanged; do not upload a local replacement.,RETAIN_MAIN,fa63ac0adc25c41d2e7749d4afd20aacff1942ab,fa63ac0adc25c41d2e7749d4afd20aacff1942ab,40093
regions/abu_dhabi/utils/__init__.py,regions/abu_dhabi/utils/__init__.py,EXCLUDE,Retain current GitHub main file unchanged; do not upload a local replacement.,RETAIN_MAIN,d5f6ee43c494f856bb7dcd51bea2cc6836ba71bc,d5f6ee43c494f856bb7dcd51bea2cc6836ba71bc,19
regions/abu_dhabi/utils/data_loader.py,regions/abu_dhabi/utils/data_loader.py,EXCLUDE,Retain current GitHub main file unchanged; do not upload a local replacement.,RETAIN_MAIN,3814e8ceff50da7ee45c673f315339cbf64d72e7,3814e8ceff50da7ee45c673f315339cbf64d72e7,6269
regions/dubai/.DS_Store,—,EXCLUDE,Local/test/runtime/history/audit or non-production file outside the exact source allowlist.,LOCAL_ONLY,e2dffb562f82102463ac75b71fd1376238ec78d9,,6148
regions/dubai/2024_preditions_forcast.csv,regions/dubai/2024_preditions_forcast.csv,EXCLUDE,Retain current GitHub main file unchanged; do not upload a local replacement.,RETAIN_MAIN,0954f72a7803c5c81dff31090b4c44e78c3e4703,0954f72a7803c5c81dff31090b4c44e78c3e4703,11469
regions/dubai/All_model_output.xlsx,regions/dubai/All_model_output.xlsx,EXCLUDE,Retain current GitHub main file unchanged; do not upload a local replacement.,RETAIN_MAIN,bff53914251652f56969156d641f4115d9569e6b,bff53914251652f56969156d641f4115d9569e6b,137438
regions/dubai/Area_name_output.xlsx,regions/dubai/Area_name_output.xlsx,EXCLUDE,Retain current GitHub main file unchanged; do not upload a local replacement.,RETAIN_MAIN,53734b4e650a1bf8f3c0bf8a2845d9748cc91d35,53734b4e650a1bf8f3c0bf8a2845d9748cc91d35,45805
regions/dubai/Associations_correlation.png,regions/dubai/Associations_correlation.png,EXCLUDE,Retain current GitHub main file unchanged; do not upload a local replacement.,RETAIN_MAIN,53bfd07c8a2bb477fff0c8766382331a8f24ff2e,53bfd07c8a2bb477fff0c8766382331a8f24ff2e,674026
regions/dubai/FC_st.py,regions/dubai/FC_st.py,EXCLUDE,Retain current GitHub main file unchanged; do not upload a local replacement.,RETAIN_MAIN,109f2331299a70b184a3ba6a41a3681edbdad5b4,109f2331299a70b184a3ba6a41a3681edbdad5b4,22451
regions/dubai/Model_performance.xlsx,regions/dubai/Model_performance.xlsx,EXCLUDE,Retain current GitHub main file unchanged; do not upload a local replacement.,RETAIN_MAIN,15016522d74d8d76b4647bd99ac227d617ce6cb4,15016522d74d8d76b4647bd99ac227d617ce6cb4,13783
regions/dubai/Over_all_output.xlsx,regions/dubai/Over_all_output.xlsx,EXCLUDE,Retain current GitHub main file unchanged; do not upload a local replacement.,RETAIN_MAIN,7c740edc17f54b1b0beea194a9867fa0581679dd,7c740edc17f54b1b0beea194a9867fa0581679dd,16182
regions/dubai/Raw Data_boxplot.png,regions/dubai/Raw Data_boxplot.png,EXCLUDE,Retain current GitHub main file unchanged; do not upload a local replacement.,RETAIN_MAIN,8b54ecc94332789cc825e01cb679eb319165a1ab,8b54ecc94332789cc825e01cb679eb319165a1ab,43898
regions/dubai/Raw Data_boxplot_area.png,regions/dubai/Raw Data_boxplot_area.png,EXCLUDE,Retain current GitHub main file unchanged; do not upload a local replacement.,RETAIN_MAIN,3d4a733de2c670665b15f21e3abb698baa50817f,3d4a733de2c670665b15f21e3abb698baa50817f,39809
regions/dubai/Required updats/.gitignore,regions/dubai/Required updats/.gitignore,EXCLUDE,Retain current GitHub main file unchanged; do not upload a local replacement.,RETAIN_MAIN,a6c57f5fb2ffba0a6af4278619c2983394d237cc,a6c57f5fb2ffba0a6af4278619c2983394d237cc,7
regions/dubai/Required updats/Test_notebook.ipynb,regions/dubai/Required updats/Test_notebook.ipynb,EXCLUDE,Retain current GitHub main file unchanged; do not upload a local replacement.,RETAIN_MAIN,b64af322ae3b681e592dcf9b4e2e2ec957a6cb90,b64af322ae3b681e592dcf9b4e2e2ec957a6cb90,9341
regions/dubai/Required updats/latest_updated_dubai_pusle_data.parquet,regions/dubai/Required updats/latest_updated_dubai_pusle_data.parquet,EXCLUDE,Retain current GitHub main file unchanged; do not upload a local replacement.,RETAIN_MAIN,f44beb25e48f84a2e5ce51e3cd0512189b0c0f24,f44beb25e48f84a2e5ce51e3cd0512189b0c0f24,32716864
regions/dubai/Required updats/recent_sales.csv,regions/dubai/Required updats/recent_sales.csv,EXCLUDE,Retain current GitHub main file unchanged; do not upload a local replacement.,RETAIN_MAIN,364520bc12edb943b1cebda854639e7f4cb44339,364520bc12edb943b1cebda854639e7f4cb44339,17690216
regions/dubai/V2-column_value_counts_with_avg_price.xlsx,regions/dubai/V2-column_value_counts_with_avg_price.xlsx,EXCLUDE,Retain current GitHub main file unchanged; do not upload a local replacement.,RETAIN_MAIN,3bff0e83ecea04f78b62d76ed107de25d095c895,3bff0e83ecea04f78b62d76ed107de25d095c895,317333
regions/dubai/V2_Model_metrics.xlsx,regions/dubai/V2_Model_metrics.xlsx,EXCLUDE,Retain current GitHub main file unchanged; do not upload a local replacement.,RETAIN_MAIN,949de614839068b889c212a08c723b89e22d75c3,949de614839068b889c212a08c723b89e22d75c3,8816
regions/dubai/V2_Notes.xlsx,regions/dubai/V2_Notes.xlsx,EXCLUDE,Retain current GitHub main file unchanged; do not upload a local replacement.,RETAIN_MAIN,9fe861eed1d7e31e3b89c1b96bcef29b10379b9f,9fe861eed1d7e31e3b89c1b96bcef29b10379b9f,5148
regions/dubai/V2_area_wise outputs.xlsx,regions/dubai/V2_area_wise outputs.xlsx,EXCLUDE,Retain current GitHub main file unchanged; do not upload a local replacement.,RETAIN_MAIN,3cdc717e6110c042e273b9e177e291b8da802db8,3cdc717e6110c042e273b9e177e291b8da802db8,227243
regions/dubai/V2_area_wise_value_counts.xlsx,regions/dubai/V2_area_wise_value_counts.xlsx,EXCLUDE,Retain current GitHub main file unchanged; do not upload a local replacement.,RETAIN_MAIN,8efe4d88e20dd46f39a1ca5e6ca113c1ca905433,8efe4d88e20dd46f39a1ca5e6ca113c1ca905433,2032336
regions/dubai/V2_data_summary.xlsx,regions/dubai/V2_data_summary.xlsx,EXCLUDE,Retain current GitHub main file unchanged; do not upload a local replacement.,RETAIN_MAIN,6095908c517955e96f8585c2696dc235090d0890,6095908c517955e96f8585c2696dc235090d0890,8326
regions/dubai/V2_drop_features.png,regions/dubai/V2_drop_features.png,EXCLUDE,Retain current GitHub main file unchanged; do not upload a local replacement.,RETAIN_MAIN,dea1029637891aef555614776160d297579a0117,dea1029637891aef555614776160d297579a0117,8967
regions/dubai/V2_high_correlated.png,regions/dubai/V2_high_correlated.png,EXCLUDE,Retain current GitHub main file unchanged; do not upload a local replacement.,RETAIN_MAIN,516ab96286ce311ed3fcbdaf2ecb9c5558d93c40,516ab96286ce311ed3fcbdaf2ecb9c5558d93c40,132844
regions/dubai/actual_worth_boxplot.html,regions/dubai/actual_worth_boxplot.html,EXCLUDE,Retain current GitHub main file unchanged; do not upload a local replacement.,RETAIN_MAIN,588628671494a501b4cf48583950a30677117686,588628671494a501b4cf48583950a30677117686,9226049
regions/dubai/all_areas_actual_vs_predicted.csv,regions/dubai/all_areas_actual_vs_predicted.csv,EXCLUDE,Retain current GitHub main file unchanged; do not upload a local replacement.,RETAIN_MAIN,24474357ded9c47995fe950288e8838d4107e1e8,24474357ded9c47995fe950288e8838d4107e1e8,157304
regions/dubai/all_areas_forecast.csv,regions/dubai/all_areas_forecast.csv,EXCLUDE,Retain current GitHub main file unchanged; do not upload a local replacement.,RETAIN_MAIN,1c2ebb9571fdf6a764bda1958a838d6b46178409,1c2ebb9571fdf6a764bda1958a838d6b46178409,10741
regions/dubai/all_areas_metrics.csv,regions/dubai/all_areas_metrics.csv,EXCLUDE,Retain current GitHub main file unchanged; do not upload a local replacement.,RETAIN_MAIN,e9bfbb946312563e1b9f9cf977e8423b86860d3c,e9bfbb946312563e1b9f9cf977e8423b86860d3c,11204
regions/dubai/all_model_output_seperate.xlsx,regions/dubai/all_model_output_seperate.xlsx,EXCLUDE,Retain current GitHub main file unchanged; do not upload a local replacement.,RETAIN_MAIN,6b4c90f4be670100ffe0aeb53efd0cc3d1bff410,6b4c90f4be670100ffe0aeb53efd0cc3d1bff410,9514
regions/dubai/all_model_summaries.csv,regions/dubai/all_model_summaries.csv,EXCLUDE,Retain current GitHub main file unchanged; do not upload a local replacement.,RETAIN_MAIN,e4c2b065987778a203e86a9a8452af1c4a3d9b9e,e4c2b065987778a203e86a9a8452af1c4a3d9b9e,81931
regions/dubai/all_values_area_data.csv,regions/dubai/all_values_area_data.csv,EXCLUDE,Retain current GitHub main file unchanged; do not upload a local replacement.,RETAIN_MAIN,e9e5a1d92a48e1316463941a8602b6030862d021,e9e5a1d92a48e1316463941a8602b6030862d021,59370
regions/dubai/all_values_area_data_test.csv,regions/dubai/all_values_area_data_test.csv,EXCLUDE,Retain current GitHub main file unchanged; do not upload a local replacement.,RETAIN_MAIN,67c6aab25dbbbe8eb2e429ab5039d6e25cfc73c7,67c6aab25dbbbe8eb2e429ab5039d6e25cfc73c7,58912
regions/dubai/area_feature_importances.csv,regions/dubai/area_feature_importances.csv,EXCLUDE,Retain current GitHub main file unchanged; do not upload a local replacement.,RETAIN_MAIN,b188245e20bf8ed42674b6ded43ddbeacdeae637,b188245e20bf8ed42674b6ded43ddbeacdeae637,3209
regions/dubai/area_test_metrics.csv,regions/dubai/area_test_metrics.csv,EXCLUDE,Retain current GitHub main file unchanged; do not upload a local replacement.,RETAIN_MAIN,5098bfb5b363c58ce81a49b34d59c3068b3e25ed,5098bfb5b363c58ce81a49b34d59c3068b3e25ed,1486
regions/dubai/area_train_metrics.csv,regions/dubai/area_train_metrics.csv,EXCLUDE,Retain current GitHub main file unchanged; do not upload a local replacement.,RETAIN_MAIN,9c67a57b9a14c11097ad652e0fc90690cacc420f,9c67a57b9a14c11097ad652e0fc90690cacc420f,1371
regions/dubai/arima_areas_growth_6M.csv,regions/dubai/arima_areas_growth_6M.csv,EXCLUDE,Retain current GitHub main file unchanged; do not upload a local replacement.,RETAIN_MAIN,30bb4eb5395b3dc276cd0737c79493cc209de92f,30bb4eb5395b3dc276cd0737c79493cc209de92f,30424
regions/dubai/arima_fitted_metrics_all_areas.csv,regions/dubai/arima_fitted_metrics_all_areas.csv,EXCLUDE,Retain current GitHub main file unchanged; do not upload a local replacement.,RETAIN_MAIN,3257e520ca38ed881df8cd03d274aa809049f761,3257e520ca38ed881df8cd03d274aa809049f761,1329
regions/dubai/arima_forecast_df_quarterly.csv,regions/dubai/arima_forecast_df_quarterly.csv,EXCLUDE,Retain current GitHub main file unchanged; do not upload a local replacement.,RETAIN_MAIN,291428766d38fb04701fbf7deaf05b933ef8073e,291428766d38fb04701fbf7deaf05b933ef8073e,45056
regions/dubai/arima_forecast_df_quarterly_forecast.csv,regions/dubai/arima_forecast_df_quarterly_forecast.csv,EXCLUDE,Retain current GitHub main file unchanged; do not upload a local replacement.,RETAIN_MAIN,1899a481c54e491b5b4d421c2f8ca88c128f043b,1899a481c54e491b5b4d421c2f8ca88c128f043b,19740
regions/dubai/arima_forecast_quarterly_all_areas.csv,regions/dubai/arima_forecast_quarterly_all_areas.csv,EXCLUDE,Retain current GitHub main file unchanged; do not upload a local replacement.,RETAIN_MAIN,9ecedc82af93890ea7af7164a16ef4c309909d3d,9ecedc82af93890ea7af7164a16ef4c309909d3d,65650
regions/dubai/average_meter_sale_price_comparison_data_model.html,regions/dubai/average_meter_sale_price_comparison_data_model.html,EXCLUDE,Retain current GitHub main file unchanged; do not upload a local replacement.,RETAIN_MAIN,72a11176271882a45464c7009e4db5357f82da2d,72a11176271882a45464c7009e4db5357f82da2d,4569239
regions/dubai/bin_df_Procedure_area_manual_xyz.xlsx,regions/dubai/bin_df_Procedure_area_manual_xyz.xlsx,EXCLUDE,Retain current GitHub main file unchanged; do not upload a local replacement.,RETAIN_MAIN,6416bef60c61c6ae76035ea7f8c76b055f407fe4,6416bef60c61c6ae76035ea7f8c76b055f407fe4,8783
regions/dubai/bin_df_manual.xlsx,regions/dubai/bin_df_manual.xlsx,EXCLUDE,Retain current GitHub main file unchanged; do not upload a local replacement.,RETAIN_MAIN,e99e74b89fe55e9c061778bf98b80b947c26053e,e99e74b89fe55e9c061778bf98b80b947c26053e,8802
regions/dubai/boxplot_meter_sale_price_raw.png,regions/dubai/boxplot_meter_sale_price_raw.png,EXCLUDE,Retain current GitHub main file unchanged; do not upload a local replacement.,RETAIN_MAIN,296fc4a07b4794b2abff96359d23d9c54c907e64,296fc4a07b4794b2abff96359d23d9c54c907e64,39015
regions/dubai/boxplot_procedure_area_raw.png,regions/dubai/boxplot_procedure_area_raw.png,EXCLUDE,Retain current GitHub main file unchanged; do not upload a local replacement.,RETAIN_MAIN,c166eefc972a166f60c3180aff9bc71512fa52da,c166eefc972a166f60c3180aff9bc71512fa52da,35899
regions/dubai/combined_median_trends.csv,regions/dubai/combined_median_trends.csv,EXCLUDE,Retain current GitHub main file unchanged; do not upload a local replacement.,RETAIN_MAIN,9d1b3b3e95dbf0ed01cd6063830b94f3b06be0b3,9d1b3b3e95dbf0ed01cd6063830b94f3b06be0b3,16717
regions/dubai/combined_metrics.csv,regions/dubai/combined_metrics.csv,EXCLUDE,Retain current GitHub main file unchanged; do not upload a local replacement.,RETAIN_MAIN,158f6697337dde3a0de4afad6d520b34cfbae18f,158f6697337dde3a0de4afad6d520b34cfbae18f,7466
regions/dubai/combined_model_forecast.csv,regions/dubai/combined_model_forecast.csv,EXCLUDE,Retain current GitHub main file unchanged; do not upload a local replacement.,RETAIN_MAIN,c7f6be82b0d31cc6ddb4c4212643bee7425bb145,c7f6be82b0d31cc6ddb4c4212643bee7425bb145,117107
regions/dubai/data_summary.xlsx,regions/dubai/data_summary.xlsx,EXCLUDE,Retain current GitHub main file unchanged; do not upload a local replacement.,RETAIN_MAIN,22dbf3c0fbc0af042fe95e760d4b35a5785dd75d,22dbf3c0fbc0af042fe95e760d4b35a5785dd75d,7124
regions/dubai/description_raw.xlsx,regions/dubai/description_raw.xlsx,EXCLUDE,Retain current GitHub main file unchanged; do not upload a local replacement.,RETAIN_MAIN,350250b74e4521fe693070754de07a265e1eddd7,350250b74e4521fe693070754de07a265e1eddd7,69561
regions/dubai/description_units20.xlsx,regions/dubai/description_units20.xlsx,EXCLUDE,Retain current GitHub main file unchanged; do not upload a local replacement.,RETAIN_MAIN,4f64e7f003197af9fbcb5d8173dddf55f74d0aff,4f64e7f003197af9fbcb5d8173dddf55f74d0aff,59423
regions/dubai/df_area_plot_stats.xlsx,regions/dubai/df_area_plot_stats.xlsx,EXCLUDE,Retain current GitHub main file unchanged; do not upload a local replacement.,RETAIN_MAIN,bffe54a60282a29507a0b0ddcb669aa891dc7abc,bffe54a60282a29507a0b0ddcb669aa891dc7abc,17140
regions/dubai/df_plot_p.csv,regions/dubai/df_plot_p.csv,EXCLUDE,Retain current GitHub main file unchanged; do not upload a local replacement.,RETAIN_MAIN,1dc57b12fd927ca426fdfe0f0d6d7db4561b5013,1dc57b12fd927ca426fdfe0f0d6d7db4561b5013,5159
regions/dubai/df_plot_p1.csv,regions/dubai/df_plot_p1.csv,EXCLUDE,Retain current GitHub main file unchanged; do not upload a local replacement.,RETAIN_MAIN,ce3a84c05186416b6d85e361584b7b3893cc4dff,ce3a84c05186416b6d85e361584b7b3893cc4dff,5001
regions/dubai/df_plot_p1_21.csv,regions/dubai/df_plot_p1_21.csv,EXCLUDE,Retain current GitHub main file unchanged; do not upload a local replacement.,RETAIN_MAIN,3deef9d82c9c920c3c6c40b5c63ca9144cfa333c,3deef9d82c9c920c3c6c40b5c63ca9144cfa333c,4773
regions/dubai/df_plot_p1_og.csv,regions/dubai/df_plot_p1_og.csv,EXCLUDE,Retain current GitHub main file unchanged; do not upload a local replacement.,RETAIN_MAIN,45e21e5c55ed7518cb260e9973df7e68e7f7a222,45e21e5c55ed7518cb260e9973df7e68e7f7a222,4824
regions/dubai/df_plot_p2.csv,regions/dubai/df_plot_p2.csv,EXCLUDE,Retain current GitHub main file unchanged; do not upload a local replacement.,RETAIN_MAIN,3bccc77dc101f3980e7f314f57fd6edaa95b24d8,3bccc77dc101f3980e7f314f57fd6edaa95b24d8,5177
regions/dubai/df_plot_p2_21.csv,regions/dubai/df_plot_p2_21.csv,EXCLUDE,Retain current GitHub main file unchanged; do not upload a local replacement.,RETAIN_MAIN,109ecc523831bb4a369b4f3e685c9d17055b9274,109ecc523831bb4a369b4f3e685c9d17055b9274,4063
regions/dubai/df_plot_p2_og.csv,regions/dubai/df_plot_p2_og.csv,EXCLUDE,Retain current GitHub main file unchanged; do not upload a local replacement.,RETAIN_MAIN,8bd9f1b432727097aaaf94b536f75944154c8071,8bd9f1b432727097aaaf94b536f75944154c8071,4091
regions/dubai/df_plot_p_m_21.csv,regions/dubai/df_plot_p_m_21.csv,EXCLUDE,Retain current GitHub main file unchanged; do not upload a local replacement.,RETAIN_MAIN,7104d733bd8907a2fa6cba7581f9af97e17f616f,7104d733bd8907a2fa6cba7581f9af97e17f616f,5153
regions/dubai/df_test_forcast.csv,regions/dubai/df_test_forcast.csv,EXCLUDE,Retain current GitHub main file unchanged; do not upload a local replacement.,RETAIN_MAIN,ecbe852321cb5ac67ae13f31996ed5e79610c686,ecbe852321cb5ac67ae13f31996ed5e79610c686,2307
regions/dubai/df_trained_dataset_6000.csv,regions/dubai/df_trained_dataset_6000.csv,EXCLUDE,Retain current GitHub main file unchanged; do not upload a local replacement.,RETAIN_MAIN,081d630bb049a754674d16193b5deb948e6e19cf,081d630bb049a754674d16193b5deb948e6e19cf,7893659
regions/dubai/dt_model_Al_Barsha_South_Fifth.pkl,regions/dubai/dt_model_Al_Barsha_South_Fifth.pkl,EXCLUDE,Retain current GitHub main file unchanged; do not upload a local replacement.,RETAIN_MAIN,61f5acba7a7ea70be6346fa3de51b6250181dad5,61f5acba7a7ea70be6346fa3de51b6250181dad5,206609
regions/dubai/dt_model_Al_Barsha_South_Fourth.pkl,regions/dubai/dt_model_Al_Barsha_South_Fourth.pkl,EXCLUDE,Retain current GitHub main file unchanged; do not upload a local replacement.,RETAIN_MAIN,5caf5ae6f91d844dd07ccd9f2a59f620692747ff,5caf5ae6f91d844dd07ccd9f2a59f620692747ff,532337
regions/dubai/dt_model_Al_Barshaa_South_Third.pkl,regions/dubai/dt_model_Al_Barshaa_South_Third.pkl,EXCLUDE,Retain current GitHub main file unchanged; do not upload a local replacement.,RETAIN_MAIN,f5522203e3944a2e7eb1ea3f2469b6118d42a287,f5522203e3944a2e7eb1ea3f2469b6118d42a287,342689
regions/dubai/dt_model_Al_Hebiah_Fourth.pkl,regions/dubai/dt_model_Al_Hebiah_Fourth.pkl,EXCLUDE,Retain current GitHub main file unchanged; do not upload a local replacement.,RETAIN_MAIN,776b664fa2be10da15e624c2bfba6e862accabe7,776b664fa2be10da15e624c2bfba6e862accabe7,270977
regions/dubai/dt_model_Al_Khairan_First.pkl,regions/dubai/dt_model_Al_Khairan_First.pkl,EXCLUDE,Retain current GitHub main file unchanged; do not upload a local replacement.,RETAIN_MAIN,11421214646590a80a23e62035f39d53e331ab9d,11421214646590a80a23e62035f39d53e331ab9d,228065
regions/dubai/dt_model_Al_Merkadh.pkl,regions/dubai/dt_model_Al_Merkadh.pkl,EXCLUDE,Retain current GitHub main file unchanged; do not upload a local replacement.,RETAIN_MAIN,dc3b65295f1b9f98d24dac0e2940ac6a430096ea,dc3b65295f1b9f98d24dac0e2940ac6a430096ea,374657
regions/dubai/dt_model_Al_Thanyah_Fifth.pkl,regions/dubai/dt_model_Al_Thanyah_Fifth.pkl,EXCLUDE,Retain current GitHub main file unchanged; do not upload a local replacement.,RETAIN_MAIN,3f87f92abc7bea9995e0a7614952698cc0d690fa,3f87f92abc7bea9995e0a7614952698cc0d690fa,229073
regions/dubai/dt_model_Al_Warsan_First.pkl,regions/dubai/dt_model_Al_Warsan_First.pkl,EXCLUDE,Retain current GitHub main file unchanged; do not upload a local replacement.,RETAIN_MAIN,b62456fc774c3cce52d78915ae51646afc6965e1,b62456fc774c3cce52d78915ae51646afc6965e1,101489
regions/dubai/dt_model_Al_Yelayiss_2.pkl,regions/dubai/dt_model_Al_Yelayiss_2.pkl,EXCLUDE,Retain current GitHub main file unchanged; do not upload a local replacement.,RETAIN_MAIN,588c3a62608ceb5195f843efdde8637b55674a64,588c3a62608ceb5195f843efdde8637b55674a64,242897
regions/dubai/dt_model_Bukadra.pkl,regions/dubai/dt_model_Bukadra.pkl,EXCLUDE,Retain current GitHub main file unchanged; do not upload a local replacement.,RETAIN_MAIN,3c4d4ada7d6ff1ca35a26448f687a6dea61a6b9b,3c4d4ada7d6ff1ca35a26448f687a6dea61a6b9b,114593
regions/dubai/dt_model_Burj_Khalifa.pkl,regions/dubai/dt_model_Burj_Khalifa.pkl,EXCLUDE,Retain current GitHub main file unchanged; do not upload a local replacement.,RETAIN_MAIN,2ac2192628d81e1b20f467f5712a136aab0682d3,2ac2192628d81e1b20f467f5712a136aab0682d3,320801
regions/dubai/dt_model_Business_Bay.pkl,regions/dubai/dt_model_Business_Bay.pkl,EXCLUDE,Retain current GitHub main file unchanged; do not upload a local replacement.,RETAIN_MAIN,0a23a8497e33f97f86616c8b8b8d7072da4f6194,0a23a8497e33f97f86616c8b8b8d7072da4f6194,380993
regions/dubai/dt_model_Hadaeq_Sheikh_Mohammed_Bin_Rashid.pkl,regions/dubai/dt_model_Hadaeq_Sheikh_Mohammed_Bin_Rashid.pkl,EXCLUDE,Retain current GitHub main file unchanged; do not upload a local replacement.,RETAIN_MAIN,4a4663f0bf05dbd72ca231aafeb0fcdfe808c24d,4a4663f0bf05dbd72ca231aafeb0fcdfe808c24d,249233
regions/dubai/dt_model_Jabal_Ali_First.pkl,regions/dubai/dt_model_Jabal_Ali_First.pkl,EXCLUDE,Retain current GitHub main file unchanged; do not upload a local replacement.,RETAIN_MAIN,b46cc601fc2151dab11f5a63fce770faaf675bad,b46cc601fc2151dab11f5a63fce770faaf675bad,351473
regions/dubai/dt_model_Madinat_Al_Mataar.pkl,regions/dubai/dt_model_Madinat_Al_Mataar.pkl,EXCLUDE,Retain current GitHub main file unchanged; do not upload a local replacement.,RETAIN_MAIN,a5b4dc7326850a29809a90c2c25b1a30292a81c6,a5b4dc7326850a29809a90c2c25b1a30292a81c6,288113
regions/dubai/dt_model_Madinat_Dubai_Almelaheyah.pkl,regions/dubai/dt_model_Madinat_Dubai_Almelaheyah.pkl,EXCLUDE,Retain current GitHub main file unchanged; do not upload a local replacement.,RETAIN_MAIN,fde482a7407aff4bdf72b7e20fa82a339d69ee54,fde482a7407aff4bdf72b7e20fa82a339d69ee54,181553
regions/dubai/dt_model_Marsa_Dubai.pkl,regions/dubai/dt_model_Marsa_Dubai.pkl,EXCLUDE,Retain current GitHub main file unchanged; do not upload a local replacement.,RETAIN_MAIN,90f287a00deb3c91a135d231d54ecf5de9a6f2ff,90f287a00deb3c91a135d231d54ecf5de9a6f2ff,362561
regions/dubai/dt_model_Me'Aisem_First.pkl,regions/dubai/dt_model_Me'Aisem_First.pkl,EXCLUDE,Retain current GitHub main file unchanged; do not upload a local replacement.,RETAIN_MAIN,a5a7e55777c0c9dbaf44cf4613613370b5dc0158,a5a7e55777c0c9dbaf44cf4613613370b5dc0158,170177
regions/dubai/dt_model_Nadd_Hessa.pkl,regions/dubai/dt_model_Nadd_Hessa.pkl,EXCLUDE,Retain current GitHub main file unchanged; do not upload a local replacement.,RETAIN_MAIN,b44400f435d3a2767cc083fff170712ec9bf5acc,b44400f435d3a2767cc083fff170712ec9bf5acc,232817
regions/dubai/dt_model_Wadi_Al_Safa_5.pkl,regions/dubai/dt_model_Wadi_Al_Safa_5.pkl,EXCLUDE,Retain current GitHub main file unchanged; do not upload a local replacement.,RETAIN_MAIN,0a87d8483a2d079768b0845b205a83eccdb31a74,0a87d8483a2d079768b0845b205a83eccdb31a74,219425
regions/dubai/final_merged_dataset.csv,regions/dubai/final_merged_dataset.csv,EXCLUDE,Retain current GitHub main file unchanged; do not upload a local replacement.,RETAIN_MAIN,e4d3fd8acf2cc780b6d612f5a4b899a517a781c7,e4d3fd8acf2cc780b6d612f5a4b899a517a781c7,127890
regions/dubai/forcast_model_16_25.csv,regions/dubai/forcast_model_16_25.csv,EXCLUDE,Retain current GitHub main file unchanged; do not upload a local replacement.,RETAIN_MAIN,57966cb8f63e0349d5eac85855908b6e69a2ccbe,57966cb8f63e0349d5eac85855908b6e69a2ccbe,14036159
regions/dubai/forecast_lowess_all_areas.csv,regions/dubai/forecast_lowess_all_areas.csv,EXCLUDE,Retain current GitHub main file unchanged; do not upload a local replacement.,RETAIN_MAIN,4b36d7d78e96aaacb711e4b52fae03c51936058c,4b36d7d78e96aaacb711e4b52fae03c51936058c,52536
regions/dubai/forecast_lowess_all_areas1.csv,regions/dubai/forecast_lowess_all_areas1.csv,EXCLUDE,Retain current GitHub main file unchanged; do not upload a local replacement.,RETAIN_MAIN,8a6306358061c83e48a0434b285658e1010f53be,8a6306358061c83e48a0434b285658e1010f53be,42965
regions/dubai/forecast_lowess_all_areas_extended.csv,regions/dubai/forecast_lowess_all_areas_extended.csv,EXCLUDE,Retain current GitHub main file unchanged; do not upload a local replacement.,RETAIN_MAIN,296dc1b15edac550e9ffbe75b21fdfb364f8d023,296dc1b15edac550e9ffbe75b21fdfb364f8d023,52303
regions/dubai/hello,regions/dubai/hello,EXCLUDE,Retain current GitHub main file unchanged; do not upload a local replacement.,RETAIN_MAIN,8b137891791fe96927ad78e64b0aad7bded08bdc,8b137891791fe96927ad78e64b0aad7bded08bdc,1
regions/dubai/meter_sale_price&nearest_landmark_en_plot.html,regions/dubai/meter_sale_price&nearest_landmark_en_plot.html,EXCLUDE,Retain current GitHub main file unchanged; do not upload a local replacement.,RETAIN_MAIN,2bd2ec6dde814bf1aa37b58ce2e374731ad8e3e9,2bd2ec6dde814bf1aa37b58ce2e374731ad8e3e9,4569053
regions/dubai/meter_sale_price&nearest_mall_en_plot.html,regions/dubai/meter_sale_price&nearest_mall_en_plot.html,EXCLUDE,Retain current GitHub main file unchanged; do not upload a local replacement.,RETAIN_MAIN,5498ff0a820e897e9b3fb6336bc49520ad830ea0,5498ff0a820e897e9b3fb6336bc49520ad830ea0,4567914
regions/dubai/meter_sale_price&nearest_metro_en_plot.html,regions/dubai/meter_sale_price&nearest_metro_en_plot.html,EXCLUDE,Retain current GitHub main file unchanged; do not upload a local replacement.,RETAIN_MAIN,b3de43895ba00ca8cc6e6bcf46af1ec1e3a4f380,b3de43895ba00ca8cc6e6bcf46af1ec1e3a4f380,4574112
regions/dubai/meter_sale_price&procedure_name_en_plot.html,regions/dubai/meter_sale_price&procedure_name_en_plot.html,EXCLUDE,Retain current GitHub main file unchanged; do not upload a local replacement.,RETAIN_MAIN,77e610dfd14c17c40dc442ad1a1c8228edc6e1b7,77e610dfd14c17c40dc442ad1a1c8228edc6e1b7,4574212
regions/dubai/meter_sale_price&property_sub_type_en_plot.html,regions/dubai/meter_sale_price&property_sub_type_en_plot.html,EXCLUDE,Retain current GitHub main file unchanged; do not upload a local replacement.,RETAIN_MAIN,bd9fd60e224c493b57187af96adadb7cfb8f1a6a,bd9fd60e224c493b57187af96adadb7cfb8f1a6a,4568602
regions/dubai/meter_sale_price&property_type_en_plot.html,regions/dubai/meter_sale_price&property_type_en_plot.html,EXCLUDE,Retain current GitHub main file unchanged; do not upload a local replacement.,RETAIN_MAIN,2caf6ca2ceaa8b625bb11a153f9145a5147dc131,2caf6ca2ceaa8b625bb11a153f9145a5147dc131,4567502
regions/dubai/meter_sale_price&property_usage_en_plot.html,regions/dubai/meter_sale_price&property_usage_en_plot.html,EXCLUDE,Retain current GitHub main file unchanged; do not upload a local replacement.,RETAIN_MAIN,a4288c59bd53122ac17c6b3b4e0faabb882f8cdd,a4288c59bd53122ac17c6b3b4e0faabb882f8cdd,4568255
regions/dubai/meter_sale_price&reg_type_en_plot.html,regions/dubai/meter_sale_price&reg_type_en_plot.html,EXCLUDE,Retain current GitHub main file unchanged; do not upload a local replacement.,RETAIN_MAIN,960338e123cf5bf7d66af78ce41e57d743a0bce7,960338e123cf5bf7d66af78ce41e57d743a0bce7,4567564
regions/dubai/meter_sale_price&rooms_en_plot.html,regions/dubai/meter_sale_price&rooms_en_plot.html,EXCLUDE,Retain current GitHub main file unchanged; do not upload a local replacement.,RETAIN_MAIN,0a80e9f26b22e8e61742d33406e62e7810125bdc,0a80e9f26b22e8e61742d33406e62e7810125bdc,4568530
regions/dubai/meter_sale_price&trans_group_en_plot.html,regions/dubai/meter_sale_price&trans_group_en_plot.html,EXCLUDE,Retain current GitHub main file unchanged; do not upload a local replacement.,RETAIN_MAIN,77b85d33553947ac4202595cb1d254b339d8e0ac,77b85d33553947ac4202595cb1d254b339d8e0ac,4567555
regions/dubai/meter_sale_price_boxplot.html,regions/dubai/meter_sale_price_boxplot.html,EXCLUDE,Retain current GitHub main file unchanged; do not upload a local replacement.,RETAIN_MAIN,55f5ca14cbcf24190817cde3610aad9608fd3fb5,55f5ca14cbcf24190817cde3610aad9608fd3fb5,8728916
regions/dubai/meter_sale_price_table_final.xlsx,regions/dubai/meter_sale_price_table_final.xlsx,EXCLUDE,Retain current GitHub main file unchanged; do not upload a local replacement.,RETAIN_MAIN,3dd39ed62dcff8f4dd3911d2b558e487ef28e4fd,3dd39ed62dcff8f4dd3911d2b558e487ef28e4fd,10341
regions/dubai/meter_sale_price_with_boxplot.html,regions/dubai/meter_sale_price_with_boxplot.html,EXCLUDE,Retain current GitHub main file unchanged; do not upload a local replacement.,RETAIN_MAIN,f50ad6e0e1730fe569532c17ccda5c5189c011f1,f50ad6e0e1730fe569532c17ccda5c5189c011f1,15981161
regions/dubai/metrics_lowess_all_areas.csv,regions/dubai/metrics_lowess_all_areas.csv,EXCLUDE,Retain current GitHub main file unchanged; do not upload a local replacement.,RETAIN_MAIN,ebbe8d4afcbce354dbc58f4cbba860e59536f85f,ebbe8d4afcbce354dbc58f4cbba860e59536f85f,3452
regions/dubai/metrics_lowess_all_areas1.csv,regions/dubai/metrics_lowess_all_areas1.csv,EXCLUDE,Retain current GitHub main file unchanged; do not upload a local replacement.,RETAIN_MAIN,8cd0bf97eef660dddceed5db74219d3829583544,8cd0bf97eef660dddceed5db74219d3829583544,2884
regions/dubai/metrics_lowess_all_areas_extended.csv,regions/dubai/metrics_lowess_all_areas_extended.csv,EXCLUDE,Retain current GitHub main file unchanged; do not upload a local replacement.,RETAIN_MAIN,5df1b899bf816ecb274630e7e2d95c951aa71f2b,5df1b899bf816ecb274630e7e2d95c951aa71f2b,3450
regions/dubai/model_perfor_comparision.html,regions/dubai/model_perfor_comparision.html,EXCLUDE,Retain current GitHub main file unchanged; do not upload a local replacement.,RETAIN_MAIN,b47d23c16600d51ab83fe69e6df9e6aaaf53ab6a,b47d23c16600d51ab83fe69e6df9e6aaaf53ab6a,4567400
regions/dubai/new_tdf.xlsx,regions/dubai/new_tdf.xlsx,EXCLUDE,Retain current GitHub main file unchanged; do not upload a local replacement.,RETAIN_MAIN,1218404fdf521e3edb3015f6e177bf1d8d57154a,1218404fdf521e3edb3015f6e177bf1d8d57154a,17136
regions/dubai/notes.xlsx,regions/dubai/notes.xlsx,EXCLUDE,Retain current GitHub main file unchanged; do not upload a local replacement.,RETAIN_MAIN,5b5df9e79ed3d2bf6e8e682c3fb6b8a5001f247b,5b5df9e79ed3d2bf6e8e682c3fb6b8a5001f247b,8982
regions/dubai/onehot_encoder.pkl,regions/dubai/onehot_encoder.pkl,EXCLUDE,Retain current GitHub main file unchanged; do not upload a local replacement.,RETAIN_MAIN,ff1105cead71a7c657f64e808cacc29c937f209a,ff1105cead71a7c657f64e808cacc29c937f209a,826
regions/dubai/original_df_description_tables.xlsx,regions/dubai/original_df_description_tables.xlsx,EXCLUDE,Retain current GitHub main file unchanged; do not upload a local replacement.,RETAIN_MAIN,8213a13934259a5e8cd895e890a5d3dc57359743,8213a13934259a5e8cd895e890a5d3dc57359743,103575
regions/dubai/original_df_description_year.xlsx,regions/dubai/original_df_description_year.xlsx,EXCLUDE,Retain current GitHub main file unchanged; do not upload a local replacement.,RETAIN_MAIN,6d076f737f23bcb263130707fa1a69fc13b83014,6d076f737f23bcb263130707fa1a69fc13b83014,402501
regions/dubai/outliers.xlsx,regions/dubai/outliers.xlsx,EXCLUDE,Retain current GitHub main file unchanged; do not upload a local replacement.,RETAIN_MAIN,3922516e878a8ee5755af125fc12da108228b467,3922516e878a8ee5755af125fc12da108228b467,26367
regions/dubai/over_all_dataset.csv,regions/dubai/over_all_dataset.csv,EXCLUDE,Retain current GitHub main file unchanged; do not upload a local replacement.,RETAIN_MAIN,494c047ab34f4ac513b3d9c179c56f19b1b42281,494c047ab34f4ac513b3d9c179c56f19b1b42281,22713314
regions/dubai/over_all_dataset_og.csv,regions/dubai/over_all_dataset_og.csv,EXCLUDE,Retain current GitHub main file unchanged; do not upload a local replacement.,RETAIN_MAIN,7e95c874a2bade88f4a6708fc8af7875c7242f59,7e95c874a2bade88f4a6708fc8af7875c7242f59,24670390
regions/dubai/pareto_analysis_plot.html,regions/dubai/pareto_analysis_plot.html,EXCLUDE,Retain current GitHub main file unchanged; do not upload a local replacement.,RETAIN_MAIN,353a9d2a3a7c24f3215141684a0b8cf6151be55b,353a9d2a3a7c24f3215141684a0b8cf6151be55b,4581512
regions/dubai/pareto_df_22_25.csv,regions/dubai/pareto_df_22_25.csv,EXCLUDE,Retain current GitHub main file unchanged; do not upload a local replacement.,RETAIN_MAIN,15bf0d43f22238c948b13c678144b70aabd934c0,15bf0d43f22238c948b13c678144b70aabd934c0,2588
regions/dubai/pereto_analysis_file.xlsx,regions/dubai/pereto_analysis_file.xlsx,EXCLUDE,Retain current GitHub main file unchanged; do not upload a local replacement.,RETAIN_MAIN,1271ee53dd5103ee39cc0d4fb02c5f694823a6f6,1271ee53dd5103ee39cc0d4fb02c5f694823a6f6,39798
regions/dubai/pereto_analysis_only.xlsx,regions/dubai/pereto_analysis_only.xlsx,EXCLUDE,Retain current GitHub main file unchanged; do not upload a local replacement.,RETAIN_MAIN,e8290f897e1acfdc3a2f3de44bae0a7d4abe1c05,e8290f897e1acfdc3a2f3de44bae0a7d4abe1c05,33929
regions/dubai/plots_for_streamlit/.gitkeep,regions/dubai/plots_for_streamlit/.gitkeep,EXCLUDE,Retain current GitHub main file unchanged; do not upload a local replacement.,RETAIN_MAIN,4d6a3b44f49d40438deea0c8a83c0d34021efdaf,4d6a3b44f49d40438deea0c8a83c0d34021efdaf,12
regions/dubai/predicted_vs_actual_XGB_regressor.html,regions/dubai/predicted_vs_actual_XGB_regressor.html,EXCLUDE,Retain current GitHub main file unchanged; do not upload a local replacement.,RETAIN_MAIN,65a3d316ea80d28f90715fb83e4e3110793ebe90,65a3d316ea80d28f90715fb83e4e3110793ebe90,8791535
regions/dubai/predicted_vs_actual_decision_tree.html,regions/dubai/predicted_vs_actual_decision_tree.html,EXCLUDE,Retain current GitHub main file unchanged; do not upload a local replacement.,RETAIN_MAIN,37e8fbe2966d994844cf7446a89d5277230f3f40,37e8fbe2966d994844cf7446a89d5277230f3f40,9596066
regions/dubai/predicted_vs_actual_linear.html,regions/dubai/predicted_vs_actual_linear.html,EXCLUDE,Retain current GitHub main file unchanged; do not upload a local replacement.,RETAIN_MAIN,9e9a8f66b6b76c25592fb76a1350a1bba51ba617,9e9a8f66b6b76c25592fb76a1350a1bba51ba617,9602890
regions/dubai/procedure_area_boxplot.html,regions/dubai/procedure_area_boxplot.html,EXCLUDE,Retain current GitHub main file unchanged; do not upload a local replacement.,RETAIN_MAIN,8f82c30ce91fe4366523495b5bb9e0baffc119e0,8f82c30ce91fe4366523495b5bb9e0baffc119e0,7210119
regions/dubai/procedure_area_table_final.xlsx,regions/dubai/procedure_area_table_final.xlsx,EXCLUDE,Retain current GitHub main file unchanged; do not upload a local replacement.,RETAIN_MAIN,9af61798cfddf64c11d6b936886e327e89d1dddb,9af61798cfddf64c11d6b936886e327e89d1dddb,10429
regions/dubai/procedure_area_with_boxplot.html,regions/dubai/procedure_area_with_boxplot.html,EXCLUDE,Retain current GitHub main file unchanged; do not upload a local replacement.,RETAIN_MAIN,f9566dea25e4596374cda3fd5fe371f697725874,f9566dea25e4596374cda3fd5fe371f697725874,12175210
regions/dubai/quarterly_forecasts_with_CI.csv,regions/dubai/quarterly_forecasts_with_CI.csv,EXCLUDE,Retain current GitHub main file unchanged; do not upload a local replacement.,RETAIN_MAIN,5c589efd2e000dec50fe1d479f65c8607bab8b3c,5c589efd2e000dec50fe1d479f65c8607bab8b3c,10945
regions/dubai/requirements.txt,regions/dubai/requirements.txt,EXCLUDE,Retain current GitHub main file unchanged; do not upload a local replacement.,RETAIN_MAIN,7498a14d7d2cb3cc0be27b87dee307cb38bd39fd,7498a14d7d2cb3cc0be27b87dee307cb38bd39fd,107
regions/dubai/sample_df.csv,regions/dubai/sample_df.csv,EXCLUDE,Retain current GitHub main file unchanged; do not upload a local replacement.,RETAIN_MAIN,56f71e4cd40ddf614602075f320cb56651b85fd2,56f71e4cd40ddf614602075f320cb56651b85fd2,2779790
regions/dubai/sarima_model_summary_all_areas.csv,regions/dubai/sarima_model_summary_all_areas.csv,EXCLUDE,Retain current GitHub main file unchanged; do not upload a local replacement.,RETAIN_MAIN,e30463b861e8bdb8c1464c3c2a797b47180d232b,e30463b861e8bdb8c1464c3c2a797b47180d232b,33669
regions/dubai/sarima_model_summary_all_areas1.csv,regions/dubai/sarima_model_summary_all_areas1.csv,EXCLUDE,Retain current GitHub main file unchanged; do not upload a local replacement.,RETAIN_MAIN,2be34f948e09aa95949f5d8af1ac5d5a90c9bfe7,2be34f948e09aa95949f5d8af1ac5d5a90c9bfe7,29023
regions/dubai/sarima_model_summary_all_areas_extended.csv,regions/dubai/sarima_model_summary_all_areas_extended.csv,EXCLUDE,Retain current GitHub main file unchanged; do not upload a local replacement.,RETAIN_MAIN,e8f562ee40b01ff8efe71b6f905673f5251b8241,e8f562ee40b01ff8efe71b6f905673f5251b8241,33413
regions/dubai/sector_name_Output.xlsx,regions/dubai/sector_name_Output.xlsx,EXCLUDE,Retain current GitHub main file unchanged; do not upload a local replacement.,RETAIN_MAIN,5d55c043f8334b242fd3f61dde9aa47a23668553,5d55c043f8334b242fd3f61dde9aa47a23668553,29386
regions/dubai/table_stats_bivariate.xlsx,regions/dubai/table_stats_bivariate.xlsx,EXCLUDE,Retain current GitHub main file unchanged; do not upload a local replacement.,RETAIN_MAIN,b01e4eaafc74ea1ae8620dd71b71eb5b6268931a,b01e4eaafc74ea1ae8620dd71b71eb5b6268931a,68981
regions/dubai/target_df.csv,regions/dubai/target_df.csv,EXCLUDE,Retain current GitHub main file unchanged; do not upload a local replacement.,RETAIN_MAIN,4ed785e1bde73c83f66635a0497e923eeebb9bbc,4ed785e1bde73c83f66635a0497e923eeebb9bbc,26181375
regions/dubai/test_data_20 areas.csv,regions/dubai/test_data_20 areas.csv,EXCLUDE,Retain current GitHub main file unchanged; do not upload a local replacement.,RETAIN_MAIN,3207c7716314c3b703a81a51ad256663a50db337,3207c7716314c3b703a81a51ad256663a50db337,3431883
regions/dubai/test_data_20 areas_1.csv,regions/dubai/test_data_20 areas_1.csv,EXCLUDE,Retain current GitHub main file unchanged; do not upload a local replacement.,RETAIN_MAIN,f3c3f6d091ad1fcb57eb26b047f3188638b28c98,f3c3f6d091ad1fcb57eb26b047f3188638b28c98,363917
regions/dubai/test_data_24_Q4.csv,regions/dubai/test_data_24_Q4.csv,EXCLUDE,Retain current GitHub main file unchanged; do not upload a local replacement.,RETAIN_MAIN,8280b9184270e4de0e8b8aa4e3a204447c694a1a,8280b9184270e4de0e8b8aa4e3a204447c694a1a,52780
regions/dubai/testing.py,regions/dubai/testing.py,EXCLUDE,Retain current GitHub main file unchanged; do not upload a local replacement.,RETAIN_MAIN,c2d0802e971a6b3e2e218fbcb75da333d4ca9540,c2d0802e971a6b3e2e218fbcb75da333d4ca9540,31310
regions/dubai/testing_df_areas_500.csv,regions/dubai/testing_df_areas_500.csv,EXCLUDE,Retain current GitHub main file unchanged; do not upload a local replacement.,RETAIN_MAIN,f5070dd0a5d64a6bc2045eb480cbde6b858d6e15,f5070dd0a5d64a6bc2045eb480cbde6b858d6e15,744552
regions/dubai/train_columns.pkl,regions/dubai/train_columns.pkl,EXCLUDE,Retain current GitHub main file unchanged; do not upload a local replacement.,RETAIN_MAIN,4fb7677a0c9f5ac1bac5b947e9074560d528b979,4fb7677a0c9f5ac1bac5b947e9074560d528b979,492
regions/dubai/trial.py,regions/dubai/trial.py,EXCLUDE,Retain current GitHub main file unchanged; do not upload a local replacement.,RETAIN_MAIN,f44a263d53d7a67ca32bc1576680d36c6daab68a,f44a263d53d7a67ca32bc1576680d36c6daab68a,234064
regions/dubai/unit_balcony_area_boxplot.html,regions/dubai/unit_balcony_area_boxplot.html,EXCLUDE,Retain current GitHub main file unchanged; do not upload a local replacement.,RETAIN_MAIN,c6593e6afb0f708fc7a2a99b345f3b1177cabfca,c6593e6afb0f708fc7a2a99b345f3b1177cabfca,7008464
regions/dubai/units_20.xlsx,regions/dubai/units_20.xlsx,EXCLUDE,Retain current GitHub main file unchanged; do not upload a local replacement.,RETAIN_MAIN,e77a489557355ee9894790d834df0c5ff28283e8,e77a489557355ee9894790d834df0c5ff28283e8,8666
regions/dubai_market/__init__.py,regions/dubai_market/__init__.py,EXCLUDE,Retain current GitHub main file unchanged; do not upload a local replacement.,RETAIN_MAIN,1305cd906696149ef5177a58dc3fc26ea1e839df,1305cd906696149ef5177a58dc3fc26ea1e839df,704
regions/dubai_market/chart_info.py,regions/dubai_market/chart_info.py,EXCLUDE,Retain current GitHub main file unchanged; do not upload a local replacement.,RETAIN_MAIN,dc48d367adf645c89b12890dbd0090b592417a3e,dc48d367adf645c89b12890dbd0090b592417a3e,161574
regions/dubai_market/charts.py,regions/dubai_market/charts.py,EXCLUDE,Retain current GitHub main file unchanged; do not upload a local replacement.,RETAIN_MAIN,1478bdbb9d0d4254a978871b65f4bbd6b1c49634,1478bdbb9d0d4254a978871b65f4bbd6b1c49634,65986
regions/dubai_market/dashboard.py,regions/dubai_market/dashboard.py,MODIFY,Apply only the Stage 18 integration delta; keep GitHub branding and other existing behavior.,SOURCE,e9ad1fdcc5cd8a632751a8d0baa645650dd1eed9,68ea047ac969d7ad1d789d75b5c4efea3f203514,82524
regions/dubai_market/data.py,regions/dubai_market/data.py,EXCLUDE,Retain current GitHub main file unchanged; do not upload a local replacement.,RETAIN_MAIN,978472aaa95eb2f735d7d4a69fd30571bbec2546,978472aaa95eb2f735d7d4a69fd30571bbec2546,16176
regions/dubai_market/forecast_api.py,regions/dubai_market/forecast_api.py,EXCLUDE,Retain current GitHub main file unchanged; do not upload a local replacement.,RETAIN_MAIN,533f72b1976099c433e73a05cd3784998a65a34d,533f72b1976099c433e73a05cd3784998a65a34d,23902
regions/dubai_market/forecast_ui.py,regions/dubai_market/forecast_ui.py,EXCLUDE,Retain current GitHub main file unchanged; do not upload a local replacement.,RETAIN_MAIN,dc4b441094f03de265485a4e1667719a07b3e51b,dc4b441094f03de265485a4e1667719a07b3e51b,26147
regions/dubai_market/metrics.py,regions/dubai_market/metrics.py,EXCLUDE,Retain current GitHub main file unchanged; do not upload a local replacement.,RETAIN_MAIN,b35a7534aede4c170ccd5049a2d870aa443be097,b35a7534aede4c170ccd5049a2d870aa443be097,74440
regions/rak/__init__.py,regions/rak/__init__.py,EXCLUDE,Retain current GitHub main file unchanged; do not upload a local replacement.,RETAIN_MAIN,5b0d565ebccabc7fcbc0104d741ffe37ec9dfa93,5b0d565ebccabc7fcbc0104d741ffe37ec9dfa93,812
regions/rak/charts.py,regions/rak/charts.py,EXCLUDE,Retain current GitHub main file unchanged; do not upload a local replacement.,RETAIN_MAIN,537a9ba9e6a4509d2917f9c7e494f3d0f05c24b9,537a9ba9e6a4509d2917f9c7e494f3d0f05c24b9,17781
regions/rak/dashboard.py,regions/rak/dashboard.py,EXCLUDE,Retain current GitHub main file unchanged; do not upload a local replacement.,RETAIN_MAIN,87814969bc9910850459e94f7d644193f0c3c0e2,87814969bc9910850459e94f7d644193f0c3c0e2,25844
regions/rak/sources.py,regions/rak/sources.py,EXCLUDE,Retain current GitHub main file unchanged; do not upload a local replacement.,RETAIN_MAIN,a00d0a374515359bdfb25484514ac5284b81f135,a00d0a374515359bdfb25484514ac5284b81f135,41314
regions/sharjah/__init__.py,regions/sharjah/__init__.py,EXCLUDE,Retain current GitHub main file unchanged; do not upload a local replacement.,RETAIN_MAIN,cfe20b1d425f92f777c53ebbb4d1e1364c2111e5,cfe20b1d425f92f777c53ebbb4d1e1364c2111e5,677
regions/sharjah/charts.py,regions/sharjah/charts.py,EXCLUDE,Retain current GitHub main file unchanged; do not upload a local replacement.,RETAIN_MAIN,0d16eb6d32e4ea81e34634bd8c5b0a2c4ab8d333,0d16eb6d32e4ea81e34634bd8c5b0a2c4ab8d333,8358
regions/sharjah/dashboard.py,regions/sharjah/dashboard.py,EXCLUDE,Retain current GitHub main file unchanged; do not upload a local replacement.,RETAIN_MAIN,17f7724f7673fd957b45f96d25c5c08e3109f4dd,17f7724f7673fd957b45f96d25c5c08e3109f4dd,13343
regions/sharjah/sources.py,regions/sharjah/sources.py,EXCLUDE,Retain current GitHub main file unchanged; do not upload a local replacement.,RETAIN_MAIN,73dcfa5106a019dfa7b903e36a78175961dbd33c,73dcfa5106a019dfa7b903e36a78175961dbd33c,30435
requirements.txt,requirements.txt,MODIFY,"Apply the reviewed dependency, documentation or exclusion change.",SOURCE,5e726420f4311e86efac75896b3b73f005b32658,3d3d5cf824fdc1fc7cafd03285a27ad0bed57782,3437
setup_local.sh,setup_local.sh,EXCLUDE,Retain current GitHub main file unchanged; do not upload a local replacement.,RETAIN_MAIN,84ce1fc7bc65712868799c33b9ff72784bbec5f3,84ce1fc7bc65712868799c33b9ff72784bbec5f3,4752
streamlit_app.py,streamlit_app.py,MODIFY,Retain the entire main import guard and add the controlled artifact startup hook.,SOURCE,056f5e48b794231ad6075cafa1184b8f777d0ce5,9fb8d77cb002170331fe4d9cd08267d195aa07aa,7583
tests/README.md,tests/README.md,EXCLUDE,Retain current GitHub main file unchanged; do not upload a local replacement.,RETAIN_MAIN,bfcf6453507c7f6de861720979d6143a0bd59ff8,bfcf6453507c7f6de861720979d6143a0bd59ff8,1209
tests/verify_dubai_changes.py,tests/verify_dubai_changes.py,EXCLUDE,Retain current GitHub main file unchanged; do not upload a local replacement.,RETAIN_MAIN,39fb06874dd82fe35aa64fa049b5c72c554ffe00,39fb06874dd82fe35aa64fa049b5c72c554ffe00,39728
tests/verify_dubai_numbers.py,tests/verify_dubai_numbers.py,EXCLUDE,Retain current GitHub main file unchanged; do not upload a local replacement.,RETAIN_MAIN,577895284338350e59d55d09a33a07d50561e98c,577895284338350e59d55d09a33a07d50561e98c,7574
tests/verify_forecast_api.py,tests/verify_forecast_api.py,EXCLUDE,Retain current GitHub main file unchanged; do not upload a local replacement.,RETAIN_MAIN,aa2f0866e91caf30463df21021077b9d66b384db,aa2f0866e91caf30463df21021077b9d66b384db,7867
tests/verify_forecast_integration.py,tests/verify_forecast_integration.py,EXCLUDE,Retain current GitHub main file unchanged; do not upload a local replacement.,RETAIN_MAIN,25a94beea2ad4df470adb77809f34ce227d21e4e,25a94beea2ad4df470adb77809f34ce227d21e4e,16657
tests/verify_notebook_and_doc.py,tests/verify_notebook_and_doc.py,EXCLUDE,Retain current GitHub main file unchanged; do not upload a local replacement.,RETAIN_MAIN,29acdbf6b2d07673e7b8e784b0e5b4948ce87947,29acdbf6b2d07673e7b8e784b0e5b4948ce87947,12502
tests/verify_rak_data.py,tests/verify_rak_data.py,EXCLUDE,Retain current GitHub main file unchanged; do not upload a local replacement.,RETAIN_MAIN,bd1d0f8c3bf66b8751c90d4ad670a4600b1e2daf,bd1d0f8c3bf66b8751c90d4ad670a4600b1e2daf,16313
tests/verify_sharjah_data.py,tests/verify_sharjah_data.py,EXCLUDE,Retain current GitHub main file unchanged; do not upload a local replacement.,RETAIN_MAIN,3a45078f34f86f6fd15eaee4b5e03ce71cae7e70,3a45078f34f86f6fd15eaee4b5e03ce71cae7e70,17335
tests/verify_v14_changes.py,tests/verify_v14_changes.py,EXCLUDE,Retain current GitHub main file unchanged; do not upload a local replacement.,RETAIN_MAIN,be44cb691ab2548e9ffaca21f46f240126d00b34,be44cb691ab2548e9ffaca21f46f240126d00b34,19396
tools/build_chart_reference_docx.js,tools/build_chart_reference_docx.js,EXCLUDE,Retain current GitHub main file unchanged; do not upload a local replacement.,RETAIN_MAIN,5dd7084e4f799b3b5f8de8f4aabbbfc679f31454,5dd7084e4f799b3b5f8de8f4aabbbfc679f31454,48649
tools/build_chart_reference_docx.py,tools/build_chart_reference_docx.py,EXCLUDE,Retain current GitHub main file unchanged; do not upload a local replacement.,RETAIN_MAIN,16e0cdba05a5ee1cd226a572641d3345ac7ded99,16e0cdba05a5ee1cd226a572641d3345ac7ded99,20186
tools/build_dubai_provenance.py,tools/build_dubai_provenance.py,EXCLUDE,Retain current GitHub main file unchanged; do not upload a local replacement.,RETAIN_MAIN,d1ea427538af0f9b02c20d18bdddd9be294b6653,d1ea427538af0f9b02c20d18bdddd9be294b6653,6259
tools/build_experimental_manifest.py,tools/build_experimental_manifest.py,EXCLUDE,Retain current GitHub main file unchanged; do not upload a local replacement.,RETAIN_MAIN,350306f1f173e72d330a2872f5a6624a429a2068,350306f1f173e72d330a2872f5a6624a429a2068,3900
tools/build_raw_counts.py,tools/build_raw_counts.py,EXCLUDE,Retain current GitHub main file unchanged; do not upload a local replacement.,RETAIN_MAIN,255dbf31c5934e5542b1ad692e0292f8be58bf55,255dbf31c5934e5542b1ad692e0292f8be58bf55,2469
.env* / .streamlit/secrets.toml,—,EXCLUDE,Never commit real secrets.,EXCLUSION_PATTERN,,,
**/*.db / *.sqlite* / *-wal / *-shm,—,EXCLUDE,Runtime and test databases are not source files.,EXCLUSION_PATTERN,,,
**/__pycache__/** / *.pyc / .venv/** / venv/**,—,EXCLUDE,Machine-local caches/environments.,EXCLUSION_PATTERN,,,
**/.DS_Store / .pytest_cache/**,—,EXCLUDE,Mac and test metadata.,EXCLUSION_PATTERN,,,
intelligence/tests/** / intelligence/validation/** / intelligence/benchmarks/**,—,EXCLUDE,"Tests, synthetic fixtures and experiment/validation outputs remain local.",EXCLUSION_PATTERN,,,
data/intelligence/** / data/production_intelligence/**,—,EXCLUDE,Publisher history and runtime data are outside source commits.,EXCLUSION_PATTERN,,,
